set,graph,n,k,pop,gww,seed,iter,record,t
random,gnp1000_7,1000,5,128,0,2,1,185592,0.002
random,gnp1000_7,1000,5,128,0,2,2,185482,0.004
random,gnp1000_7,1000,5,128,0,2,3,185393,0.005
random,gnp1000_7,1000,5,128,0,2,5,185137,0.007
random,gnp1000_7,1000,5,128,0,2,7,185015,0.01
random,gnp1000_7,1000,5,128,0,2,10,184939,0.013
random,gnp1000_7,1000,5,128,0,2,15,184835,0.019
random,gnp1000_7,1000,5,128,0,2,20,184745,0.025
random,gnp1000_7,1000,5,128,0,2,30,184670,0.036
random,gnp1000_7,1000,5,128,0,2,50,184611,0.06
random,gnp1000_7,1000,5,128,0,2,70,184559,0.082
random,gnp1000_7,1000,5,128,0,2,100,184545,0.116
random,gnp1000_7,1000,5,128,0,2,150,184479,0.171
random,gnp1000_7,1000,5,128,0,2,200,184405,0.258
random,gnp1000_7,1000,5,128,0,2,300,184402,0.37
random,gnp1000_7,1000,5,128,0,2,500,184398,0.595
random,gnp1000_7,1000,5,128,0,2,700,184397,0.817
random,gnp1000_7,1000,5,128,0,2,1000,184397,1.153
random,gnp1000_7,1000,5,128,0,3,1,185653,0.002
random,gnp1000_7,1000,5,128,0,3,2,185394,0.004
random,gnp1000_7,1000,5,128,0,3,3,185378,0.005
random,gnp1000_7,1000,5,128,0,3,5,185149,0.007
random,gnp1000_7,1000,5,128,0,3,7,185015,0.01
random,gnp1000_7,1000,5,128,0,3,10,184949,0.013
random,gnp1000_7,1000,5,128,0,3,15,184871,0.019
random,gnp1000_7,1000,5,128,0,3,20,184806,0.026
random,gnp1000_7,1000,5,128,0,3,30,184787,0.038
random,gnp1000_7,1000,5,128,0,3,50,184681,0.061
random,gnp1000_7,1000,5,128,0,3,70,184626,0.085
random,gnp1000_7,1000,5,128,0,3,100,184626,0.119
random,gnp1000_7,1000,5,128,0,3,150,184624,0.176
random,gnp1000_7,1000,5,128,0,3,200,184567,0.232
random,gnp1000_7,1000,5,128,0,3,300,184547,0.344
random,gnp1000_7,1000,5,128,0,3,500,184545,0.569
random,gnp1000_7,1000,5,128,0,3,700,184537,0.792
random,gnp1000_7,1000,5,128,0,3,1000,184487,1.128
random,gnp1000_7,1000,5,128,0,4,1,185613,0.003
random,gnp1000_7,1000,5,128,0,4,2,185441,0.004
random,gnp1000_7,1000,5,128,0,4,3,185273,0.005
random,gnp1000_7,1000,5,128,0,4,5,185152,0.009
random,gnp1000_7,1000,5,128,0,4,7,185093,0.011
random,gnp1000_7,1000,5,128,0,4,10,184933,0.014
random,gnp1000_7,1000,5,128,0,4,15,184803,0.021
random,gnp1000_7,1000,5,128,0,4,20,184789,0.026
random,gnp1000_7,1000,5,128,0,4,30,184730,0.037
random,gnp1000_7,1000,5,128,0,4,50,184689,0.06
random,gnp1000_7,1000,5,128,0,4,70,184591,0.083
random,gnp1000_7,1000,5,128,0,4,100,184491,0.116
random,gnp1000_7,1000,5,128,0,4,150,184381,0.172
random,gnp1000_7,1000,5,128,0,4,200,184344,0.226
random,gnp1000_7,1000,5,128,0,4,300,184335,0.336
random,gnp1000_7,1000,5,128,0,4,500,184331,0.556
random,gnp1000_7,1000,5,128,0,4,700,184331,0.775
random,gnp1000_7,1000,5,128,0,4,1000,184331,1.107
random,gnp1000_7,1000,5,128,0,5,1,185575,0.002
random,gnp1000_7,1000,5,128,0,5,2,185318,0.004
random,gnp1000_7,1000,5,128,0,5,3,185313,0.005
random,gnp1000_7,1000,5,128,0,5,5,185202,0.007
random,gnp1000_7,1000,5,128,0,5,7,185076,0.01
random,gnp1000_7,1000,5,128,0,5,10,185060,0.013
random,gnp1000_7,1000,5,128,0,5,15,184947,0.02
random,gnp1000_7,1000,5,128,0,5,20,184841,0.026
random,gnp1000_7,1000,5,128,0,5,30,184687,0.037
random,gnp1000_7,1000,5,128,0,5,50,184627,0.059
random,gnp1000_7,1000,5,128,0,5,70,184579,0.082
random,gnp1000_7,1000,5,128,0,5,100,184536,0.115
random,gnp1000_7,1000,5,128,0,5,150,184518,0.172
random,gnp1000_7,1000,5,128,0,5,200,184511,0.226
random,gnp1000_7,1000,5,128,0,5,300,184446,0.338
random,gnp1000_7,1000,5,128,0,5,500,184435,0.559
random,gnp1000_7,1000,5,128,0,5,700,184435,0.781
random,gnp1000_7,1000,5,128,0,5,1000,184433,1.114
random,gnp1000_7,1000,5,128,0,6,1,185579,0.002
random,gnp1000_7,1000,5,128,0,6,2,185532,0.004
random,gnp1000_7,1000,5,128,0,6,3,185311,0.005
random,gnp1000_7,1000,5,128,0,6,5,185099,0.007
random,gnp1000_7,1000,5,128,0,6,7,184952,0.01
random,gnp1000_7,1000,5,128,0,6,10,184783,0.013
random,gnp1000_7,1000,5,128,0,6,15,184768,0.02
random,gnp1000_7,1000,5,128,0,6,20,184768,0.026
random,gnp1000_7,1000,5,128,0,6,30,184659,0.037
random,gnp1000_7,1000,5,128,0,6,50,184649,0.059
random,gnp1000_7,1000,5,128,0,6,70,184611,0.082
random,gnp1000_7,1000,5,128,0,6,100,184574,0.115
random,gnp1000_7,1000,5,128,0,6,150,184489,0.172
random,gnp1000_7,1000,5,128,0,6,200,184481,0.227
random,gnp1000_7,1000,5,128,0,6,300,184481,0.338
random,gnp1000_7,1000,5,128,0,6,500,184417,0.565
random,gnp1000_7,1000,5,128,0,6,700,184415,0.791
random,gnp1000_7,1000,5,128,0,6,1000,184415,1.126
random,gnp1000_7,1000,5,128,0,7,1,185653,0.002
random,gnp1000_7,1000,5,128,0,7,2,185347,0.004
random,gnp1000_7,1000,5,128,0,7,3,185305,0.005
random,gnp1000_7,1000,5,128,0,7,5,185126,0.007
random,gnp1000_7,1000,5,128,0,7,7,185122,0.01
random,gnp1000_7,1000,5,128,0,7,10,185039,0.013
random,gnp1000_7,1000,5,128,0,7,15,184918,0.019
random,gnp1000_7,1000,5,128,0,7,20,184873,0.026
random,gnp1000_7,1000,5,128,0,7,30,184767,0.038
random,gnp1000_7,1000,5,128,0,7,50,184607,0.06
random,gnp1000_7,1000,5,128,0,7,70,184551,0.083
random,gnp1000_7,1000,5,128,0,7,100,184491,0.116
random,gnp1000_7,1000,5,128,0,7,150,184437,0.172
random,gnp1000_7,1000,5,128,0,7,200,184393,0.227
random,gnp1000_7,1000,5,128,0,7,300,184393,0.336
random,gnp1000_7,1000,5,128,0,7,500,184387,0.558
random,gnp1000_7,1000,5,128,0,7,700,184372,0.78
random,gnp1000_7,1000,5,128,0,7,1000,184372,1.112
random,gnp1000_7,1000,5,128,0,8,1,185503,0.002
random,gnp1000_7,1000,5,128,0,8,2,185348,0.004
random,gnp1000_7,1000,5,128,0,8,3,185348,0.005
random,gnp1000_7,1000,5,128,0,8,5,185180,0.007
random,gnp1000_7,1000,5,128,0,8,7,185056,0.01
random,gnp1000_7,1000,5,128,0,8,10,185056,0.013
random,gnp1000_7,1000,5,128,0,8,15,184860,0.019
random,gnp1000_7,1000,5,128,0,8,20,184822,0.026
random,gnp1000_7,1000,5,128,0,8,30,184692,0.037
random,gnp1000_7,1000,5,128,0,8,50,184591,0.06
random,gnp1000_7,1000,5,128,0,8,70,184525,0.083
random,gnp1000_7,1000,5,128,0,8,100,184509,0.116
random,gnp1000_7,1000,5,128,0,8,150,184497,0.172
random,gnp1000_7,1000,5,128,0,8,200,184477,0.227
random,gnp1000_7,1000,5,128,0,8,300,184468,0.337
random,gnp1000_7,1000,5,128,0,8,500,184454,0.562
random,gnp1000_7,1000,5,128,0,8,700,184454,0.782
random,gnp1000_7,1000,5,128,0,8,1000,184454,1.117
random,gnp1000_7,1000,5,128,0,9,1,185789,0.002
random,gnp1000_7,1000,5,128,0,9,2,185571,0.004
random,gnp1000_7,1000,5,128,0,9,3,185440,0.005
random,gnp1000_7,1000,5,128,0,9,5,185171,0.007
random,gnp1000_7,1000,5,128,0,9,7,185147,0.01
random,gnp1000_7,1000,5,128,0,9,10,184985,0.013
random,gnp1000_7,1000,5,128,0,9,15,184929,0.019
random,gnp1000_7,1000,5,128,0,9,20,184841,0.025
random,gnp1000_7,1000,5,128,0,9,30,184787,0.037
random,gnp1000_7,1000,5,128,0,9,50,184714,0.059
random,gnp1000_7,1000,5,128,0,9,70,184665,0.082
random,gnp1000_7,1000,5,128,0,9,100,184614,0.115
random,gnp1000_7,1000,5,128,0,9,150,184552,0.172
random,gnp1000_7,1000,5,128,0,9,200,184552,0.228
random,gnp1000_7,1000,5,128,0,9,300,184552,0.341
random,gnp1000_7,1000,5,128,0,9,500,184524,0.564
random,gnp1000_7,1000,5,128,0,9,700,184482,0.788
random,gnp1000_7,1000,5,128,0,9,1000,184455,1.122
random,gnp1000_7,1000,5,128,0.1,2,1,185592,0.003
random,gnp1000_7,1000,5,128,0.1,2,2,185482,0.004
random,gnp1000_7,1000,5,128,0.1,2,3,185301,0.005
random,gnp1000_7,1000,5,128,0.1,2,5,185137,0.008
random,gnp1000_7,1000,5,128,0.1,2,7,185009,0.01
random,gnp1000_7,1000,5,128,0.1,2,10,184935,0.014
random,gnp1000_7,1000,5,128,0.1,2,15,184855,0.019
random,gnp1000_7,1000,5,128,0.1,2,20,184717,0.025
random,gnp1000_7,1000,5,128,0.1,2,30,184551,0.036
random,gnp1000_7,1000,5,128,0.1,2,50,184500,0.059
random,gnp1000_7,1000,5,128,0.1,2,70,184481,0.081
random,gnp1000_7,1000,5,128,0.1,2,100,184479,0.114
random,gnp1000_7,1000,5,128,0.1,2,150,184479,0.172
random,gnp1000_7,1000,5,128,0.1,2,200,184479,0.23
random,gnp1000_7,1000,5,128,0.1,2,300,184469,0.346
random,gnp1000_7,1000,5,128,0.1,2,500,184469,0.577
random,gnp1000_7,1000,5,128,0.1,2,700,184469,0.806
random,gnp1000_7,1000,5,128,0.1,2,1000,184469,1.148
random,gnp1000_7,1000,5,128,0.1,3,1,185653,0.002
random,gnp1000_7,1000,5,128,0.1,3,2,185394,0.004
random,gnp1000_7,1000,5,128,0.1,3,3,185378,0.005
random,gnp1000_7,1000,5,128,0.1,3,5,185133,0.007
random,gnp1000_7,1000,5,128,0.1,3,7,184988,0.01
random,gnp1000_7,1000,5,128,0.1,3,10,184919,0.014
random,gnp1000_7,1000,5,128,0.1,3,15,184830,0.02
random,gnp1000_7,1000,5,128,0.1,3,20,184793,0.026
random,gnp1000_7,1000,5,128,0.1,3,30,184687,0.037
random,gnp1000_7,1000,5,128,0.1,3,50,184643,0.06
random,gnp1000_7,1000,5,128,0.1,3,70,184606,0.084
random,gnp1000_7,1000,5,128,0.1,3,100,184588,0.119
random,gnp1000_7,1000,5,128,0.1,3,150,184582,0.177
random,gnp1000_7,1000,5,128,0.1,3,200,184579,0.234
random,gnp1000_7,1000,5,128,0.1,3,300,184579,0.351
random,gnp1000_7,1000,5,128,0.1,3,500,184561,0.58
random,gnp1000_7,1000,5,128,0.1,3,700,184561,0.806
random,gnp1000_7,1000,5,128,0.1,3,1000,184561,1.15
random,gnp1000_7,1000,5,128,0.1,4,1,185613,0.002
random,gnp1000_7,1000,5,128,0.1,4,2,185441,0.004
random,gnp1000_7,1000,5,128,0.1,4,3,185266,0.005
random,gnp1000_7,1000,5,128,0.1,4,5,185152,0.007
random,gnp1000_7,1000,5,128,0.1,4,7,185024,0.01
random,gnp1000_7,1000,5,128,0.1,4,10,184903,0.013
random,gnp1000_7,1000,5,128,0.1,4,15,184762,0.019
random,gnp1000_7,1000,5,128,0.1,4,20,184743,0.025
random,gnp1000_7,1000,5,128,0.1,4,30,184705,0.036
random,gnp1000_7,1000,5,128,0.1,4,50,184684,0.059
random,gnp1000_7,1000,5,128,0.1,4,70,184677,0.082
random,gnp1000_7,1000,5,128,0.1,4,100,184657,0.116
random,gnp1000_7,1000,5,128,0.1,4,150,184656,0.174
random,gnp1000_7,1000,5,128,0.1,4,200,184656,0.231
random,gnp1000_7,1000,5,128,0.1,4,300,184656,0.345
random,gnp1000_7,1000,5,128,0.1,4,500,184656,0.575
random,gnp1000_7,1000,5,128,0.1,4,700,184638,0.804
random,gnp1000_7,1000,5,128,0.1,4,1000,184635,1.15
random,gnp1000_7,1000,5,128,0.1,5,1,185575,0.002
random,gnp1000_7,1000,5,128,0.1,5,2,185318,0.004
random,gnp1000_7,1000,5,128,0.1,5,3,185313,0.005
random,gnp1000_7,1000,5,128,0.1,5,5,185188,0.007
random,gnp1000_7,1000,5,128,0.1,5,7,185076,0.01
random,gnp1000_7,1000,5,128,0.1,5,10,184981,0.013
random,gnp1000_7,1000,5,128,0.1,5,15,184829,0.019
random,gnp1000_7,1000,5,128,0.1,5,20,184767,0.025
random,gnp1000_7,1000,5,128,0.1,5,30,184672,0.037
random,gnp1000_7,1000,5,128,0.1,5,50,184631,0.06
random,gnp1000_7,1000,5,128,0.1,5,70,184579,0.083
random,gnp1000_7,1000,5,128,0.1,5,100,184563,0.116
random,gnp1000_7,1000,5,128,0.1,5,150,184563,0.174
random,gnp1000_7,1000,5,128,0.1,5,200,184563,0.23
random,gnp1000_7,1000,5,128,0.1,5,300,184563,0.344
random,gnp1000_7,1000,5,128,0.1,5,500,184563,0.576
random,gnp1000_7,1000,5,128,0.1,5,700,184563,0.808
random,gnp1000_7,1000,5,128,0.1,5,1000,184563,1.161
random,gnp1000_7,1000,5,128,0.1,6,1,185579,0.002
random,gnp1000_7,1000,5,128,0.1,6,2,185531,0.004
random,gnp1000_7,1000,5,128,0.1,6,3,185311,0.005
random,gnp1000_7,1000,5,128,0.1,6,5,185040,0.008
random,gnp1000_7,1000,5,128,0.1,6,7,184958,0.011
random,gnp1000_7,1000,5,128,0.1,6,10,184813,0.014
random,gnp1000_7,1000,5,128,0.1,6,15,184670,0.021
random,gnp1000_7,1000,5,128,0.1,6,20,184604,0.027
random,gnp1000_7,1000,5,128,0.1,6,30,184553,0.039
random,gnp1000_7,1000,5,128,0.1,6,50,184553,0.062
random,gnp1000_7,1000,5,128,0.1,6,70,184553,0.085
random,gnp1000_7,1000,5,128,0.1,6,100,184553,0.121
random,gnp1000_7,1000,5,128,0.1,6,150,184544,0.179
random,gnp1000_7,1000,5,128,0.1,6,200,184544,0.237
random,gnp1000_7,1000,5,128,0.1,6,300,184544,0.35
random,gnp1000_7,1000,5,128,0.1,6,500,184538,0.584
random,gnp1000_7,1000,5,128,0.1,6,700,184538,0.816
random,gnp1000_7,1000,5,128,0.1,6,1000,184538,1.164
random,gnp1000_7,1000,5,128,0.1,7,1,185653,0.002
random,gnp1000_7,1000,5,128,0.1,7,2,185347,0.004
random,gnp1000_7,1000,5,128,0.1,7,3,185305,0.005
random,gnp1000_7,1000,5,128,0.1,7,5,185209,0.008
random,gnp1000_7,1000,5,128,0.1,7,7,185071,0.01
random,gnp1000_7,1000,5,128,0.1,7,10,184983,0.014
random,gnp1000_7,1000,5,128,0.1,7,15,184917,0.019
random,gnp1000_7,1000,5,128,0.1,7,20,184781,0.025
random,gnp1000_7,1000,5,128,0.1,7,30,184701,0.036
random,gnp1000_7,1000,5,128,0.1,7,50,184630,0.06
random,gnp1000_7,1000,5,128,0.1,7,70,184593,0.084
random,gnp1000_7,1000,5,128,0.1,7,100,184563,0.119
random,gnp1000_7,1000,5,128,0.1,7,150,184563,0.175
random,gnp1000_7,1000,5,128,0.1,7,200,184555,0.232
random,gnp1000_7,1000,5,128,0.1,7,300,184530,0.35
random,gnp1000_7,1000,5,128,0.1,7,500,184528,0.582
random,gnp1000_7,1000,5,128,0.1,7,700,184528,0.817
random,gnp1000_7,1000,5,128,0.1,7,1000,184528,1.193
random,gnp1000_7,1000,5,128,0.1,8,1,185503,0.002
random,gnp1000_7,1000,5,128,0.1,8,2,185393,0.004
random,gnp1000_7,1000,5,128,0.1,8,3,185241,0.005
random,gnp1000_7,1000,5,128,0.1,8,5,185083,0.008
random,gnp1000_7,1000,5,128,0.1,8,7,184912,0.01
random,gnp1000_7,1000,5,128,0.1,8,10,184853,0.014
random,gnp1000_7,1000,5,128,0.1,8,15,184769,0.021
random,gnp1000_7,1000,5,128,0.1,8,20,184690,0.026
random,gnp1000_7,1000,5,128,0.1,8,30,184603,0.038
random,gnp1000_7,1000,5,128,0.1,8,50,184566,0.061
random,gnp1000_7,1000,5,128,0.1,8,70,184536,0.083
random,gnp1000_7,1000,5,128,0.1,8,100,184536,0.118
random,gnp1000_7,1000,5,128,0.1,8,150,184536,0.174
random,gnp1000_7,1000,5,128,0.1,8,200,184536,0.232
random,gnp1000_7,1000,5,128,0.1,8,300,184536,0.346
random,gnp1000_7,1000,5,128,0.1,8,500,184536,0.574
random,gnp1000_7,1000,5,128,0.1,8,700,184536,0.803
random,gnp1000_7,1000,5,128,0.1,8,1000,184536,1.145
random,gnp1000_7,1000,5,128,0.1,9,1,185789,0.002
random,gnp1000_7,1000,5,128,0.1,9,2,185571,0.004
random,gnp1000_7,1000,5,128,0.1,9,3,185395,0.005
random,gnp1000_7,1000,5,128,0.1,9,5,185175,0.007
random,gnp1000_7,1000,5,128,0.1,9,7,185071,0.01
random,gnp1000_7,1000,5,128,0.1,9,10,184929,0.013
random,gnp1000_7,1000,5,128,0.1,9,15,184774,0.019
random,gnp1000_7,1000,5,128,0.1,9,20,184757,0.025
random,gnp1000_7,1000,5,128,0.1,9,30,184684,0.036
random,gnp1000_7,1000,5,128,0.1,9,50,184645,0.059
random,gnp1000_7,1000,5,128,0.1,9,70,184588,0.083
random,gnp1000_7,1000,5,128,0.1,9,100,184508,0.117
random,gnp1000_7,1000,5,128,0.1,9,150,184484,0.174
random,gnp1000_7,1000,5,128,0.1,9,200,184469,0.23
random,gnp1000_7,1000,5,128,0.1,9,300,184467,0.344
random,gnp1000_7,1000,5,128,0.1,9,500,184467,0.571
random,gnp1000_7,1000,5,128,0.1,9,700,184444,0.798
random,gnp1000_7,1000,5,128,0.1,9,1000,184444,1.138
random,gnp1000_7,1000,5,128,0.25,2,1,185592,0.002
random,gnp1000_7,1000,5,128,0.25,2,2,185482,0.004
random,gnp1000_7,1000,5,128,0.25,2,3,185301,0.005
random,gnp1000_7,1000,5,128,0.25,2,5,185171,0.007
random,gnp1000_7,1000,5,128,0.25,2,7,185097,0.01
random,gnp1000_7,1000,5,128,0.25,2,10,184975,0.013
random,gnp1000_7,1000,5,128,0.25,2,15,184887,0.019
random,gnp1000_7,1000,5,128,0.25,2,20,184807,0.025
random,gnp1000_7,1000,5,128,0.25,2,30,184703,0.038
random,gnp1000_7,1000,5,128,0.25,2,50,184583,0.06
random,gnp1000_7,1000,5,128,0.25,2,70,184581,0.083
random,gnp1000_7,1000,5,128,0.25,2,100,184578,0.119
random,gnp1000_7,1000,5,128,0.25,2,150,184575,0.175
random,gnp1000_7,1000,5,128,0.25,2,200,184575,0.232
random,gnp1000_7,1000,5,128,0.25,2,300,184575,0.347
random,gnp1000_7,1000,5,128,0.25,2,500,184575,0.574
random,gnp1000_7,1000,5,128,0.25,2,700,184558,0.803
random,gnp1000_7,1000,5,128,0.25,2,1000,184558,1.148
random,gnp1000_7,1000,5,128,0.25,3,1,185653,0.002
random,gnp1000_7,1000,5,128,0.25,3,2,185394,0.004
random,gnp1000_7,1000,5,128,0.25,3,3,185294,0.005
random,gnp1000_7,1000,5,128,0.25,3,5,185151,0.007
random,gnp1000_7,1000,5,128,0.25,3,7,185028,0.01
random,gnp1000_7,1000,5,128,0.25,3,10,184960,0.013
random,gnp1000_7,1000,5,128,0.25,3,15,184859,0.019
random,gnp1000_7,1000,5,128,0.25,3,20,184797,0.025
random,gnp1000_7,1000,5,128,0.25,3,30,184736,0.036
random,gnp1000_7,1000,5,128,0.25,3,50,184723,0.059
random,gnp1000_7,1000,5,128,0.25,3,70,184714,0.081
random,gnp1000_7,1000,5,128,0.25,3,100,184709,0.117
random,gnp1000_7,1000,5,128,0.25,3,150,184709,0.173
random,gnp1000_7,1000,5,128,0.25,3,200,184709,0.233
random,gnp1000_7,1000,5,128,0.25,3,300,184707,0.347
random,gnp1000_7,1000,5,128,0.25,3,500,184705,0.577
random,gnp1000_7,1000,5,128,0.25,3,700,184680,0.808
random,gnp1000_7,1000,5,128,0.25,3,1000,184680,1.154
random,gnp1000_7,1000,5,128,0.25,4,1,185613,0.002
random,gnp1000_7,1000,5,128,0.25,4,2,185441,0.004
random,gnp1000_7,1000,5,128,0.25,4,3,185305,0.005
random,gnp1000_7,1000,5,128,0.25,4,5,185091,0.007
random,gnp1000_7,1000,5,128,0.25,4,7,185024,0.01
random,gnp1000_7,1000,5,128,0.25,4,10,184925,0.013
random,gnp1000_7,1000,5,128,0.25,4,15,184825,0.019
random,gnp1000_7,1000,5,128,0.25,4,20,184729,0.025
random,gnp1000_7,1000,5,128,0.25,4,30,184704,0.036
random,gnp1000_7,1000,5,128,0.25,4,50,184676,0.06
random,gnp1000_7,1000,5,128,0.25,4,70,184656,0.082
random,gnp1000_7,1000,5,128,0.25,4,100,184656,0.116
random,gnp1000_7,1000,5,128,0.25,4,150,184652,0.174
random,gnp1000_7,1000,5,128,0.25,4,200,184640,0.231
random,gnp1000_7,1000,5,128,0.25,4,300,184639,0.344
random,gnp1000_7,1000,5,128,0.25,4,500,184639,0.573
random,gnp1000_7,1000,5,128,0.25,4,700,184621,0.802
random,gnp1000_7,1000,5,128,0.25,4,1000,184621,1.146
random,gnp1000_7,1000,5,128,0.25,5,1,185575,0.002
random,gnp1000_7,1000,5,128,0.25,5,2,185318,0.004
random,gnp1000_7,1000,5,128,0.25,5,3,185271,0.005
random,gnp1000_7,1000,5,128,0.25,5,5,185120,0.007
random,gnp1000_7,1000,5,128,0.25,5,7,185035,0.009
random,gnp1000_7,1000,5,128,0.25,5,10,184931,0.013
random,gnp1000_7,1000,5,128,0.25,5,15,184875,0.019
random,gnp1000_7,1000,5,128,0.25,5,20,184809,0.024
random,gnp1000_7,1000,5,128,0.25,5,30,184781,0.037
random,gnp1000_7,1000,5,128,0.25,5,50,184757,0.06
random,gnp1000_7,1000,5,128,0.25,5,70,184757,0.082
random,gnp1000_7,1000,5,128,0.25,5,100,184733,0.116
random,gnp1000_7,1000,5,128,0.25,5,150,184730,0.175
random,gnp1000_7,1000,5,128,0.25,5,200,184707,0.233
random,gnp1000_7,1000,5,128,0.25,5,300,184707,0.348
random,gnp1000_7,1000,5,128,0.25,5,500,184705,0.578
random,gnp1000_7,1000,5,128,0.25,5,700,184705,0.81
random,gnp1000_7,1000,5,128,0.25,5,1000,184705,1.157
random,gnp1000_7,1000,5,128,0.25,6,1,185579,0.002
random,gnp1000_7,1000,5,128,0.25,6,2,185531,0.004
random,gnp1000_7,1000,5,128,0.25,6,3,185311,0.005
random,gnp1000_7,1000,5,128,0.25,6,5,185135,0.007
random,gnp1000_7,1000,5,128,0.25,6,7,184923,0.01
random,gnp1000_7,1000,5,128,0.25,6,10,184887,0.013
random,gnp1000_7,1000,5,128,0.25,6,15,184789,0.019
random,gnp1000_7,1000,5,128,0.25,6,20,184707,0.025
random,gnp1000_7,1000,5,128,0.25,6,30,184630,0.036
random,gnp1000_7,1000,5,128,0.25,6,50,184589,0.059
random,gnp1000_7,1000,5,128,0.25,6,70,184585,0.081
random,gnp1000_7,1000,5,128,0.25,6,100,184569,0.115
random,gnp1000_7,1000,5,128,0.25,6,150,184566,0.171
random,gnp1000_7,1000,5,128,0.25,6,200,184566,0.228
random,gnp1000_7,1000,5,128,0.25,6,300,184566,0.343
random,gnp1000_7,1000,5,128,0.25,6,500,184566,0.571
random,gnp1000_7,1000,5,128,0.25,6,700,184566,0.8
random,gnp1000_7,1000,5,128,0.25,6,1000,184566,1.141
random,gnp1000_7,1000,5,128,0.25,7,1,185653,0.002
random,gnp1000_7,1000,5,128,0.25,7,2,185347,0.004
random,gnp1000_7,1000,5,128,0.25,7,3,185305,0.005
random,gnp1000_7,1000,5,128,0.25,7,5,185179,0.007
random,gnp1000_7,1000,5,128,0.25,7,7,185111,0.01
random,gnp1000_7,1000,5,128,0.25,7,10,184986,0.013
random,gnp1000_7,1000,5,128,0.25,7,15,184887,0.019
random,gnp1000_7,1000,5,128,0.25,7,20,184756,0.024
random,gnp1000_7,1000,5,128,0.25,7,30,184605,0.036
random,gnp1000_7,1000,5,128,0.25,7,50,184569,0.059
random,gnp1000_7,1000,5,128,0.25,7,70,184565,0.082
random,gnp1000_7,1000,5,128,0.25,7,100,184565,0.116
random,gnp1000_7,1000,5,128,0.25,7,150,184565,0.172
random,gnp1000_7,1000,5,128,0.25,7,200,184565,0.229
random,gnp1000_7,1000,5,128,0.25,7,300,184565,0.344
random,gnp1000_7,1000,5,128,0.25,7,500,184565,0.572
random,gnp1000_7,1000,5,128,0.25,7,700,184565,0.801
random,gnp1000_7,1000,5,128,0.25,7,1000,184565,1.144
random,gnp1000_7,1000,5,128,0.25,8,1,185503,0.002
random,gnp1000_7,1000,5,128,0.25,8,2,185393,0.004
random,gnp1000_7,1000,5,128,0.25,8,3,185241,0.005
random,gnp1000_7,1000,5,128,0.25,8,5,185032,0.007
random,gnp1000_7,1000,5,128,0.25,8,7,184946,0.01
random,gnp1000_7,1000,5,128,0.25,8,10,184750,0.013
random,gnp1000_7,1000,5,128,0.25,8,15,184701,0.019
random,gnp1000_7,1000,5,128,0.25,8,20,184695,0.025
random,gnp1000_7,1000,5,128,0.25,8,30,184659,0.036
random,gnp1000_7,1000,5,128,0.25,8,50,184572,0.06
random,gnp1000_7,1000,5,128,0.25,8,70,184571,0.082
random,gnp1000_7,1000,5,128,0.25,8,100,184567,0.116
random,gnp1000_7,1000,5,128,0.25,8,150,184564,0.173
random,gnp1000_7,1000,5,128,0.25,8,200,184564,0.23
random,gnp1000_7,1000,5,128,0.25,8,300,184564,0.344
random,gnp1000_7,1000,5,128,0.25,8,500,184564,0.572
random,gnp1000_7,1000,5,128,0.25,8,700,184564,0.798
random,gnp1000_7,1000,5,128,0.25,8,1000,184561,1.14
random,gnp1000_7,1000,5,128,0.25,9,1,185789,0.002
random,gnp1000_7,1000,5,128,0.25,9,2,185571,0.004
random,gnp1000_7,1000,5,128,0.25,9,3,185372,0.005
random,gnp1000_7,1000,5,128,0.25,9,5,185185,0.007
random,gnp1000_7,1000,5,128,0.25,9,7,185060,0.01
random,gnp1000_7,1000,5,128,0.25,9,10,184893,0.013
random,gnp1000_7,1000,5,128,0.25,9,15,184737,0.019
random,gnp1000_7,1000,5,128,0.25,9,20,184668,0.025
random,gnp1000_7,1000,5,128,0.25,9,30,184598,0.037
random,gnp1000_7,1000,5,128,0.25,9,50,184573,0.061
random,gnp1000_7,1000,5,128,0.25,9,70,184565,0.083
random,gnp1000_7,1000,5,128,0.25,9,100,184561,0.116
random,gnp1000_7,1000,5,128,0.25,9,150,184557,0.174
random,gnp1000_7,1000,5,128,0.25,9,200,184557,0.23
random,gnp1000_7,1000,5,128,0.25,9,300,184557,0.344
random,gnp1000_7,1000,5,128,0.25,9,500,184557,0.575
random,gnp1000_7,1000,5,128,0.25,9,700,184557,0.804
random,gnp1000_7,1000,5,128,0.25,9,1000,184557,1.149
random,gnp1000_8,1000,5,128,0,2,1,185739,0.002
random,gnp1000_8,1000,5,128,0,2,2,185599,0.004
random,gnp1000_8,1000,5,128,0,2,3,185552,0.005
random,gnp1000_8,1000,5,128,0,2,5,185334,0.007
random,gnp1000_8,1000,5,128,0,2,7,185264,0.01
random,gnp1000_8,1000,5,128,0,2,10,185165,0.013
random,gnp1000_8,1000,5,128,0,2,15,184951,0.019
random,gnp1000_8,1000,5,128,0,2,20,184942,0.025
random,gnp1000_8,1000,5,128,0,2,30,184891,0.036
random,gnp1000_8,1000,5,128,0,2,50,184887,0.06
random,gnp1000_8,1000,5,128,0,2,70,184739,0.083
random,gnp1000_8,1000,5,128,0,2,100,184697,0.117
random,gnp1000_8,1000,5,128,0,2,150,184687,0.174
random,gnp1000_8,1000,5,128,0,2,200,184670,0.23
random,gnp1000_8,1000,5,128,0,2,300,184670,0.342
random,gnp1000_8,1000,5,128,0,2,500,184640,0.568
random,gnp1000_8,1000,5,128,0,2,700,184622,0.791
random,gnp1000_8,1000,5,128,0,2,1000,184611,1.125
random,gnp1000_8,1000,5,128,0,3,1,185771,0.002
random,gnp1000_8,1000,5,128,0,3,2,185590,0.004
random,gnp1000_8,1000,5,128,0,3,3,185457,0.005
random,gnp1000_8,1000,5,128,0,3,5,185228,0.007
random,gnp1000_8,1000,5,128,0,3,7,185217,0.01
random,gnp1000_8,1000,5,128,0,3,10,185084,0.013
random,gnp1000_8,1000,5,128,0,3,15,185039,0.019
random,gnp1000_8,1000,5,128,0,3,20,184943,0.025
random,gnp1000_8,1000,5,128,0,3,30,184734,0.038
random,gnp1000_8,1000,5,128,0,3,50,184673,0.06
random,gnp1000_8,1000,5,128,0,3,70,184647,0.083
random,gnp1000_8,1000,5,128,0,3,100,184647,0.116
random,gnp1000_8,1000,5,128,0,3,150,184643,0.172
random,gnp1000_8,1000,5,128,0,3,200,184643,0.227
random,gnp1000_8,1000,5,128,0,3,300,184631,0.338
random,gnp1000_8,1000,5,128,0,3,500,184607,0.561
random,gnp1000_8,1000,5,128,0,3,700,184607,0.784
random,gnp1000_8,1000,5,128,0,3,1000,184607,1.12
random,gnp1000_8,1000,5,128,0,4,1,185881,0.002
random,gnp1000_8,1000,5,128,0,4,2,185633,0.004
random,gnp1000_8,1000,5,128,0,4,3,185475,0.005
random,gnp1000_8,1000,5,128,0,4,5,185215,0.007
random,gnp1000_8,1000,5,128,0,4,7,185215,0.01
random,gnp1000_8,1000,5,128,0,4,10,185187,0.013
random,gnp1000_8,1000,5,128,0,4,15,185023,0.019
random,gnp1000_8,1000,5,128,0,4,20,184991,0.024
random,gnp1000_8,1000,5,128,0,4,30,184973,0.036
random,gnp1000_8,1000,5,128,0,4,50,184885,0.058
random,gnp1000_8,1000,5,128,0,4,70,184748,0.081
random,gnp1000_8,1000,5,128,0,4,100,184681,0.114
random,gnp1000_8,1000,5,128,0,4,150,184666,0.169
random,gnp1000_8,1000,5,128,0,4,200,184597,0.224
random,gnp1000_8,1000,5,128,0,4,300,184583,0.336
random,gnp1000_8,1000,5,128,0,4,500,184563,0.559
random,gnp1000_8,1000,5,128,0,4,700,184555,0.781
random,gnp1000_8,1000,5,128,0,4,1000,184555,1.114
random,gnp1000_8,1000,5,128,0,5,1,185713,0.002
random,gnp1000_8,1000,5,128,0,5,2,185521,0.004
random,gnp1000_8,1000,5,128,0,5,3,185435,0.005
random,gnp1000_8,1000,5,128,0,5,5,185414,0.007
random,gnp1000_8,1000,5,128,0,5,7,185209,0.01
random,gnp1000_8,1000,5,128,0,5,10,185114,0.013
random,gnp1000_8,1000,5,128,0,5,15,185041,0.019
random,gnp1000_8,1000,5,128,0,5,20,184954,0.025
random,gnp1000_8,1000,5,128,0,5,30,184881,0.036
random,gnp1000_8,1000,5,128,0,5,50,184807,0.058
random,gnp1000_8,1000,5,128,0,5,70,184785,0.081
random,gnp1000_8,1000,5,128,0,5,100,184679,0.115
random,gnp1000_8,1000,5,128,0,5,150,184661,0.171
random,gnp1000_8,1000,5,128,0,5,200,184649,0.226
random,gnp1000_8,1000,5,128,0,5,300,184649,0.337
random,gnp1000_8,1000,5,128,0,5,500,184647,0.563
random,gnp1000_8,1000,5,128,0,5,700,184647,0.786
random,gnp1000_8,1000,5,128,0,5,1000,184647,1.12
random,gnp1000_8,1000,5,128,0,6,1,185659,0.002
random,gnp1000_8,1000,5,128,0,6,2,185523,0.004
random,gnp1000_8,1000,5,128,0,6,3,185415,0.005
random,gnp1000_8,1000,5,128,0,6,5,185343,0.007
random,gnp1000_8,1000,5,128,0,6,7,185226,0.01
random,gnp1000_8,1000,5,128,0,6,10,185226,0.013
random,gnp1000_8,1000,5,128,0,6,15,185088,0.019
random,gnp1000_8,1000,5,128,0,6,20,184966,0.025
random,gnp1000_8,1000,5,128,0,6,30,184901,0.036
random,gnp1000_8,1000,5,128,0,6,50,184771,0.06
random,gnp1000_8,1000,5,128,0,6,70,184684,0.082
random,gnp1000_8,1000,5,128,0,6,100,184625,0.115
random,gnp1000_8,1000,5,128,0,6,150,184546,0.172
random,gnp1000_8,1000,5,128,0,6,200,184546,0.227
random,gnp1000_8,1000,5,128,0,6,300,184541,0.337
random,gnp1000_8,1000,5,128,0,6,500,184513,0.561
random,gnp1000_8,1000,5,128,0,6,700,184513,0.781
random,gnp1000_8,1000,5,128,0,6,1000,184513,1.113
random,gnp1000_8,1000,5,128,0,7,1,185855,0.002
random,gnp1000_8,1000,5,128,0,7,2,185643,0.004
random,gnp1000_8,1000,5,128,0,7,3,185580,0.005
random,gnp1000_8,1000,5,128,0,7,5,185373,0.007
random,gnp1000_8,1000,5,128,0,7,7,185249,0.01
random,gnp1000_8,1000,5,128,0,7,10,185179,0.013
random,gnp1000_8,1000,5,128,0,7,15,185036,0.019
random,gnp1000_8,1000,5,128,0,7,20,184941,0.025
random,gnp1000_8,1000,5,128,0,7,30,184887,0.036
random,gnp1000_8,1000,5,128,0,7,50,184855,0.06
random,gnp1000_8,1000,5,128,0,7,70,184731,0.082
random,gnp1000_8,1000,5,128,0,7,100,184731,0.115
random,gnp1000_8,1000,5,128,0,7,150,184727,0.172
random,gnp1000_8,1000,5,128,0,7,200,184721,0.228
random,gnp1000_8,1000,5,128,0,7,300,184695,0.34
random,gnp1000_8,1000,5,128,0,7,500,184694,0.564
random,gnp1000_8,1000,5,128,0,7,700,184682,0.787
random,gnp1000_8,1000,5,128,0,7,1000,184681,1.122
random,gnp1000_8,1000,5,128,0,8,1,185709,0.002
random,gnp1000_8,1000,5,128,0,8,2,185585,0.004
random,gnp1000_8,1000,5,128,0,8,3,185389,0.005
random,gnp1000_8,1000,5,128,0,8,5,185375,0.007
random,gnp1000_8,1000,5,128,0,8,7,185266,0.01
random,gnp1000_8,1000,5,128,0,8,10,185192,0.013
random,gnp1000_8,1000,5,128,0,8,15,185105,0.019
random,gnp1000_8,1000,5,128,0,8,20,185076,0.024
random,gnp1000_8,1000,5,128,0,8,30,184946,0.036
random,gnp1000_8,1000,5,128,0,8,50,184815,0.06
random,gnp1000_8,1000,5,128,0,8,70,184735,0.083
random,gnp1000_8,1000,5,128,0,8,100,184695,0.116
random,gnp1000_8,1000,5,128,0,8,150,184647,0.174
random,gnp1000_8,1000,5,128,0,8,200,184646,0.229
random,gnp1000_8,1000,5,128,0,8,300,184616,0.342
random,gnp1000_8,1000,5,128,0,8,500,184610,0.565
random,gnp1000_8,1000,5,128,0,8,700,184610,0.787
random,gnp1000_8,1000,5,128,0,8,1000,184610,1.122
random,gnp1000_8,1000,5,128,0,9,1,185881,0.002
random,gnp1000_8,1000,5,128,0,9,2,185723,0.004
random,gnp1000_8,1000,5,128,0,9,3,185577,0.005
random,gnp1000_8,1000,5,128,0,9,5,185408,0.007
random,gnp1000_8,1000,5,128,0,9,7,185326,0.01
random,gnp1000_8,1000,5,128,0,9,10,185097,0.013
random,gnp1000_8,1000,5,128,0,9,15,185017,0.019
random,gnp1000_8,1000,5,128,0,9,20,184992,0.025
random,gnp1000_8,1000,5,128,0,9,30,184903,0.036
random,gnp1000_8,1000,5,128,0,9,50,184873,0.06
random,gnp1000_8,1000,5,128,0,9,70,184839,0.082
random,gnp1000_8,1000,5,128,0,9,100,184775,0.116
random,gnp1000_8,1000,5,128,0,9,150,184673,0.173
random,gnp1000_8,1000,5,128,0,9,200,184668,0.23
random,gnp1000_8,1000,5,128,0,9,300,184647,0.34
random,gnp1000_8,1000,5,128,0,9,500,184629,0.563
random,gnp1000_8,1000,5,128,0,9,700,184621,0.787
random,gnp1000_8,1000,5,128,0,9,1000,184615,1.122
random,gnp1000_8,1000,5,128,0.1,2,1,185739,0.002
random,gnp1000_8,1000,5,128,0.1,2,2,185567,0.004
random,gnp1000_8,1000,5,128,0.1,2,3,185469,0.005
random,gnp1000_8,1000,5,128,0.1,2,5,185324,0.007
random,gnp1000_8,1000,5,128,0.1,2,7,185241,0.01
random,gnp1000_8,1000,5,128,0.1,2,10,185119,0.013
random,gnp1000_8,1000,5,128,0.1,2,15,184957,0.019
random,gnp1000_8,1000,5,128,0.1,2,20,184864,0.025
random,gnp1000_8,1000,5,128,0.1,2,30,184741,0.036
random,gnp1000_8,1000,5,128,0.1,2,50,184661,0.06
random,gnp1000_8,1000,5,128,0.1,2,70,184648,0.083
random,gnp1000_8,1000,5,128,0.1,2,100,184637,0.118
random,gnp1000_8,1000,5,128,0.1,2,150,184612,0.174
random,gnp1000_8,1000,5,128,0.1,2,200,184612,0.232
random,gnp1000_8,1000,5,128,0.1,2,300,184612,0.347
random,gnp1000_8,1000,5,128,0.1,2,500,184610,0.573
random,gnp1000_8,1000,5,128,0.1,2,700,184607,0.799
random,gnp1000_8,1000,5,128,0.1,2,1000,184607,1.139
random,gnp1000_8,1000,5,128,0.1,3,1,185771,0.002
random,gnp1000_8,1000,5,128,0.1,3,2,185590,0.004
random,gnp1000_8,1000,5,128,0.1,3,3,185457,0.005
random,gnp1000_8,1000,5,128,0.1,3,5,185206,0.007
random,gnp1000_8,1000,5,128,0.1,3,7,185149,0.01
random,gnp1000_8,1000,5,128,0.1,3,10,184991,0.013
random,gnp1000_8,1000,5,128,0.1,3,15,184888,0.019
random,gnp1000_8,1000,5,128,0.1,3,20,184851,0.025
random,gnp1000_8,1000,5,128,0.1,3,30,184743,0.036
random,gnp1000_8,1000,5,128,0.1,3,50,184632,0.059
random,gnp1000_8,1000,5,128,0.1,3,70,184580,0.082
random,gnp1000_8,1000,5,128,0.1,3,100,184569,0.117
random,gnp1000_8,1000,5,128,0.1,3,150,184567,0.174
random,gnp1000_8,1000,5,128,0.1,3,200,184566,0.232
random,gnp1000_8,1000,5,128,0.1,3,300,184564,0.345
random,gnp1000_8,1000,5,128,0.1,3,500,184564,0.572
random,gnp1000_8,1000,5,128,0.1,3,700,184564,0.801
random,gnp1000_8,1000,5,128,0.1,3,1000,184564,1.141
random,gnp1000_8,1000,5,128,0.1,4,1,185881,0.002
random,gnp1000_8,1000,5,128,0.1,4,2,185547,0.004
random,gnp1000_8,1000,5,128,0.1,4,3,185474,0.005
random,gnp1000_8,1000,5,128,0.1,4,5,185296,0.007
random,gnp1000_8,1000,5,128,0.1,4,7,185221,0.01
random,gnp1000_8,1000,5,128,0.1,4,10,185122,0.013
random,gnp1000_8,1000,5,128,0.1,4,15,185020,0.019
random,gnp1000_8,1000,5,128,0.1,4,20,184945,0.025
random,gnp1000_8,1000,5,128,0.1,4,30,184851,0.036
random,gnp1000_8,1000,5,128,0.1,4,50,184751,0.06
random,gnp1000_8,1000,5,128,0.1,4,70,184735,0.083
random,gnp1000_8,1000,5,128,0.1,4,100,184719,0.117
random,gnp1000_8,1000,5,128,0.1,4,150,184718,0.173
random,gnp1000_8,1000,5,128,0.1,4,200,184718,0.231
random,gnp1000_8,1000,5,128,0.1,4,300,184685,0.345
random,gnp1000_8,1000,5,128,0.1,4,500,184672,0.574
random,gnp1000_8,1000,5,128,0.1,4,700,184672,0.801
random,gnp1000_8,1000,5,128,0.1,4,1000,184672,1.146
random,gnp1000_8,1000,5,128,0.1,5,1,185713,0.002
random,gnp1000_8,1000,5,128,0.1,5,2,185521,0.004
random,gnp1000_8,1000,5,128,0.1,5,3,185435,0.005
random,gnp1000_8,1000,5,128,0.1,5,5,185272,0.007
random,gnp1000_8,1000,5,128,0.1,5,7,185177,0.01
random,gnp1000_8,1000,5,128,0.1,5,10,185057,0.013
random,gnp1000_8,1000,5,128,0.1,5,15,184893,0.019
random,gnp1000_8,1000,5,128,0.1,5,20,184823,0.025
random,gnp1000_8,1000,5,128,0.1,5,30,184771,0.036
random,gnp1000_8,1000,5,128,0.1,5,50,184739,0.059
random,gnp1000_8,1000,5,128,0.1,5,70,184728,0.082
random,gnp1000_8,1000,5,128,0.1,5,100,184728,0.116
random,gnp1000_8,1000,5,128,0.1,5,150,184727,0.173
random,gnp1000_8,1000,5,128,0.1,5,200,184721,0.23
random,gnp1000_8,1000,5,128,0.1,5,300,184721,0.346
random,gnp1000_8,1000,5,128,0.1,5,500,184720,0.578
random,gnp1000_8,1000,5,128,0.1,5,700,184696,0.811
random,gnp1000_8,1000,5,128,0.1,5,1000,184696,1.158
random,gnp1000_8,1000,5,128,0.1,6,1,185659,0.002
random,gnp1000_8,1000,5,128,0.1,6,2,185523,0.004
random,gnp1000_8,1000,5,128,0.1,6,3,185415,0.005
random,gnp1000_8,1000,5,128,0.1,6,5,185319,0.007
random,gnp1000_8,1000,5,128,0.1,6,7,185177,0.01
random,gnp1000_8,1000,5,128,0.1,6,10,185033,0.013
random,gnp1000_8,1000,5,128,0.1,6,15,184956,0.019
random,gnp1000_8,1000,5,128,0.1,6,20,184861,0.026
random,gnp1000_8,1000,5,128,0.1,6,30,184821,0.037
random,gnp1000_8,1000,5,128,0.1,6,50,184728,0.06
random,gnp1000_8,1000,5,128,0.1,6,70,184719,0.083
random,gnp1000_8,1000,5,128,0.1,6,100,184719,0.118
random,gnp1000_8,1000,5,128,0.1,6,150,184718,0.175
random,gnp1000_8,1000,5,128,0.1,6,200,184718,0.233
random,gnp1000_8,1000,5,128,0.1,6,300,184718,0.346
random,gnp1000_8,1000,5,128,0.1,6,500,184718,0.573
random,gnp1000_8,1000,5,128,0.1,6,700,184718,0.801
random,gnp1000_8,1000,5,128,0.1,6,1000,184718,1.15
random,gnp1000_8,1000,5,128,0.1,7,1,185855,0.002
random,gnp1000_8,1000,5,128,0.1,7,2,185730,0.004
random,gnp1000_8,1000,5,128,0.1,7,3,185580,0.005
random,gnp1000_8,1000,5,128,0.1,7,5,185337,0.007
random,gnp1000_8,1000,5,128,0.1,7,7,185155,0.01
random,gnp1000_8,1000,5,128,0.1,7,10,185057,0.013
random,gnp1000_8,1000,5,128,0.1,7,15,184968,0.019
random,gnp1000_8,1000,5,128,0.1,7,20,184827,0.025
random,gnp1000_8,1000,5,128,0.1,7,30,184759,0.036
random,gnp1000_8,1000,5,128,0.1,7,50,184702,0.059
random,gnp1000_8,1000,5,128,0.1,7,70,184667,0.083
random,gnp1000_8,1000,5,128,0.1,7,100,184665,0.116
random,gnp1000_8,1000,5,128,0.1,7,150,184659,0.173
random,gnp1000_8,1000,5,128,0.1,7,200,184658,0.231
random,gnp1000_8,1000,5,128,0.1,7,300,184658,0.344
random,gnp1000_8,1000,5,128,0.1,7,500,184655,0.573
random,gnp1000_8,1000,5,128,0.1,7,700,184655,0.802
random,gnp1000_8,1000,5,128,0.1,7,1000,184652,1.144
random,gnp1000_8,1000,5,128,0.1,8,1,185709,0.002
random,gnp1000_8,1000,5,128,0.1,8,2,185439,0.004
random,gnp1000_8,1000,5,128,0.1,8,3,185225,0.005
random,gnp1000_8,1000,5,128,0.1,8,5,185105,0.007
random,gnp1000_8,1000,5,128,0.1,8,7,185071,0.01
random,gnp1000_8,1000,5,128,0.1,8,10,185040,0.013
random,gnp1000_8,1000,5,128,0.1,8,15,184950,0.019
random,gnp1000_8,1000,5,128,0.1,8,20,184875,0.025
random,gnp1000_8,1000,5,128,0.1,8,30,184842,0.036
random,gnp1000_8,1000,5,128,0.1,8,50,184793,0.061
random,gnp1000_8,1000,5,128,0.1,8,70,184750,0.083
random,gnp1000_8,1000,5,128,0.1,8,100,184737,0.119
random,gnp1000_8,1000,5,128,0.1,8,150,184729,0.18
random,gnp1000_8,1000,5,128,0.1,8,200,184729,0.237
random,gnp1000_8,1000,5,128,0.1,8,300,184729,0.354
random,gnp1000_8,1000,5,128,0.1,8,500,184729,0.589
random,gnp1000_8,1000,5,128,0.1,8,700,184721,0.821
random,gnp1000_8,1000,5,128,0.1,8,1000,184721,1.168
random,gnp1000_8,1000,5,128,0.1,9,1,185881,0.002
random,gnp1000_8,1000,5,128,0.1,9,2,185735,0.004
random,gnp1000_8,1000,5,128,0.1,9,3,185589,0.005
random,gnp1000_8,1000,5,128,0.1,9,5,185349,0.007
random,gnp1000_8,1000,5,128,0.1,9,7,185184,0.01
random,gnp1000_8,1000,5,128,0.1,9,10,185097,0.013
random,gnp1000_8,1000,5,128,0.1,9,15,185019,0.019
random,gnp1000_8,1000,5,128,0.1,9,20,184963,0.025
random,gnp1000_8,1000,5,128,0.1,9,30,184875,0.037
random,gnp1000_8,1000,5,128,0.1,9,50,184794,0.059
random,gnp1000_8,1000,5,128,0.1,9,70,184753,0.082
random,gnp1000_8,1000,5,128,0.1,9,100,184752,0.117
random,gnp1000_8,1000,5,128,0.1,9,150,184752,0.174
random,gnp1000_8,1000,5,128,0.1,9,200,184752,0.232
random,gnp1000_8,1000,5,128,0.1,9,300,184747,0.347
random,gnp1000_8,1000,5,128,0.1,9,500,184706,0.579
random,gnp1000_8,1000,5,128,0.1,9,700,184705,0.808
random,gnp1000_8,1000,5,128,0.1,9,1000,184705,1.153
random,gnp1000_8,1000,5,128,0.25,2,1,185739,0.002
random,gnp1000_8,1000,5,128,0.25,2,2,185567,0.004
random,gnp1000_8,1000,5,128,0.25,2,3,185471,0.005
random,gnp1000_8,1000,5,128,0.25,2,5,185305,0.008
random,gnp1000_8,1000,5,128,0.25,2,7,185167,0.01
random,gnp1000_8,1000,5,128,0.25,2,10,185041,0.014
random,gnp1000_8,1000,5,128,0.25,2,15,184891,0.02
random,gnp1000_8,1000,5,128,0.25,2,20,184838,0.025
random,gnp1000_8,1000,5,128,0.25,2,30,184778,0.037
random,gnp1000_8,1000,5,128,0.25,2,50,184756,0.06
random,gnp1000_8,1000,5,128,0.25,2,70,184756,0.084
random,gnp1000_8,1000,5,128,0.25,2,100,184749,0.118
random,gnp1000_8,1000,5,128,0.25,2,150,184743,0.175
random,gnp1000_8,1000,5,128,0.25,2,200,184743,0.232
random,gnp1000_8,1000,5,128,0.25,2,300,184743,0.348
random,gnp1000_8,1000,5,128,0.25,2,500,184743,0.577
random,gnp1000_8,1000,5,128,0.25,2,700,184743,0.807
random,gnp1000_8,1000,5,128,0.25,2,1000,184743,1.154
random,gnp1000_8,1000,5,128,0.25,3,1,185771,0.003
random,gnp1000_8,1000,5,128,0.25,3,2,185590,0.004
random,gnp1000_8,1000,5,128,0.25,3,3,185421,0.006
random,gnp1000_8,1000,5,128,0.25,3,5,185229,0.009
random,gnp1000_8,1000,5,128,0.25,3,7,185123,0.011
random,gnp1000_8,1000,5,128,0.25,3,10,185011,0.015
random,gnp1000_8,1000,5,128,0.25,3,15,184959,0.021
random,gnp1000_8,1000,5,128,0.25,3,20,184913,0.028
random,gnp1000_8,1000,5,128,0.25,3,30,184860,0.04
random,gnp1000_8,1000,5,128,0.25,3,50,184852,0.066
random,gnp1000_8,1000,5,128,0.25,3,70,184847,0.091
random,gnp1000_8,1000,5,128,0.25,3,100,184845,0.129
random,gnp1000_8,1000,5,128,0.25,3,150,184839,0.191
random,gnp1000_8,1000,5,128,0.25,3,200,184827,0.254
random,gnp1000_8,1000,5,128,0.25,3,300,184818,0.382
random,gnp1000_8,1000,5,128,0.25,3,500,184818,0.634
random,gnp1000_8,1000,5,128,0.25,3,700,184781,0.884
random,gnp1000_8,1000,5,128,0.25,3,1000,184781,1.238
random,gnp1000_8,1000,5,128,0.25,4,1,185881,0.002
random,gnp1000_8,1000,5,128,0.25,4,2,185547,0.004
random,gnp1000_8,1000,5,128,0.25,4,3,185474,0.005
random,gnp1000_8,1000,5,128,0.25,4,5,185381,0.007
random,gnp1000_8,1000,5,128,0.25,4,7,185313,0.01
random,gnp1000_8,1000,5,128,0.25,4,10,185109,0.013
random,gnp1000_8,1000,5,128,0.25,4,15,185015,0.019
random,gnp1000_8,1000,5,128,0.25,4,20,184892,0.025
random,gnp1000_8,1000,5,128,0.25,4,30,184873,0.037
random,gnp1000_8,1000,5,128,0.25,4,50,184814,0.06
random,gnp1000_8,1000,5,128,0.25,4,70,184814,0.083
random,gnp1000_8,1000,5,128,0.25,4,100,184811,0.117
random,gnp1000_8,1000,5,128,0.25,4,150,184785,0.175
random,gnp1000_8,1000,5,128,0.25,4,200,184785,0.232
random,gnp1000_8,1000,5,128,0.25,4,300,184779,0.348
random,gnp1000_8,1000,5,128,0.25,4,500,184779,0.579
random,gnp1000_8,1000,5,128,0.25,4,700,184778,0.809
random,gnp1000_8,1000,5,128,0.25,4,1000,184777,1.155
random,gnp1000_8,1000,5,128,0.25,5,1,185713,0.002
random,gnp1000_8,1000,5,128,0.25,5,2,185521,0.004
random,gnp1000_8,1000,5,128,0.25,5,3,185407,0.005
random,gnp1000_8,1000,5,128,0.25,5,5,185273,0.007
random,gnp1000_8,1000,5,128,0.25,5,7,185139,0.01
random,gnp1000_8,1000,5,128,0.25,5,10,184973,0.013
random,gnp1000_8,1000,5,128,0.25,5,15,184897,0.019
random,gnp1000_8,1000,5,128,0.25,5,20,184822,0.025
random,gnp1000_8,1000,5,128,0.25,5,30,184817,0.036
random,gnp1000_8,1000,5,128,0.25,5,50,184764,0.059
random,gnp1000_8,1000,5,128,0.25,5,70,184747,0.081
random,gnp1000_8,1000,5,128,0.25,5,100,184720,0.116
random,gnp1000_8,1000,5,128,0.25,5,150,184720,0.173
random,gnp1000_8,1000,5,128,0.25,5,200,184720,0.229
random,gnp1000_8,1000,5,128,0.25,5,300,184720,0.345
random,gnp1000_8,1000,5,128,0.25,5,500,184719,0.576
random,gnp1000_8,1000,5,128,0.25,5,700,184716,0.804
random,gnp1000_8,1000,5,128,0.25,5,1000,184716,1.147
random,gnp1000_8,1000,5,128,0.25,6,1,185659,0.002
random,gnp1000_8,1000,5,128,0.25,6,2,185523,0.004
random,gnp1000_8,1000,5,128,0.25,6,3,185415,0.005
random,gnp1000_8,1000,5,128,0.25,6,5,185285,0.007
random,gnp1000_8,1000,5,128,0.25,6,7,185079,0.01
random,gnp1000_8,1000,5,128,0.25,6,10,185004,0.013
random,gnp1000_8,1000,5,128,0.25,6,15,184895,0.019
random,gnp1000_8,1000,5,128,0.25,6,20,184854,0.025
random,gnp1000_8,1000,5,128,0.25,6,30,184797,0.036
random,gnp1000_8,1000,5,128,0.25,6,50,184747,0.059
random,gnp1000_8,1000,5,128,0.25,6,70,184728,0.081
random,gnp1000_8,1000,5,128,0.25,6,100,184721,0.117
random,gnp1000_8,1000,5,128,0.25,6,150,184721,0.174
random,gnp1000_8,1000,5,128,0.25,6,200,184719,0.232
random,gnp1000_8,1000,5,128,0.25,6,300,184719,0.346
random,gnp1000_8,1000,5,128,0.25,6,500,184713,0.575
random,gnp1000_8,1000,5,128,0.25,6,700,184707,0.804
random,gnp1000_8,1000,5,128,0.25,6,1000,184707,1.149
random,gnp1000_8,1000,5,128,0.25,7,1,185855,0.002
random,gnp1000_8,1000,5,128,0.25,7,2,185730,0.004
random,gnp1000_8,1000,5,128,0.25,7,3,185522,0.005
random,gnp1000_8,1000,5,128,0.25,7,5,185326,0.007
random,gnp1000_8,1000,5,128,0.25,7,7,185183,0.01
random,gnp1000_8,1000,5,128,0.25,7,10,185074,0.013
random,gnp1000_8,1000,5,128,0.25,7,15,184967,0.019
random,gnp1000_8,1000,5,128,0.25,7,20,184921,0.025
random,gnp1000_8,1000,5,128,0.25,7,30,184847,0.036
random,gnp1000_8,1000,5,128,0.25,7,50,184747,0.06
random,gnp1000_8,1000,5,128,0.25,7,70,184727,0.083
random,gnp1000_8,1000,5,128,0.25,7,100,184727,0.117
random,gnp1000_8,1000,5,128,0.25,7,150,184724,0.174
random,gnp1000_8,1000,5,128,0.25,7,200,184715,0.231
random,gnp1000_8,1000,5,128,0.25,7,300,184715,0.345
random,gnp1000_8,1000,5,128,0.25,7,500,184715,0.574
random,gnp1000_8,1000,5,128,0.25,7,700,184715,0.803
random,gnp1000_8,1000,5,128,0.25,7,1000,184715,1.148
random,gnp1000_8,1000,5,128,0.25,8,1,185709,0.002
random,gnp1000_8,1000,5,128,0.25,8,2,185585,0.004
random,gnp1000_8,1000,5,128,0.25,8,3,185253,0.005
random,gnp1000_8,1000,5,128,0.25,8,5,185127,0.007
random,gnp1000_8,1000,5,128,0.25,8,7,185079,0.01
random,gnp1000_8,1000,5,128,0.25,8,10,184983,0.013
random,gnp1000_8,1000,5,128,0.25,8,15,184871,0.019
random,gnp1000_8,1000,5,128,0.25,8,20,184835,0.025
random,gnp1000_8,1000,5,128,0.25,8,30,184690,0.037
random,gnp1000_8,1000,5,128,0.25,8,50,184657,0.06
random,gnp1000_8,1000,5,128,0.25,8,70,184657,0.082
random,gnp1000_8,1000,5,128,0.25,8,100,184657,0.116
random,gnp1000_8,1000,5,128,0.25,8,150,184657,0.173
random,gnp1000_8,1000,5,128,0.25,8,200,184657,0.229
random,gnp1000_8,1000,5,128,0.25,8,300,184657,0.343
random,gnp1000_8,1000,5,128,0.25,8,500,184657,0.569
random,gnp1000_8,1000,5,128,0.25,8,700,184657,0.796
random,gnp1000_8,1000,5,128,0.25,8,1000,184657,1.136
random,gnp1000_8,1000,5,128,0.25,9,1,185881,0.002
random,gnp1000_8,1000,5,128,0.25,9,2,185709,0.004
random,gnp1000_8,1000,5,128,0.25,9,3,185484,0.005
random,gnp1000_8,1000,5,128,0.25,9,5,185241,0.008
random,gnp1000_8,1000,5,128,0.25,9,7,185167,0.01
random,gnp1000_8,1000,5,128,0.25,9,10,185102,0.014
random,gnp1000_8,1000,5,128,0.25,9,15,184990,0.02
random,gnp1000_8,1000,5,128,0.25,9,20,184935,0.026
random,gnp1000_8,1000,5,128,0.25,9,30,184885,0.037
random,gnp1000_8,1000,5,128,0.25,9,50,184835,0.062
random,gnp1000_8,1000,5,128,0.25,9,70,184799,0.084
random,gnp1000_8,1000,5,128,0.25,9,100,184797,0.118
random,gnp1000_8,1000,5,128,0.25,9,150,184787,0.176
random,gnp1000_8,1000,5,128,0.25,9,200,184782,0.235
random,gnp1000_8,1000,5,128,0.25,9,300,184782,0.35
random,gnp1000_8,1000,5,128,0.25,9,500,184776,0.583
random,gnp1000_8,1000,5,128,0.25,9,700,184776,0.815
random,gnp1000_8,1000,5,128,0.25,9,1000,184776,1.161
random,gnp2000_7,2000,3,128,0,2,1,850646,0.004
random,gnp2000_7,2000,3,128,0,2,2,850070,0.007
random,gnp2000_7,2000,3,128,0,2,3,849640,0.01
random,gnp2000_7,2000,3,128,0,2,5,849493,0.016
random,gnp2000_7,2000,3,128,0,2,7,848982,0.021
random,gnp2000_7,2000,3,128,0,2,10,848852,0.03
random,gnp2000_7,2000,3,128,0,2,15,848852,0.044
random,gnp2000_7,2000,3,128,0,2,20,848684,0.057
random,gnp2000_7,2000,3,128,0,2,30,848684,0.086
random,gnp2000_7,2000,3,128,0,2,50,848574,0.142
random,gnp2000_7,2000,3,128,0,2,70,848161,0.198
random,gnp2000_7,2000,3,128,0,2,100,848161,0.281
random,gnp2000_7,2000,3,128,0,2,150,848025,0.42
random,gnp2000_7,2000,3,128,0,2,200,848025,0.559
random,gnp2000_7,2000,3,128,0,2,300,847970,0.835
random,gnp2000_7,2000,3,128,0,2,500,847970,1.387
random,gnp2000_7,2000,3,128,0,2,700,847848,1.939
random,gnp2000_7,2000,3,128,0,2,1000,847848,2.766
random,gnp2000_7,2000,3,128,0,3,1,850316,0.005
random,gnp2000_7,2000,3,128,0,3,2,849914,0.008
random,gnp2000_7,2000,3,128,0,3,3,849752,0.01
random,gnp2000_7,2000,3,128,0,3,5,849532,0.016
random,gnp2000_7,2000,3,128,0,3,7,849185,0.021
random,gnp2000_7,2000,3,128,0,3,10,849185,0.03
random,gnp2000_7,2000,3,128,0,3,15,848946,0.045
random,gnp2000_7,2000,3,128,0,3,20,848745,0.059
random,gnp2000_7,2000,3,128,0,3,30,848588,0.087
random,gnp2000_7,2000,3,128,0,3,50,848327,0.141
random,gnp2000_7,2000,3,128,0,3,70,848188,0.197
random,gnp2000_7,2000,3,128,0,3,100,848156,0.279
random,gnp2000_7,2000,3,128,0,3,150,848138,0.416
random,gnp2000_7,2000,3,128,0,3,200,848138,0.553
random,gnp2000_7,2000,3,128,0,3,300,848044,0.829
random,gnp2000_7,2000,3,128,0,3,500,848027,1.379
random,gnp2000_7,2000,3,128,0,3,700,847928,1.928
random,gnp2000_7,2000,3,128,0,3,1000,847910,2.755
random,gnp2000_7,2000,3,128,0,4,1,850506,0.005
random,gnp2000_7,2000,3,128,0,4,2,850114,0.008
random,gnp2000_7,2000,3,128,0,4,3,849602,0.011
random,gnp2000_7,2000,3,128,0,4,5,849392,0.016
random,gnp2000_7,2000,3,128,0,4,7,849392,0.022
random,gnp2000_7,2000,3,128,0,4,10,849018,0.03
random,gnp2000_7,2000,3,128,0,4,15,848808,0.044
random,gnp2000_7,2000,3,128,0,4,20,848626,0.058
random,gnp2000_7,2000,3,128,0,4,30,848298,0.086
random,gnp2000_7,2000,3,128,0,4,50,848076,0.141
random,gnp2000_7,2000,3,128,0,4,70,848018,0.196
random,gnp2000_7,2000,3,128,0,4,100,847927,0.277
random,gnp2000_7,2000,3,128,0,4,150,847869,0.414
random,gnp2000_7,2000,3,128,0,4,200,847869,0.553
random,gnp2000_7,2000,3,128,0,4,300,847869,0.828
random,gnp2000_7,2000,3,128,0,4,500,847868,1.375
random,gnp2000_7,2000,3,128,0,4,700,847809,1.923
random,gnp2000_7,2000,3,128,0,4,1000,847809,2.749
random,gnp2000_7,2000,3,128,0,5,1,850482,0.004
random,gnp2000_7,2000,3,128,0,5,2,849498,0.007
random,gnp2000_7,2000,3,128,0,5,3,849498,0.01
random,gnp2000_7,2000,3,128,0,5,5,849498,0.016
random,gnp2000_7,2000,3,128,0,5,7,849414,0.021
random,gnp2000_7,2000,3,128,0,5,10,849012,0.03
random,gnp2000_7,2000,3,128,0,5,15,848830,0.044
random,gnp2000_7,2000,3,128,0,5,20,848623,0.057
random,gnp2000_7,2000,3,128,0,5,30,848386,0.086
random,gnp2000_7,2000,3,128,0,5,50,848304,0.14
random,gnp2000_7,2000,3,128,0,5,70,848196,0.194
random,gnp2000_7,2000,3,128,0,5,100,848101,0.277
random,gnp2000_7,2000,3,128,0,5,150,847990,0.414
random,gnp2000_7,2000,3,128,0,5,200,847990,0.551
random,gnp2000_7,2000,3,128,0,5,300,847918,0.827
random,gnp2000_7,2000,3,128,0,5,500,847918,1.376
random,gnp2000_7,2000,3,128,0,5,700,847870,1.927
random,gnp2000_7,2000,3,128,0,5,1000,847870,2.75
random,gnp2000_7,2000,3,128,0,6,1,850484,0.004
random,gnp2000_7,2000,3,128,0,6,2,850118,0.007
random,gnp2000_7,2000,3,128,0,6,3,849774,0.01
random,gnp2000_7,2000,3,128,0,6,5,849376,0.016
random,gnp2000_7,2000,3,128,0,6,7,849285,0.021
random,gnp2000_7,2000,3,128,0,6,10,848986,0.03
random,gnp2000_7,2000,3,128,0,6,15,848736,0.044
random,gnp2000_7,2000,3,128,0,6,20,848678,0.058
random,gnp2000_7,2000,3,128,0,6,30,848510,0.086
random,gnp2000_7,2000,3,128,0,6,50,848220,0.142
random,gnp2000_7,2000,3,128,0,6,70,848086,0.198
random,gnp2000_7,2000,3,128,0,6,100,848062,0.281
random,gnp2000_7,2000,3,128,0,6,150,848024,0.416
random,gnp2000_7,2000,3,128,0,6,200,848024,0.553
random,gnp2000_7,2000,3,128,0,6,300,847934,0.829
random,gnp2000_7,2000,3,128,0,6,500,847892,1.38
random,gnp2000_7,2000,3,128,0,6,700,847892,1.934
random,gnp2000_7,2000,3,128,0,6,1000,847802,2.767
random,gnp2000_7,2000,3,128,0,7,1,850277,0.004
random,gnp2000_7,2000,3,128,0,7,2,850058,0.007
random,gnp2000_7,2000,3,128,0,7,3,849844,0.01
random,gnp2000_7,2000,3,128,0,7,5,849324,0.016
random,gnp2000_7,2000,3,128,0,7,7,848952,0.021
random,gnp2000_7,2000,3,128,0,7,10,848876,0.03
random,gnp2000_7,2000,3,128,0,7,15,848674,0.044
random,gnp2000_7,2000,3,128,0,7,20,848640,0.057
random,gnp2000_7,2000,3,128,0,7,30,848543,0.085
random,gnp2000_7,2000,3,128,0,7,50,848306,0.141
random,gnp2000_7,2000,3,128,0,7,70,848274,0.196
random,gnp2000_7,2000,3,128,0,7,100,848170,0.28
random,gnp2000_7,2000,3,128,0,7,150,848122,0.419
random,gnp2000_7,2000,3,128,0,7,200,848122,0.558
random,gnp2000_7,2000,3,128,0,7,300,848036,0.833
random,gnp2000_7,2000,3,128,0,7,500,848036,1.385
random,gnp2000_7,2000,3,128,0,7,700,848036,1.937
random,gnp2000_7,2000,3,128,0,7,1000,847897,2.766
random,gnp2000_7,2000,3,128,0,8,1,850408,0.005
random,gnp2000_7,2000,3,128,0,8,2,850154,0.008
random,gnp2000_7,2000,3,128,0,8,3,849748,0.011
random,gnp2000_7,2000,3,128,0,8,5,849526,0.017
random,gnp2000_7,2000,3,128,0,8,7,849212,0.023
random,gnp2000_7,2000,3,128,0,8,10,848782,0.031
random,gnp2000_7,2000,3,128,0,8,15,848772,0.045
random,gnp2000_7,2000,3,128,0,8,20,848558,0.06
random,gnp2000_7,2000,3,128,0,8,30,848312,0.088
random,gnp2000_7,2000,3,128,0,8,50,848222,0.143
random,gnp2000_7,2000,3,128,0,8,70,848098,0.197
random,gnp2000_7,2000,3,128,0,8,100,847950,0.28
random,gnp2000_7,2000,3,128,0,8,150,847950,0.418
random,gnp2000_7,2000,3,128,0,8,200,847950,0.557
random,gnp2000_7,2000,3,128,0,8,300,847844,0.836
random,gnp2000_7,2000,3,128,0,8,500,847828,1.388
random,gnp2000_7,2000,3,128,0,8,700,847764,1.939
random,gnp2000_7,2000,3,128,0,8,1000,847764,2.772
random,gnp2000_7,2000,3,128,0,9,1,850764,0.005
random,gnp2000_7,2000,3,128,0,9,2,849870,0.007
random,gnp2000_7,2000,3,128,0,9,3,849870,0.01
random,gnp2000_7,2000,3,128,0,9,5,849260,0.016
random,gnp2000_7,2000,3,128,0,9,7,849130,0.021
random,gnp2000_7,2000,3,128,0,9,10,848912,0.03
random,gnp2000_7,2000,3,128,0,9,15,848912,0.045
random,gnp2000_7,2000,3,128,0,9,20,848846,0.058
random,gnp2000_7,2000,3,128,0,9,30,848768,0.086
random,gnp2000_7,2000,3,128,0,9,50,848462,0.141
random,gnp2000_7,2000,3,128,0,9,70,848231,0.196
random,gnp2000_7,2000,3,128,0,9,100,848146,0.279
random,gnp2000_7,2000,3,128,0,9,150,848094,0.418
random,gnp2000_7,2000,3,128,0,9,200,847814,0.556
random,gnp2000_7,2000,3,128,0,9,300,847814,0.831
random,gnp2000_7,2000,3,128,0,9,500,847814,1.381
random,gnp2000_7,2000,3,128,0,9,700,847814,1.933
random,gnp2000_7,2000,3,128,0,9,1000,847814,2.762
random,gnp2000_7,2000,3,128,0.1,2,1,850646,0.005
random,gnp2000_7,2000,3,128,0.1,2,2,850070,0.008
random,gnp2000_7,2000,3,128,0.1,2,3,849522,0.011
random,gnp2000_7,2000,3,128,0.1,2,5,849036,0.017
random,gnp2000_7,2000,3,128,0.1,2,7,848999,0.022
random,gnp2000_7,2000,3,128,0.1,2,10,848712,0.031
random,gnp2000_7,2000,3,128,0.1,2,15,848530,0.044
random,gnp2000_7,2000,3,128,0.1,2,20,848516,0.058
random,gnp2000_7,2000,3,128,0.1,2,30,848174,0.086
random,gnp2000_7,2000,3,128,0.1,2,50,848016,0.14
random,gnp2000_7,2000,3,128,0.1,2,70,847896,0.195
random,gnp2000_7,2000,3,128,0.1,2,100,847896,0.279
random,gnp2000_7,2000,3,128,0.1,2,150,847704,0.417
random,gnp2000_7,2000,3,128,0.1,2,200,847645,0.554
random,gnp2000_7,2000,3,128,0.1,2,300,847634,0.833
random,gnp2000_7,2000,3,128,0.1,2,500,847634,1.386
random,gnp2000_7,2000,3,128,0.1,2,700,847634,1.935
random,gnp2000_7,2000,3,128,0.1,2,1000,847634,2.759
random,gnp2000_7,2000,3,128,0.1,3,1,850316,0.005
random,gnp2000_7,2000,3,128,0.1,3,2,849914,0.008
random,gnp2000_7,2000,3,128,0.1,3,3,849752,0.01
random,gnp2000_7,2000,3,128,0.1,3,5,849338,0.016
random,gnp2000_7,2000,3,128,0.1,3,7,849056,0.022
random,gnp2000_7,2000,3,128,0.1,3,10,848826,0.031
random,gnp2000_7,2000,3,128,0.1,3,15,848496,0.045
random,gnp2000_7,2000,3,128,0.1,3,20,848378,0.059
random,gnp2000_7,2000,3,128,0.1,3,30,848303,0.086
random,gnp2000_7,2000,3,128,0.1,3,50,848124,0.141
random,gnp2000_7,2000,3,128,0.1,3,70,848026,0.196
random,gnp2000_7,2000,3,128,0.1,3,100,847846,0.28
random,gnp2000_7,2000,3,128,0.1,3,150,847784,0.417
random,gnp2000_7,2000,3,128,0.1,3,200,847590,0.556
random,gnp2000_7,2000,3,128,0.1,3,300,847570,0.834
random,gnp2000_7,2000,3,128,0.1,3,500,847542,1.387
random,gnp2000_7,2000,3,128,0.1,3,700,847542,1.939
random,gnp2000_7,2000,3,128,0.1,3,1000,847542,2.769
random,gnp2000_7,2000,3,128,0.1,4,1,850506,0.005
random,gnp2000_7,2000,3,128,0.1,4,2,850114,0.008
random,gnp2000_7,2000,3,128,0.1,4,3,849438,0.011
random,gnp2000_7,2000,3,128,0.1,4,5,849392,0.016
random,gnp2000_7,2000,3,128,0.1,4,7,849148,0.022
random,gnp2000_7,2000,3,128,0.1,4,10,848696,0.03
random,gnp2000_7,2000,3,128,0.1,4,15,848144,0.044
random,gnp2000_7,2000,3,128,0.1,4,20,848144,0.057
random,gnp2000_7,2000,3,128,0.1,4,30,848024,0.086
random,gnp2000_7,2000,3,128,0.1,4,50,847892,0.14
random,gnp2000_7,2000,3,128,0.1,4,70,847756,0.195
random,gnp2000_7,2000,3,128,0.1,4,100,847756,0.276
random,gnp2000_7,2000,3,128,0.1,4,150,847735,0.415
random,gnp2000_7,2000,3,128,0.1,4,200,847735,0.552
random,gnp2000_7,2000,3,128,0.1,4,300,847624,0.827
random,gnp2000_7,2000,3,128,0.1,4,500,847560,1.378
random,gnp2000_7,2000,3,128,0.1,4,700,847514,1.928
random,gnp2000_7,2000,3,128,0.1,4,1000,847514,2.754
random,gnp2000_7,2000,3,128,0.1,5,1,850482,0.004
random,gnp2000_7,2000,3,128,0.1,5,2,849498,0.007
random,gnp2000_7,2000,3,128,0.1,5,3,849498,0.01
random,gnp2000_7,2000,3,128,0.1,5,5,849358,0.016
random,gnp2000_7,2000,3,128,0.1,5,7,849224,0.022
random,gnp2000_7,2000,3,128,0.1,5,10,848930,0.03
random,gnp2000_7,2000,3,128,0.1,5,15,848722,0.044
random,gnp2000_7,2000,3,128,0.1,5,20,848546,0.058
random,gnp2000_7,2000,3,128,0.1,5,30,848172,0.085
random,gnp2000_7,2000,3,128,0.1,5,50,848030,0.143
random,gnp2000_7,2000,3,128,0.1,5,70,848026,0.199
random,gnp2000_7,2000,3,128,0.1,5,100,848010,0.281
random,gnp2000_7,2000,3,128,0.1,5,150,848010,0.419
random,gnp2000_7,2000,3,128,0.1,5,200,847929,0.556
random,gnp2000_7,2000,3,128,0.1,5,300,847720,0.832
random,gnp2000_7,2000,3,128,0.1,5,500,847686,1.388
random,gnp2000_7,2000,3,128,0.1,5,700,847587,1.941
random,gnp2000_7,2000,3,128,0.1,5,1000,847576,2.767
random,gnp2000_7,2000,3,128,0.1,6,1,850484,0.004
random,gnp2000_7,2000,3,128,0.1,6,2,850022,0.007
random,gnp2000_7,2000,3,128,0.1,6,3,849762,0.01
random,gnp2000_7,2000,3,128,0.1,6,5,849376,0.016
random,gnp2000_7,2000,3,128,0.1,6,7,849223,0.022
random,gnp2000_7,2000,3,128,0.1,6,10,848824,0.03
random,gnp2000_7,2000,3,128,0.1,6,15,848776,0.046
random,gnp2000_7,2000,3,128,0.1,6,20,848576,0.061
random,gnp2000_7,2000,3,128,0.1,6,30,848418,0.089
random,gnp2000_7,2000,3,128,0.1,6,50,848057,0.144
random,gnp2000_7,2000,3,128,0.1,6,70,848057,0.2
random,gnp2000_7,2000,3,128,0.1,6,100,847754,0.282
random,gnp2000_7,2000,3,128,0.1,6,150,847754,0.418
random,gnp2000_7,2000,3,128,0.1,6,200,847694,0.556
random,gnp2000_7,2000,3,128,0.1,6,300,847694,0.834
random,gnp2000_7,2000,3,128,0.1,6,500,847645,1.385
random,gnp2000_7,2000,3,128,0.1,6,700,847623,1.935
random,gnp2000_7,2000,3,128,0.1,6,1000,847610,2.768
random,gnp2000_7,2000,3,128,0.1,7,1,850277,0.004
random,gnp2000_7,2000,3,128,0.1,7,2,850124,0.007
random,gnp2000_7,2000,3,128,0.1,7,3,849768,0.01
random,gnp2000_7,2000,3,128,0.1,7,5,849284,0.016
random,gnp2000_7,2000,3,128,0.1,7,7,849068,0.022
random,gnp2000_7,2000,3,128,0.1,7,10,848736,0.03
random,gnp2000_7,2000,3,128,0.1,7,15,848708,0.044
random,gnp2000_7,2000,3,128,0.1,7,20,848460,0.057
random,gnp2000_7,2000,3,128,0.1,7,30,848076,0.086
random,gnp2000_7,2000,3,128,0.1,7,50,847746,0.141
random,gnp2000_7,2000,3,128,0.1,7,70,847746,0.198
random,gnp2000_7,2000,3,128,0.1,7,100,847746,0.281
random,gnp2000_7,2000,3,128,0.1,7,150,847746,0.42
random,gnp2000_7,2000,3,128,0.1,7,200,847746,0.558
random,gnp2000_7,2000,3,128,0.1,7,300,847746,0.835
random,gnp2000_7,2000,3,128,0.1,7,500,847746,1.392
random,gnp2000_7,2000,3,128,0.1,7,700,847702,1.944
random,gnp2000_7,2000,3,128,0.1,7,1000,847609,2.782
random,gnp2000_7,2000,3,128,0.1,8,1,850408,0.004
random,gnp2000_7,2000,3,128,0.1,8,2,850102,0.007
random,gnp2000_7,2000,3,128,0.1,8,3,849486,0.01
random,gnp2000_7,2000,3,128,0.1,8,5,849213,0.016
random,gnp2000_7,2000,3,128,0.1,8,7,849078,0.022
random,gnp2000_7,2000,3,128,0.1,8,10,848764,0.03
random,gnp2000_7,2000,3,128,0.1,8,15,848567,0.044
random,gnp2000_7,2000,3,128,0.1,8,20,848415,0.057
random,gnp2000_7,2000,3,128,0.1,8,30,848260,0.085
random,gnp2000_7,2000,3,128,0.1,8,50,847782,0.14
random,gnp2000_7,2000,3,128,0.1,8,70,847782,0.195
random,gnp2000_7,2000,3,128,0.1,8,100,847782,0.278
random,gnp2000_7,2000,3,128,0.1,8,150,847690,0.416
random,gnp2000_7,2000,3,128,0.1,8,200,847632,0.554
random,gnp2000_7,2000,3,128,0.1,8,300,847562,0.829
random,gnp2000_7,2000,3,128,0.1,8,500,847562,1.378
random,gnp2000_7,2000,3,128,0.1,8,700,847562,1.925
random,gnp2000_7,2000,3,128,0.1,8,1000,847562,2.752
random,gnp2000_7,2000,3,128,0.1,9,1,850764,0.005
random,gnp2000_7,2000,3,128,0.1,9,2,849870,0.008
random,gnp2000_7,2000,3,128,0.1,9,3,849720,0.01
random,gnp2000_7,2000,3,128,0.1,9,5,849346,0.016
random,gnp2000_7,2000,3,128,0.1,9,7,849082,0.022
random,gnp2000_7,2000,3,128,0.1,9,10,848746,0.031
random,gnp2000_7,2000,3,128,0.1,9,15,848402,0.046
random,gnp2000_7,2000,3,128,0.1,9,20,848390,0.061
random,gnp2000_7,2000,3,128,0.1,9,30,848222,0.09
random,gnp2000_7,2000,3,128,0.1,9,50,848030,0.146
random,gnp2000_7,2000,3,128,0.1,9,70,848030,0.201
random,gnp2000_7,2000,3,128,0.1,9,100,847940,0.284
random,gnp2000_7,2000,3,128,0.1,9,150,847830,0.42
random,gnp2000_7,2000,3,128,0.1,9,200,847722,0.559
random,gnp2000_7,2000,3,128,0.1,9,300,847606,0.836
random,gnp2000_7,2000,3,128,0.1,9,500,847540,1.387
random,gnp2000_7,2000,3,128,0.1,9,700,847540,1.941
random,gnp2000_7,2000,3,128,0.1,9,1000,847524,2.782
random,gnp2000_7,2000,3,128,0.25,2,1,850646,0.004
random,gnp2000_7,2000,3,128,0.25,2,2,849936,0.007
random,gnp2000_7,2000,3,128,0.25,2,3,849640,0.01
random,gnp2000_7,2000,3,128,0.25,2,5,849318,0.016
random,gnp2000_7,2000,3,128,0.25,2,7,848746,0.021
random,gnp2000_7,2000,3,128,0.25,2,10,848522,0.03
random,gnp2000_7,2000,3,128,0.25,2,15,848420,0.043
random,gnp2000_7,2000,3,128,0.25,2,20,848234,0.057
random,gnp2000_7,2000,3,128,0.25,2,30,847860,0.084
random,gnp2000_7,2000,3,128,0.25,2,50,847660,0.14
random,gnp2000_7,2000,3,128,0.25,2,70,847612,0.198
random,gnp2000_7,2000,3,128,0.25,2,100,847578,0.282
random,gnp2000_7,2000,3,128,0.25,2,150,847578,0.42
random,gnp2000_7,2000,3,128,0.25,2,200,847536,0.562
random,gnp2000_7,2000,3,128,0.25,2,300,847536,0.837
random,gnp2000_7,2000,3,128,0.25,2,500,847536,1.388
random,gnp2000_7,2000,3,128,0.25,2,700,847536,1.938
random,gnp2000_7,2000,3,128,0.25,2,1000,847536,2.763
random,gnp2000_7,2000,3,128,0.25,3,1,850316,0.004
random,gnp2000_7,2000,3,128,0.25,3,2,849914,0.007
random,gnp2000_7,2000,3,128,0.25,3,3,849498,0.01
random,gnp2000_7,2000,3,128,0.25,3,5,849386,0.016
random,gnp2000_7,2000,3,128,0.25,3,7,849166,0.021
random,gnp2000_7,2000,3,128,0.25,3,10,848848,0.03
random,gnp2000_7,2000,3,128,0.25,3,15,848604,0.043
random,gnp2000_7,2000,3,128,0.25,3,20,848350,0.058
random,gnp2000_7,2000,3,128,0.25,3,30,848212,0.085
random,gnp2000_7,2000,3,128,0.25,3,50,848002,0.139
random,gnp2000_7,2000,3,128,0.25,3,70,847996,0.195
random,gnp2000_7,2000,3,128,0.25,3,100,847746,0.277
random,gnp2000_7,2000,3,128,0.25,3,150,847746,0.414
random,gnp2000_7,2000,3,128,0.25,3,200,847746,0.553
random,gnp2000_7,2000,3,128,0.25,3,300,847746,0.829
random,gnp2000_7,2000,3,128,0.25,3,500,847738,1.384
random,gnp2000_7,2000,3,128,0.25,3,700,847738,1.936
random,gnp2000_7,2000,3,128,0.25,3,1000,847670,2.761
random,gnp2000_7,2000,3,128,0.25,4,1,850506,0.005
random,gnp2000_7,2000,3,128,0.25,4,2,849924,0.007
random,gnp2000_7,2000,3,128,0.25,4,3,849438,0.011
random,gnp2000_7,2000,3,128,0.25,4,5,849108,0.016
random,gnp2000_7,2000,3,128,0.25,4,7,849108,0.022
random,gnp2000_7,2000,3,128,0.25,4,10,848711,0.03
random,gnp2000_7,2000,3,128,0.25,4,15,848388,0.044
random,gnp2000_7,2000,3,128,0.25,4,20,848346,0.058
random,gnp2000_7,2000,3,128,0.25,4,30,848146,0.086
random,gnp2000_7,2000,3,128,0.25,4,50,848098,0.142
random,gnp2000_7,2000,3,128,0.25,4,70,848098,0.198
random,gnp2000_7,2000,3,128,0.25,4,100,848098,0.281
random,gnp2000_7,2000,3,128,0.25,4,150,847968,0.417
random,gnp2000_7,2000,3,128,0.25,4,200,847968,0.556
random,gnp2000_7,2000,3,128,0.25,4,300,847856,0.832
random,gnp2000_7,2000,3,128,0.25,4,500,847812,1.389
random,gnp2000_7,2000,3,128,0.25,4,700,847811,1.945
random,gnp2000_7,2000,3,128,0.25,4,1000,847798,2.776
random,gnp2000_7,2000,3,128,0.25,5,1,850482,0.004
random,gnp2000_7,2000,3,128,0.25,5,2,849498,0.007
random,gnp2000_7,2000,3,128,0.25,5,3,849498,0.01
random,gnp2000_7,2000,3,128,0.25,5,5,849433,0.016
random,gnp2000_7,2000,3,128,0.25,5,7,849232,0.021
random,gnp2000_7,2000,3,128,0.25,5,10,848782,0.03
random,gnp2000_7,2000,3,128,0.25,5,15,848516,0.043
random,gnp2000_7,2000,3,128,0.25,5,20,848296,0.057
random,gnp2000_7,2000,3,128,0.25,5,30,847998,0.085
random,gnp2000_7,2000,3,128,0.25,5,50,847808,0.139
random,gnp2000_7,2000,3,128,0.25,5,70,847808,0.195
random,gnp2000_7,2000,3,128,0.25,5,100,847808,0.277
random,gnp2000_7,2000,3,128,0.25,5,150,847772,0.416
random,gnp2000_7,2000,3,128,0.25,5,200,847772,0.555
random,gnp2000_7,2000,3,128,0.25,5,300,847772,0.83
random,gnp2000_7,2000,3,128,0.25,5,500,847772,1.381
random,gnp2000_7,2000,3,128,0.25,5,700,847772,1.934
random,gnp2000_7,2000,3,128,0.25,5,1000,847728,2.761
random,gnp2000_7,2000,3,128,0.25,6,1,850484,0.005
random,gnp2000_7,2000,3,128,0.25,6,2,850022,0.008
random,gnp2000_7,2000,3,128,0.25,6,3,849646,0.011
random,gnp2000_7,2000,3,128,0.25,6,5,849214,0.017
random,gnp2000_7,2000,3,128,0.25,6,7,848948,0.023
random,gnp2000_7,2000,3,128,0.25,6,10,848630,0.031
random,gnp2000_7,2000,3,128,0.25,6,15,848398,0.046
random,gnp2000_7,2000,3,128,0.25,6,20,848336,0.06
random,gnp2000_7,2000,3,128,0.25,6,30,848070,0.087
random,gnp2000_7,2000,3,128,0.25,6,50,847990,0.144
random,gnp2000_7,2000,3,128,0.25,6,70,847902,0.199
random,gnp2000_7,2000,3,128,0.25,6,100,847902,0.283
random,gnp2000_7,2000,3,128,0.25,6,150,847830,0.421
random,gnp2000_7,2000,3,128,0.25,6,200,847776,0.56
random,gnp2000_7,2000,3,128,0.25,6,300,847776,0.843
random,gnp2000_7,2000,3,128,0.25,6,500,847776,1.4
random,gnp2000_7,2000,3,128,0.25,6,700,847770,1.956
random,gnp2000_7,2000,3,128,0.25,6,1000,847758,2.789
random,gnp2000_7,2000,3,128,0.25,7,1,850277,0.004
random,gnp2000_7,2000,3,128,0.25,7,2,850124,0.007
random,gnp2000_7,2000,3,128,0.25,7,3,849136,0.01
random,gnp2000_7,2000,3,128,0.25,7,5,849136,0.016
random,gnp2000_7,2000,3,128,0.25,7,7,848917,0.021
random,gnp2000_7,2000,3,128,0.25,7,10,848772,0.03
random,gnp2000_7,2000,3,128,0.25,7,15,848488,0.045
random,gnp2000_7,2000,3,128,0.25,7,20,848196,0.059
random,gnp2000_7,2000,3,128,0.25,7,30,847964,0.086
random,gnp2000_7,2000,3,128,0.25,7,50,847752,0.142
random,gnp2000_7,2000,3,128,0.25,7,70,847752,0.197
random,gnp2000_7,2000,3,128,0.25,7,100,847700,0.28
random,gnp2000_7,2000,3,128,0.25,7,150,847700,0.42
random,gnp2000_7,2000,3,128,0.25,7,200,847700,0.558
random,gnp2000_7,2000,3,128,0.25,7,300,847665,0.834
random,gnp2000_7,2000,3,128,0.25,7,500,847650,1.388
random,gnp2000_7,2000,3,128,0.25,7,700,847650,1.947
random,gnp2000_7,2000,3,128,0.25,7,1000,847650,2.779
random,gnp2000_7,2000,3,128,0.25,8,1,850408,0.005
random,gnp2000_7,2000,3,128,0.25,8,2,850102,0.008
random,gnp2000_7,2000,3,128,0.25,8,3,849734,0.01
random,gnp2000_7,2000,3,128,0.25,8,5,849014,0.016
random,gnp2000_7,2000,3,128,0.25,8,7,848883,0.022
random,gnp2000_7,2000,3,128,0.25,8,10,848620,0.03
random,gnp2000_7,2000,3,128,0.25,8,15,848384,0.045
random,gnp2000_7,2000,3,128,0.25,8,20,848128,0.059
random,gnp2000_7,2000,3,128,0.25,8,30,848128,0.086
random,gnp2000_7,2000,3,128,0.25,8,50,848002,0.142
random,gnp2000_7,2000,3,128,0.25,8,70,847938,0.197
random,gnp2000_7,2000,3,128,0.25,8,100,847822,0.281
random,gnp2000_7,2000,3,128,0.25,8,150,847822,0.419
random,gnp2000_7,2000,3,128,0.25,8,200,847754,0.559
random,gnp2000_7,2000,3,128,0.25,8,300,847678,0.839
random,gnp2000_7,2000,3,128,0.25,8,500,847646,1.392
random,gnp2000_7,2000,3,128,0.25,8,700,847646,1.944
random,gnp2000_7,2000,3,128,0.25,8,1000,847568,2.777
random,gnp2000_7,2000,3,128,0.25,9,1,850764,0.004
random,gnp2000_7,2000,3,128,0.25,9,2,849870,0.007
random,gnp2000_7,2000,3,128,0.25,9,3,849723,0.01
random,gnp2000_7,2000,3,128,0.25,9,5,849344,0.016
random,gnp2000_7,2000,3,128,0.25,9,7,848738,0.021
random,gnp2000_7,2000,3,128,0.25,9,10,848738,0.03
random,gnp2000_7,2000,3,128,0.25,9,15,848352,0.044
random,gnp2000_7,2000,3,128,0.25,9,20,848352,0.058
random,gnp2000_7,2000,3,128,0.25,9,30,848108,0.086
random,gnp2000_7,2000,3,128,0.25,9,50,848092,0.141
random,gnp2000_7,2000,3,128,0.25,9,70,847918,0.197
random,gnp2000_7,2000,3,128,0.25,9,100,847846,0.278
random,gnp2000_7,2000,3,128,0.25,9,150,847702,0.417
random,gnp2000_7,2000,3,128,0.25,9,200,847702,0.554
random,gnp2000_7,2000,3,128,0.25,9,300,847498,0.827
random,gnp2000_7,2000,3,128,0.25,9,500,847498,1.378
random,gnp2000_7,2000,3,128,0.25,9,700,847498,1.929
random,gnp2000_7,2000,3,128,0.25,9,1000,847498,2.761
random,gnp2000_8,2000,3,128,0,2,1,850395,0.005
random,gnp2000_8,2000,3,128,0,2,2,850014,0.008
random,gnp2000_8,2000,3,128,0,2,3,849830,0.011
random,gnp2000_8,2000,3,128,0,2,5,849300,0.016
random,gnp2000_8,2000,3,128,0,2,7,849058,0.022
random,gnp2000_8,2000,3,128,0,2,10,848998,0.03
random,gnp2000_8,2000,3,128,0,2,15,848566,0.044
random,gnp2000_8,2000,3,128,0,2,20,848566,0.058
random,gnp2000_8,2000,3,128,0,2,30,848362,0.087
random,gnp2000_8,2000,3,128,0,2,50,848260,0.141
random,gnp2000_8,2000,3,128,0,2,70,848108,0.197
random,gnp2000_8,2000,3,128,0,2,100,848078,0.279
random,gnp2000_8,2000,3,128,0,2,150,848078,0.416
random,gnp2000_8,2000,3,128,0,2,200,848022,0.554
random,gnp2000_8,2000,3,128,0,2,300,847870,0.829
random,gnp2000_8,2000,3,128,0,2,500,847870,1.381
random,gnp2000_8,2000,3,128,0,2,700,847829,1.933
random,gnp2000_8,2000,3,128,0,2,1000,847829,2.76
random,gnp2000_8,2000,3,128,0,3,1,850223,0.004
random,gnp2000_8,2000,3,128,0,3,2,849789,0.007
random,gnp2000_8,2000,3,128,0,3,3,849628,0.011
random,gnp2000_8,2000,3,128,0,3,5,849172,0.017
random,gnp2000_8,2000,3,128,0,3,7,848849,0.023
random,gnp2000_8,2000,3,128,0,3,10,848594,0.031
random,gnp2000_8,2000,3,128,0,3,15,848414,0.045
random,gnp2000_8,2000,3,128,0,3,20,848414,0.059
random,gnp2000_8,2000,3,128,0,3,30,848258,0.087
random,gnp2000_8,2000,3,128,0,3,50,848205,0.142
random,gnp2000_8,2000,3,128,0,3,70,848140,0.197
random,gnp2000_8,2000,3,128,0,3,100,847932,0.28
random,gnp2000_8,2000,3,128,0,3,150,847932,0.418
random,gnp2000_8,2000,3,128,0,3,200,847786,0.556
random,gnp2000_8,2000,3,128,0,3,300,847650,0.834
random,gnp2000_8,2000,3,128,0,3,500,847650,1.395
random,gnp2000_8,2000,3,128,0,3,700,847650,1.947
random,gnp2000_8,2000,3,128,0,3,1000,847650,2.781
random,gnp2000_8,2000,3,128,0,4,1,850414,0.005
random,gnp2000_8,2000,3,128,0,4,2,849878,0.008
random,gnp2000_8,2000,3,128,0,4,3,849672,0.011
random,gnp2000_8,2000,3,128,0,4,5,849546,0.018
random,gnp2000_8,2000,3,128,0,4,7,848908,0.023
random,gnp2000_8,2000,3,128,0,4,10,848830,0.033
random,gnp2000_8,2000,3,128,0,4,15,848618,0.048
random,gnp2000_8,2000,3,128,0,4,20,848618,0.061
random,gnp2000_8,2000,3,128,0,4,30,848320,0.089
random,gnp2000_8,2000,3,128,0,4,50,847924,0.146
random,gnp2000_8,2000,3,128,0,4,70,847924,0.201
random,gnp2000_8,2000,3,128,0,4,100,847924,0.285
random,gnp2000_8,2000,3,128,0,4,150,847900,0.422
random,gnp2000_8,2000,3,128,0,4,200,847766,0.56
random,gnp2000_8,2000,3,128,0,4,300,847728,0.839
random,gnp2000_8,2000,3,128,0,4,500,847728,1.394
random,gnp2000_8,2000,3,128,0,4,700,847728,1.947
random,gnp2000_8,2000,3,128,0,4,1000,847726,2.782
random,gnp2000_8,2000,3,128,0,5,1,850602,0.004
random,gnp2000_8,2000,3,128,0,5,2,849960,0.007
random,gnp2000_8,2000,3,128,0,5,3,849600,0.01
random,gnp2000_8,2000,3,128,0,5,5,849288,0.016
random,gnp2000_8,2000,3,128,0,5,7,849106,0.021
random,gnp2000_8,2000,3,128,0,5,10,848898,0.029
random,gnp2000_8,2000,3,128,0,5,15,848794,0.045
random,gnp2000_8,2000,3,128,0,5,20,848518,0.059
random,gnp2000_8,2000,3,128,0,5,30,848212,0.086
random,gnp2000_8,2000,3,128,0,5,50,848194,0.144
random,gnp2000_8,2000,3,128,0,5,70,848094,0.202
random,gnp2000_8,2000,3,128,0,5,100,848024,0.288
random,gnp2000_8,2000,3,128,0,5,150,847900,0.426
random,gnp2000_8,2000,3,128,0,5,200,847776,0.565
random,gnp2000_8,2000,3,128,0,5,300,847776,0.839
random,gnp2000_8,2000,3,128,0,5,500,847776,1.399
random,gnp2000_8,2000,3,128,0,5,700,847743,1.954
random,gnp2000_8,2000,3,128,0,5,1000,847743,2.785
random,gnp2000_8,2000,3,128,0,6,1,850370,0.005
random,gnp2000_8,2000,3,128,0,6,2,849662,0.008
random,gnp2000_8,2000,3,128,0,6,3,849652,0.01
random,gnp2000_8,2000,3,128,0,6,5,849180,0.016
random,gnp2000_8,2000,3,128,0,6,7,848884,0.022
random,gnp2000_8,2000,3,128,0,6,10,848790,0.03
random,gnp2000_8,2000,3,128,0,6,15,848756,0.044
random,gnp2000_8,2000,3,128,0,6,20,848563,0.058
random,gnp2000_8,2000,3,128,0,6,30,848331,0.086
random,gnp2000_8,2000,3,128,0,6,50,848170,0.141
random,gnp2000_8,2000,3,128,0,6,70,848170,0.198
random,gnp2000_8,2000,3,128,0,6,100,848166,0.28
random,gnp2000_8,2000,3,128,0,6,150,847822,0.421
random,gnp2000_8,2000,3,128,0,6,200,847822,0.559
random,gnp2000_8,2000,3,128,0,6,300,847822,0.836
random,gnp2000_8,2000,3,128,0,6,500,847822,1.389
random,gnp2000_8,2000,3,128,0,6,700,847822,1.94
random,gnp2000_8,2000,3,128,0,6,1000,847784,2.777
random,gnp2000_8,2000,3,128,0,7,1,850278,0.004
random,gnp2000_8,2000,3,128,0,7,2,849946,0.007
random,gnp2000_8,2000,3,128,0,7,3,849256,0.01
random,gnp2000_8,2000,3,128,0,7,5,849207,0.016
random,gnp2000_8,2000,3,128,0,7,7,849122,0.021
random,gnp2000_8,2000,3,128,0,7,10,848816,0.03
random,gnp2000_8,2000,3,128,0,7,15,848560,0.043
random,gnp2000_8,2000,3,128,0,7,20,848560,0.057
random,gnp2000_8,2000,3,128,0,7,30,848560,0.086
random,gnp2000_8,2000,3,128,0,7,50,848420,0.141
random,gnp2000_8,2000,3,128,0,7,70,848184,0.197
random,gnp2000_8,2000,3,128,0,7,100,848042,0.278
random,gnp2000_8,2000,3,128,0,7,150,847870,0.417
random,gnp2000_8,2000,3,128,0,7,200,847840,0.554
random,gnp2000_8,2000,3,128,0,7,300,847754,0.831
random,gnp2000_8,2000,3,128,0,7,500,847754,1.383
random,gnp2000_8,2000,3,128,0,7,700,847734,1.934
random,gnp2000_8,2000,3,128,0,7,1000,847582,2.767
random,gnp2000_8,2000,3,128,0,8,1,850262,0.005
random,gnp2000_8,2000,3,128,0,8,2,849900,0.008
random,gnp2000_8,2000,3,128,0,8,3,849512,0.01
random,gnp2000_8,2000,3,128,0,8,5,849128,0.016
random,gnp2000_8,2000,3,128,0,8,7,849128,0.022
random,gnp2000_8,2000,3,128,0,8,10,848942,0.03
random,gnp2000_8,2000,3,128,0,8,15,848624,0.044
random,gnp2000_8,2000,3,128,0,8,20,848554,0.057
random,gnp2000_8,2000,3,128,0,8,30,848346,0.085
random,gnp2000_8,2000,3,128,0,8,50,848332,0.141
random,gnp2000_8,2000,3,128,0,8,70,848020,0.195
random,gnp2000_8,2000,3,128,0,8,100,848020,0.279
random,gnp2000_8,2000,3,128,0,8,150,848020,0.416
random,gnp2000_8,2000,3,128,0,8,200,847928,0.554
random,gnp2000_8,2000,3,128,0,8,300,847928,0.83
random,gnp2000_8,2000,3,128,0,8,500,847926,1.383
random,gnp2000_8,2000,3,128,0,8,700,847794,1.938
random,gnp2000_8,2000,3,128,0,8,1000,847672,2.765
random,gnp2000_8,2000,3,128,0,9,1,850162,0.005
random,gnp2000_8,2000,3,128,0,9,2,850038,0.008
random,gnp2000_8,2000,3,128,0,9,3,849788,0.01
random,gnp2000_8,2000,3,128,0,9,5,849244,0.016
random,gnp2000_8,2000,3,128,0,9,7,849088,0.022
random,gnp2000_8,2000,3,128,0,9,10,848738,0.03
random,gnp2000_8,2000,3,128,0,9,15,848604,0.045
random,gnp2000_8,2000,3,128,0,9,20,848504,0.059
random,gnp2000_8,2000,3,128,0,9,30,848298,0.086
random,gnp2000_8,2000,3,128,0,9,50,848260,0.144
random,gnp2000_8,2000,3,128,0,9,70,848218,0.199
random,gnp2000_8,2000,3,128,0,9,100,848148,0.282
random,gnp2000_8,2000,3,128,0,9,150,848062,0.419
random,gnp2000_8,2000,3,128,0,9,200,848062,0.557
random,gnp2000_8,2000,3,128,0,9,300,847797,0.833
random,gnp2000_8,2000,3,128,0,9,500,847787,1.387
random,gnp2000_8,2000,3,128,0,9,700,847754,1.938
random,gnp2000_8,2000,3,128,0,9,1000,847754,2.765
random,gnp2000_8,2000,3,128,0.1,2,1,850395,0.005
random,gnp2000_8,2000,3,128,0.1,2,2,849878,0.008
random,gnp2000_8,2000,3,128,0.1,2,3,849738,0.011
random,gnp2000_8,2000,3,128,0.1,2,5,849324,0.016
random,gnp2000_8,2000,3,128,0.1,2,7,849088,0.022
random,gnp2000_8,2000,3,128,0.1,2,10,848946,0.03
random,gnp2000_8,2000,3,128,0.1,2,15,848344,0.044
random,gnp2000_8,2000,3,128,0.1,2,20,848230,0.058
random,gnp2000_8,2000,3,128,0.1,2,30,847949,0.085
random,gnp2000_8,2000,3,128,0.1,2,50,847503,0.142
random,gnp2000_8,2000,3,128,0.1,2,70,847503,0.197
random,gnp2000_8,2000,3,128,0.1,2,100,847503,0.281
random,gnp2000_8,2000,3,128,0.1,2,150,847503,0.418
random,gnp2000_8,2000,3,128,0.1,2,200,847490,0.556
random,gnp2000_8,2000,3,128,0.1,2,300,847490,0.832
random,gnp2000_8,2000,3,128,0.1,2,500,847490,1.387
random,gnp2000_8,2000,3,128,0.1,2,700,847470,1.943
random,gnp2000_8,2000,3,128,0.1,2,1000,847470,2.774
random,gnp2000_8,2000,3,128,0.1,3,1,850223,0.004
random,gnp2000_8,2000,3,128,0.1,3,2,849662,0.007
random,gnp2000_8,2000,3,128,0.1,3,3,849628,0.01
random,gnp2000_8,2000,3,128,0.1,3,5,848960,0.016
random,gnp2000_8,2000,3,128,0.1,3,7,848762,0.022
random,gnp2000_8,2000,3,128,0.1,3,10,848524,0.03
random,gnp2000_8,2000,3,128,0.1,3,15,848314,0.044
random,gnp2000_8,2000,3,128,0.1,3,20,848224,0.058
random,gnp2000_8,2000,3,128,0.1,3,30,848066,0.087
random,gnp2000_8,2000,3,128,0.1,3,50,847934,0.143
random,gnp2000_8,2000,3,128,0.1,3,70,847930,0.198
random,gnp2000_8,2000,3,128,0.1,3,100,847846,0.281
random,gnp2000_8,2000,3,128,0.1,3,150,847714,0.419
random,gnp2000_8,2000,3,128,0.1,3,200,847585,0.561
random,gnp2000_8,2000,3,128,0.1,3,300,847585,0.838
random,gnp2000_8,2000,3,128,0.1,3,500,847486,1.418
random,gnp2000_8,2000,3,128,0.1,3,700,847486,2.029
random,gnp2000_8,2000,3,128,0.1,3,1000,847486,2.878
random,gnp2000_8,2000,3,128,0.1,4,1,850414,0.007
random,gnp2000_8,2000,3,128,0.1,4,2,849878,0.01
random,gnp2000_8,2000,3,128,0.1,4,3,849672,0.013
random,gnp2000_8,2000,3,128,0.1,4,5,849171,0.018
random,gnp2000_8,2000,3,128,0.1,4,7,848946,0.024
random,gnp2000_8,2000,3,128,0.1,4,10,848760,0.033
random,gnp2000_8,2000,3,128,0.1,4,15,848380,0.048
random,gnp2000_8,2000,3,128,0.1,4,20,848175,0.062
random,gnp2000_8,2000,3,128,0.1,4,30,848066,0.091
random,gnp2000_8,2000,3,128,0.1,4,50,848066,0.146
random,gnp2000_8,2000,3,128,0.1,4,70,847980,0.202
random,gnp2000_8,2000,3,128,0.1,4,100,847804,0.286
random,gnp2000_8,2000,3,128,0.1,4,150,847804,0.425
random,gnp2000_8,2000,3,128,0.1,4,200,847804,0.563
random,gnp2000_8,2000,3,128,0.1,4,300,847704,0.842
random,gnp2000_8,2000,3,128,0.1,4,500,847642,1.396
random,gnp2000_8,2000,3,128,0.1,4,700,847600,1.949
random,gnp2000_8,2000,3,128,0.1,4,1000,847600,2.776
random,gnp2000_8,2000,3,128,0.1,5,1,850602,0.004
random,gnp2000_8,2000,3,128,0.1,5,2,849960,0.007
random,gnp2000_8,2000,3,128,0.1,5,3,849524,0.01
random,gnp2000_8,2000,3,128,0.1,5,5,849290,0.016
random,gnp2000_8,2000,3,128,0.1,5,7,849170,0.021
random,gnp2000_8,2000,3,128,0.1,5,10,848372,0.03
random,gnp2000_8,2000,3,128,0.1,5,15,848346,0.043
random,gnp2000_8,2000,3,128,0.1,5,20,848172,0.059
random,gnp2000_8,2000,3,128,0.1,5,30,847998,0.086
random,gnp2000_8,2000,3,128,0.1,5,50,847928,0.142
random,gnp2000_8,2000,3,128,0.1,5,70,847744,0.197
random,gnp2000_8,2000,3,128,0.1,5,100,847671,0.279
random,gnp2000_8,2000,3,128,0.1,5,150,847671,0.421
random,gnp2000_8,2000,3,128,0.1,5,200,847671,0.558
random,gnp2000_8,2000,3,128,0.1,5,300,847671,0.833
random,gnp2000_8,2000,3,128,0.1,5,500,847628,1.388
random,gnp2000_8,2000,3,128,0.1,5,700,847579,1.938
random,gnp2000_8,2000,3,128,0.1,5,1000,847517,2.775
random,gnp2000_8,2000,3,128,0.1,6,1,850370,0.005
random,gnp2000_8,2000,3,128,0.1,6,2,849662,0.008
random,gnp2000_8,2000,3,128,0.1,6,3,849328,0.01
random,gnp2000_8,2000,3,128,0.1,6,5,849068,0.016
random,gnp2000_8,2000,3,128,0.1,6,7,849020,0.022
random,gnp2000_8,2000,3,128,0.1,6,10,848678,0.03
random,gnp2000_8,2000,3,128,0.1,6,15,848368,0.044
random,gnp2000_8,2000,3,128,0.1,6,20,848238,0.058
random,gnp2000_8,2000,3,128,0.1,6,30,848144,0.086
random,gnp2000_8,2000,3,128,0.1,6,50,847964,0.144
random,gnp2000_8,2000,3,128,0.1,6,70,847923,0.201
random,gnp2000_8,2000,3,128,0.1,6,100,847923,0.284
random,gnp2000_8,2000,3,128,0.1,6,150,847802,0.424
random,gnp2000_8,2000,3,128,0.1,6,200,847590,0.561
random,gnp2000_8,2000,3,128,0.1,6,300,847590,0.838
random,gnp2000_8,2000,3,128,0.1,6,500,847590,1.393
random,gnp2000_8,2000,3,128,0.1,6,700,847576,1.942
random,gnp2000_8,2000,3,128,0.1,6,1000,847466,2.78
random,gnp2000_8,2000,3,128,0.1,7,1,850278,0.004
random,gnp2000_8,2000,3,128,0.1,7,2,849946,0.007
random,gnp2000_8,2000,3,128,0.1,7,3,849554,0.01
random,gnp2000_8,2000,3,128,0.1,7,5,848982,0.016
random,gnp2000_8,2000,3,128,0.1,7,7,848575,0.021
random,gnp2000_8,2000,3,128,0.1,7,10,848454,0.03
random,gnp2000_8,2000,3,128,0.1,7,15,848308,0.043
random,gnp2000_8,2000,3,128,0.1,7,20,848110,0.057
random,gnp2000_8,2000,3,128,0.1,7,30,848090,0.085
random,gnp2000_8,2000,3,128,0.1,7,50,847782,0.141
random,gnp2000_8,2000,3,128,0.1,7,70,847765,0.196
random,gnp2000_8,2000,3,128,0.1,7,100,847747,0.279
random,gnp2000_8,2000,3,128,0.1,7,150,847627,0.416
random,gnp2000_8,2000,3,128,0.1,7,200,847627,0.555
random,gnp2000_8,2000,3,128,0.1,7,300,847610,0.83
random,gnp2000_8,2000,3,128,0.1,7,500,847542,1.384
random,gnp2000_8,2000,3,128,0.1,7,700,847472,1.939
random,gnp2000_8,2000,3,128,0.1,7,1000,847472,2.772
random,gnp2000_8,2000,3,128,0.1,8,1,850262,0.005
random,gnp2000_8,2000,3,128,0.1,8,2,849900,0.007
random,gnp2000_8,2000,3,128,0.1,8,3,849588,0.01
random,gnp2000_8,2000,3,128,0.1,8,5,849172,0.016
random,gnp2000_8,2000,3,128,0.1,8,7,849042,0.022
random,gnp2000_8,2000,3,128,0.1,8,10,848657,0.031
random,gnp2000_8,2000,3,128,0.1,8,15,848642,0.045
random,gnp2000_8,2000,3,128,0.1,8,20,848540,0.058
random,gnp2000_8,2000,3,128,0.1,8,30,848208,0.086
random,gnp2000_8,2000,3,128,0.1,8,50,847960,0.141
random,gnp2000_8,2000,3,128,0.1,8,70,847847,0.197
random,gnp2000_8,2000,3,128,0.1,8,100,847842,0.28
random,gnp2000_8,2000,3,128,0.1,8,150,847842,0.419
random,gnp2000_8,2000,3,128,0.1,8,200,847842,0.557
random,gnp2000_8,2000,3,128,0.1,8,300,847708,0.836
random,gnp2000_8,2000,3,128,0.1,8,500,847636,1.391
random,gnp2000_8,2000,3,128,0.1,8,700,847636,1.949
random,gnp2000_8,2000,3,128,0.1,8,1000,847520,2.782
random,gnp2000_8,2000,3,128,0.1,9,1,850162,0.005
random,gnp2000_8,2000,3,128,0.1,9,2,849722,0.007
random,gnp2000_8,2000,3,128,0.1,9,3,849692,0.01
random,gnp2000_8,2000,3,128,0.1,9,5,849290,0.016
random,gnp2000_8,2000,3,128,0.1,9,7,848998,0.021
random,gnp2000_8,2000,3,128,0.1,9,10,848944,0.03
random,gnp2000_8,2000,3,128,0.1,9,15,848470,0.043
random,gnp2000_8,2000,3,128,0.1,9,20,848470,0.057
random,gnp2000_8,2000,3,128,0.1,9,30,848180,0.085
random,gnp2000_8,2000,3,128,0.1,9,50,848044,0.139
random,gnp2000_8,2000,3,128,0.1,9,70,848000,0.197
random,gnp2000_8,2000,3,128,0.1,9,100,847894,0.28
random,gnp2000_8,2000,3,128,0.1,9,150,847808,0.416
random,gnp2000_8,2000,3,128,0.1,9,200,847778,0.555
random,gnp2000_8,2000,3,128,0.1,9,300,847778,0.84
random,gnp2000_8,2000,3,128,0.1,9,500,847647,1.394
random,gnp2000_8,2000,3,128,0.1,9,700,847647,1.948
random,gnp2000_8,2000,3,128,0.1,9,1000,847618,2.783
random,gnp2000_8,2000,3,128,0.25,2,1,850395,0.004
random,gnp2000_8,2000,3,128,0.25,2,2,849878,0.007
random,gnp2000_8,2000,3,128,0.25,2,3,849530,0.01
random,gnp2000_8,2000,3,128,0.25,2,5,849392,0.016
random,gnp2000_8,2000,3,128,0.25,2,7,849031,0.021
random,gnp2000_8,2000,3,128,0.25,2,10,848870,0.03
random,gnp2000_8,2000,3,128,0.25,2,15,848434,0.044
random,gnp2000_8,2000,3,128,0.25,2,20,848390,0.057
random,gnp2000_8,2000,3,128,0.25,2,30,848220,0.086
random,gnp2000_8,2000,3,128,0.25,2,50,848116,0.142
random,gnp2000_8,2000,3,128,0.25,2,70,847770,0.198
random,gnp2000_8,2000,3,128,0.25,2,100,847770,0.28
random,gnp2000_8,2000,3,128,0.25,2,150,847720,0.417
random,gnp2000_8,2000,3,128,0.25,2,200,847690,0.557
random,gnp2000_8,2000,3,128,0.25,2,300,847651,0.832
random,gnp2000_8,2000,3,128,0.25,2,500,847651,1.389
random,gnp2000_8,2000,3,128,0.25,2,700,847651,1.944
random,gnp2000_8,2000,3,128,0.25,2,1000,847651,2.776
random,gnp2000_8,2000,3,128,0.25,3,1,850223,0.004
random,gnp2000_8,2000,3,128,0.25,3,2,849662,0.007
random,gnp2000_8,2000,3,128,0.25,3,3,849328,0.01
random,gnp2000_8,2000,3,128,0.25,3,5,849096,0.016
random,gnp2000_8,2000,3,128,0.25,3,7,848930,0.021
random,gnp2000_8,2000,3,128,0.25,3,10,848702,0.03
random,gnp2000_8,2000,3,128,0.25,3,15,848376,0.043
random,gnp2000_8,2000,3,128,0.25,3,20,848088,0.057
random,gnp2000_8,2000,3,128,0.25,3,30,848060,0.085
random,gnp2000_8,2000,3,128,0.25,3,50,847856,0.141
random,gnp2000_8,2000,3,128,0.25,3,70,847856,0.195
random,gnp2000_8,2000,3,128,0.25,3,100,847799,0.279
random,gnp2000_8,2000,3,128,0.25,3,150,847776,0.417
random,gnp2000_8,2000,3,128,0.25,3,200,847622,0.556
random,gnp2000_8,2000,3,128,0.25,3,300,847622,0.833
random,gnp2000_8,2000,3,128,0.25,3,500,847622,1.397
random,gnp2000_8,2000,3,128,0.25,3,700,847588,1.956
random,gnp2000_8,2000,3,128,0.25,3,1000,847564,2.791
random,gnp2000_8,2000,3,128,0.25,4,1,850414,0.004
random,gnp2000_8,2000,3,128,0.25,4,2,849878,0.008
random,gnp2000_8,2000,3,128,0.25,4,3,849602,0.011
random,gnp2000_8,2000,3,128,0.25,4,5,849100,0.016
random,gnp2000_8,2000,3,128,0.25,4,7,848965,0.022
random,gnp2000_8,2000,3,128,0.25,4,10,848684,0.03
random,gnp2000_8,2000,3,128,0.25,4,15,848506,0.044
random,gnp2000_8,2000,3,128,0.25,4,20,848448,0.058
random,gnp2000_8,2000,3,128,0.25,4,30,848276,0.085
random,gnp2000_8,2000,3,128,0.25,4,50,848060,0.141
random,gnp2000_8,2000,3,128,0.25,4,70,847996,0.195
random,gnp2000_8,2000,3,128,0.25,4,100,847899,0.278
random,gnp2000_8,2000,3,128,0.25,4,150,847698,0.416
random,gnp2000_8,2000,3,128,0.25,4,200,847698,0.555
random,gnp2000_8,2000,3,128,0.25,4,300,847698,0.835
random,gnp2000_8,2000,3,128,0.25,4,500,847698,1.39
random,gnp2000_8,2000,3,128,0.25,4,700,847698,1.943
random,gnp2000_8,2000,3,128,0.25,4,1000,847698,2.775
random,gnp2000_8,2000,3,128,0.25,5,1,850602,0.004
random,gnp2000_8,2000,3,128,0.25,5,2,849960,0.007
random,gnp2000_8,2000,3,128,0.25,5,3,849524,0.01
random,gnp2000_8,2000,3,128,0.25,5,5,849070,0.016
random,gnp2000_8,2000,3,128,0.25,5,7,848800,0.021
random,gnp2000_8,2000,3,128,0.25,5,10,848775,0.03
random,gnp2000_8,2000,3,128,0.25,5,15,848404,0.045
random,gnp2000_8,2000,3,128,0.25,5,20,848180,0.058
random,gnp2000_8,2000,3,128,0.25,5,30,847970,0.085
random,gnp2000_8,2000,3,128,0.25,5,50,847970,0.14
random,gnp2000_8,2000,3,128,0.25,5,70,847962,0.194
random,gnp2000_8,2000,3,128,0.25,5,100,847818,0.281
random,gnp2000_8,2000,3,128,0.25,5,150,847818,0.419
random,gnp2000_8,2000,3,128,0.25,5,200,847804,0.555
random,gnp2000_8,2000,3,128,0.25,5,300,847608,0.834
random,gnp2000_8,2000,3,128,0.25,5,500,847608,1.387
random,gnp2000_8,2000,3,128,0.25,5,700,847532,1.94
random,gnp2000_8,2000,3,128,0.25,5,1000,847532,2.769
random,gnp2000_8,2000,3,128,0.25,6,1,850370,0.005
random,gnp2000_8,2000,3,128,0.25,6,2,849662,0.008
random,gnp2000_8,2000,3,128,0.25,6,3,849496,0.01
random,gnp2000_8,2000,3,128,0.25,6,5,849096,0.016
random,gnp2000_8,2000,3,128,0.25,6,7,848891,0.021
random,gnp2000_8,2000,3,128,0.25,6,10,848614,0.03
random,gnp2000_8,2000,3,128,0.25,6,15,848370,0.043
random,gnp2000_8,2000,3,128,0.25,6,20,848249,0.058
random,gnp2000_8,2000,3,128,0.25,6,30,847982,0.085
random,gnp2000_8,2000,3,128,0.25,6,50,847951,0.14
random,gnp2000_8,2000,3,128,0.25,6,70,847916,0.194
random,gnp2000_8,2000,3,128,0.25,6,100,847806,0.276
random,gnp2000_8,2000,3,128,0.25,6,150,847502,0.415
random,gnp2000_8,2000,3,128,0.25,6,200,847480,0.554
random,gnp2000_8,2000,3,128,0.25,6,300,847480,0.828
random,gnp2000_8,2000,3,128,0.25,6,500,847458,1.383
random,gnp2000_8,2000,3,128,0.25,6,700,847458,1.939
random,gnp2000_8,2000,3,128,0.25,6,1000,847458,2.771
random,gnp2000_8,2000,3,128,0.25,7,1,850278,0.005
random,gnp2000_8,2000,3,128,0.25,7,2,849999,0.008
random,gnp2000_8,2000,3,128,0.25,7,3,849256,0.011
random,gnp2000_8,2000,3,128,0.25,7,5,848899,0.016
random,gnp2000_8,2000,3,128,0.25,7,7,848688,0.022
random,gnp2000_8,2000,3,128,0.25,7,10,848620,0.03
random,gnp2000_8,2000,3,128,0.25,7,15,848306,0.044
random,gnp2000_8,2000,3,128,0.25,7,20,848082,0.058
random,gnp2000_8,2000,3,128,0.25,7,30,848010,0.086
random,gnp2000_8,2000,3,128,0.25,7,50,847842,0.141
random,gnp2000_8,2000,3,128,0.25,7,70,847594,0.198
random,gnp2000_8,2000,3,128,0.25,7,100,847528,0.28
random,gnp2000_8,2000,3,128,0.25,7,150,847460,0.421
random,gnp2000_8,2000,3,128,0.25,7,200,847460,0.558
random,gnp2000_8,2000,3,128,0.25,7,300,847434,0.834
random,gnp2000_8,2000,3,128,0.25,7,500,847434,1.39
random,gnp2000_8,2000,3,128,0.25,7,700,847434,1.938
random,gnp2000_8,2000,3,128,0.25,7,1000,847434,2.772
random,gnp2000_8,2000,3,128,0.25,8,1,850262,0.005
random,gnp2000_8,2000,3,128,0.25,8,2,849900,0.007
random,gnp2000_8,2000,3,128,0.25,8,3,849588,0.01
random,gnp2000_8,2000,3,128,0.25,8,5,848992,0.016
random,gnp2000_8,2000,3,128,0.25,8,7,848992,0.022
random,gnp2000_8,2000,3,128,0.25,8,10,848610,0.03
random,gnp2000_8,2000,3,128,0.25,8,15,848278,0.044
random,gnp2000_8,2000,3,128,0.25,8,20,848038,0.057
random,gnp2000_8,2000,3,128,0.25,8,30,848038,0.085
random,gnp2000_8,2000,3,128,0.25,8,50,847778,0.141
random,gnp2000_8,2000,3,128,0.25,8,70,847738,0.197
random,gnp2000_8,2000,3,128,0.25,8,100,847738,0.28
random,gnp2000_8,2000,3,128,0.25,8,150,847738,0.415
random,gnp2000_8,2000,3,128,0.25,8,200,847738,0.556
random,gnp2000_8,2000,3,128,0.25,8,300,847738,0.831
random,gnp2000_8,2000,3,128,0.25,8,500,847668,1.385
random,gnp2000_8,2000,3,128,0.25,8,700,847668,1.938
random,gnp2000_8,2000,3,128,0.25,8,1000,847668,2.768
random,gnp2000_8,2000,3,128,0.25,9,1,850162,0.005
random,gnp2000_8,2000,3,128,0.25,9,2,849722,0.008
random,gnp2000_8,2000,3,128,0.25,9,3,849628,0.011
random,gnp2000_8,2000,3,128,0.25,9,5,849342,0.017
random,gnp2000_8,2000,3,128,0.25,9,7,848994,0.023
random,gnp2000_8,2000,3,128,0.25,9,10,848726,0.031
random,gnp2000_8,2000,3,128,0.25,9,15,848536,0.045
random,gnp2000_8,2000,3,128,0.25,9,20,848536,0.059
random,gnp2000_8,2000,3,128,0.25,9,30,848266,0.087
random,gnp2000_8,2000,3,128,0.25,9,50,847978,0.144
random,gnp2000_8,2000,3,128,0.25,9,70,847978,0.198
random,gnp2000_8,2000,3,128,0.25,9,100,847722,0.282
random,gnp2000_8,2000,3,128,0.25,9,150,847722,0.42
random,gnp2000_8,2000,3,128,0.25,9,200,847722,0.558
random,gnp2000_8,2000,3,128,0.25,9,300,847712,0.835
random,gnp2000_8,2000,3,128,0.25,9,500,847634,1.39
random,gnp2000_8,2000,3,128,0.25,9,700,847618,1.942
random,gnp2000_8,2000,3,128,0.25,9,1000,847600,2.769
random,gnp2000_7,2000,8,128,0,2,1,709515,0.01
random,gnp2000_7,2000,8,128,0,2,2,708975,0.016
random,gnp2000_7,2000,8,128,0,2,3,708916,0.022
random,gnp2000_7,2000,8,128,0,2,5,708487,0.033
random,gnp2000_7,2000,8,128,0,2,7,708337,0.043
random,gnp2000_7,2000,8,128,0,2,10,708205,0.059
random,gnp2000_7,2000,8,128,0,2,15,707842,0.085
random,gnp2000_7,2000,8,128,0,2,20,707615,0.109
random,gnp2000_7,2000,8,128,0,2,30,707397,0.156
random,gnp2000_7,2000,8,128,0,2,50,707097,0.251
random,gnp2000_7,2000,8,128,0,2,70,706967,0.345
random,gnp2000_7,2000,8,128,0,2,100,706898,0.482
random,gnp2000_7,2000,8,128,0,2,150,706843,0.711
random,gnp2000_7,2000,8,128,0,2,200,706751,0.939
random,gnp2000_7,2000,8,128,0,2,300,706639,1.395
random,gnp2000_7,2000,8,128,0,2,500,706611,2.296
random,gnp2000_7,2000,8,128,0,2,700,706611,3.187
random,gnp2000_7,2000,8,128,0,2,1000,706606,4.53
random,gnp2000_7,2000,8,128,0,3,1,709485,0.01
random,gnp2000_7,2000,8,128,0,3,2,709098,0.016
random,gnp2000_7,2000,8,128,0,3,3,708975,0.021
random,gnp2000_7,2000,8,128,0,3,5,708590,0.032
random,gnp2000_7,2000,8,128,0,3,7,708206,0.042
random,gnp2000_7,2000,8,128,0,3,10,707854,0.057
random,gnp2000_7,2000,8,128,0,3,15,707537,0.081
random,gnp2000_7,2000,8,128,0,3,20,707452,0.104
random,gnp2000_7,2000,8,128,0,3,30,707259,0.151
random,gnp2000_7,2000,8,128,0,3,50,707088,0.244
random,gnp2000_7,2000,8,128,0,3,70,706895,0.336
random,gnp2000_7,2000,8,128,0,3,100,706823,0.475
random,gnp2000_7,2000,8,128,0,3,150,706713,0.704
random,gnp2000_7,2000,8,128,0,3,200,706690,0.93
random,gnp2000_7,2000,8,128,0,3,300,706679,1.382
random,gnp2000_7,2000,8,128,0,3,500,706569,2.285
random,gnp2000_7,2000,8,128,0,3,700,706557,3.19
random,gnp2000_7,2000,8,128,0,3,1000,706553,4.541
random,gnp2000_7,2000,8,128,0,4,1,709649,0.01
random,gnp2000_7,2000,8,128,0,4,2,708887,0.016
random,gnp2000_7,2000,8,128,0,4,3,708773,0.022
random,gnp2000_7,2000,8,128,0,4,5,708443,0.032
random,gnp2000_7,2000,8,128,0,4,7,708245,0.043
random,gnp2000_7,2000,8,128,0,4,10,708023,0.057
random,gnp2000_7,2000,8,128,0,4,15,707762,0.082
random,gnp2000_7,2000,8,128,0,4,20,707689,0.108
random,gnp2000_7,2000,8,128,0,4,30,707330,0.158
random,gnp2000_7,2000,8,128,0,4,50,707045,0.258
random,gnp2000_7,2000,8,128,0,4,70,706973,0.359
random,gnp2000_7,2000,8,128,0,4,100,706839,0.511
random,gnp2000_7,2000,8,128,0,4,150,706683,0.762
random,gnp2000_7,2000,8,128,0,4,200,706618,1.008
random,gnp2000_7,2000,8,128,0,4,300,706618,1.48
random,gnp2000_7,2000,8,128,0,4,500,706487,2.382
random,gnp2000_7,2000,8,128,0,4,700,706447,3.278
random,gnp2000_7,2000,8,128,0,4,1000,706384,4.616
random,gnp2000_7,2000,8,128,0,5,1,709595,0.01
random,gnp2000_7,2000,8,128,0,5,2,709170,0.016
random,gnp2000_7,2000,8,128,0,5,3,708862,0.021
random,gnp2000_7,2000,8,128,0,5,5,708405,0.032
random,gnp2000_7,2000,8,128,0,5,7,708305,0.043
random,gnp2000_7,2000,8,128,0,5,10,708027,0.058
random,gnp2000_7,2000,8,128,0,5,15,707781,0.082
random,gnp2000_7,2000,8,128,0,5,20,707674,0.106
random,gnp2000_7,2000,8,128,0,5,30,707279,0.154
random,gnp2000_7,2000,8,128,0,5,50,707161,0.248
random,gnp2000_7,2000,8,128,0,5,70,707015,0.342
random,gnp2000_7,2000,8,128,0,5,100,706867,0.479
random,gnp2000_7,2000,8,128,0,5,150,706833,0.706
random,gnp2000_7,2000,8,128,0,5,200,706813,0.936
random,gnp2000_7,2000,8,128,0,5,300,706767,1.39
random,gnp2000_7,2000,8,128,0,5,500,706584,2.287
random,gnp2000_7,2000,8,128,0,5,700,706584,3.173
random,gnp2000_7,2000,8,128,0,5,1000,706584,4.507
random,gnp2000_7,2000,8,128,0,6,1,709797,0.01
random,gnp2000_7,2000,8,128,0,6,2,709147,0.016
random,gnp2000_7,2000,8,128,0,6,3,708816,0.021
random,gnp2000_7,2000,8,128,0,6,5,708504,0.032
random,gnp2000_7,2000,8,128,0,6,7,708287,0.042
random,gnp2000_7,2000,8,128,0,6,10,708097,0.058
random,gnp2000_7,2000,8,128,0,6,15,707824,0.082
random,gnp2000_7,2000,8,128,0,6,20,707502,0.106
random,gnp2000_7,2000,8,128,0,6,30,707384,0.153
random,gnp2000_7,2000,8,128,0,6,50,707249,0.245
random,gnp2000_7,2000,8,128,0,6,70,707094,0.337
random,gnp2000_7,2000,8,128,0,6,100,706981,0.474
random,gnp2000_7,2000,8,128,0,6,150,706919,0.701
random,gnp2000_7,2000,8,128,0,6,200,706907,0.927
random,gnp2000_7,2000,8,128,0,6,300,706765,1.377
random,gnp2000_7,2000,8,128,0,6,500,706729,2.274
random,gnp2000_7,2000,8,128,0,6,700,706729,3.172
random,gnp2000_7,2000,8,128,0,6,1000,706680,4.515
random,gnp2000_7,2000,8,128,0,7,1,709813,0.01
random,gnp2000_7,2000,8,128,0,7,2,709165,0.016
random,gnp2000_7,2000,8,128,0,7,3,708757,0.022
random,gnp2000_7,2000,8,128,0,7,5,708188,0.032
random,gnp2000_7,2000,8,128,0,7,7,708078,0.042
random,gnp2000_7,2000,8,128,0,7,10,707945,0.057
random,gnp2000_7,2000,8,128,0,7,15,707678,0.081
random,gnp2000_7,2000,8,128,0,7,20,707597,0.105
random,gnp2000_7,2000,8,128,0,7,30,707407,0.153
random,gnp2000_7,2000,8,128,0,7,50,707224,0.246
random,gnp2000_7,2000,8,128,0,7,70,706936,0.337
random,gnp2000_7,2000,8,128,0,7,100,706830,0.472
random,gnp2000_7,2000,8,128,0,7,150,706761,0.698
random,gnp2000_7,2000,8,128,0,7,200,706733,0.923
random,gnp2000_7,2000,8,128,0,7,300,706597,1.368
random,gnp2000_7,2000,8,128,0,7,500,706545,2.259
random,gnp2000_7,2000,8,128,0,7,700,706517,3.149
random,gnp2000_7,2000,8,128,0,7,1000,706517,4.48
random,gnp2000_7,2000,8,128,0,8,1,709604,0.011
random,gnp2000_7,2000,8,128,0,8,2,709001,0.017
random,gnp2000_7,2000,8,128,0,8,3,708677,0.023
random,gnp2000_7,2000,8,128,0,8,5,708446,0.033
random,gnp2000_7,2000,8,128,0,8,7,708226,0.043
random,gnp2000_7,2000,8,128,0,8,10,707922,0.058
random,gnp2000_7,2000,8,128,0,8,15,707501,0.082
random,gnp2000_7,2000,8,128,0,8,20,707477,0.105
random,gnp2000_7,2000,8,128,0,8,30,707238,0.152
random,gnp2000_7,2000,8,128,0,8,50,706998,0.244
random,gnp2000_7,2000,8,128,0,8,70,706908,0.335
random,gnp2000_7,2000,8,128,0,8,100,706903,0.47
random,gnp2000_7,2000,8,128,0,8,150,706823,0.696
random,gnp2000_7,2000,8,128,0,8,200,706766,0.922
random,gnp2000_7,2000,8,128,0,8,300,706701,1.373
random,gnp2000_7,2000,8,128,0,8,500,706610,2.268
random,gnp2000_7,2000,8,128,0,8,700,706561,3.163
random,gnp2000_7,2000,8,128,0,8,1000,706507,4.5
random,gnp2000_7,2000,8,128,0,9,1,709596,0.01
random,gnp2000_7,2000,8,128,0,9,2,709181,0.016
random,gnp2000_7,2000,8,128,0,9,3,708961,0.021
random,gnp2000_7,2000,8,128,0,9,5,708457,0.032
random,gnp2000_7,2000,8,128,0,9,7,708348,0.042
random,gnp2000_7,2000,8,128,0,9,10,708139,0.056
random,gnp2000_7,2000,8,128,0,9,15,707796,0.081
random,gnp2000_7,2000,8,128,0,9,20,707721,0.104
random,gnp2000_7,2000,8,128,0,9,30,707326,0.151
random,gnp2000_7,2000,8,128,0,9,50,707182,0.244
random,gnp2000_7,2000,8,128,0,9,70,707061,0.335
random,gnp2000_7,2000,8,128,0,9,100,706954,0.472
random,gnp2000_7,2000,8,128,0,9,150,706763,0.699
random,gnp2000_7,2000,8,128,0,9,200,706690,0.924
random,gnp2000_7,2000,8,128,0,9,300,706563,1.371
random,gnp2000_7,2000,8,128,0,9,500,706495,2.264
random,gnp2000_7,2000,8,128,0,9,700,706489,3.154
random,gnp2000_7,2000,8,128,0,9,1000,706483,4.49
random,gnp2000_7,2000,8,128,0.1,2,1,709515,0.01
random,gnp2000_7,2000,8,128,0.1,2,2,708975,0.016
random,gnp2000_7,2000,8,128,0.1,2,3,708872,0.021
random,gnp2000_7,2000,8,128,0.1,2,5,708487,0.032
random,gnp2000_7,2000,8,128,0.1,2,7,708331,0.042
random,gnp2000_7,2000,8,128,0.1,2,10,707733,0.057
random,gnp2000_7,2000,8,128,0.1,2,15,707517,0.081
random,gnp2000_7,2000,8,128,0.1,2,20,707281,0.104
random,gnp2000_7,2000,8,128,0.1,2,30,707085,0.151
random,gnp2000_7,2000,8,128,0.1,2,50,706943,0.242
random,gnp2000_7,2000,8,128,0.1,2,70,706901,0.332
random,gnp2000_7,2000,8,128,0.1,2,100,706898,0.468
random,gnp2000_7,2000,8,128,0.1,2,150,706889,0.694
random,gnp2000_7,2000,8,128,0.1,2,200,706847,0.919
random,gnp2000_7,2000,8,128,0.1,2,300,706810,1.369
random,gnp2000_7,2000,8,128,0.1,2,500,706805,2.266
random,gnp2000_7,2000,8,128,0.1,2,700,706805,3.167
random,gnp2000_7,2000,8,128,0.1,2,1000,706805,4.513
random,gnp2000_7,2000,8,128,0.1,3,1,709485,0.01
random,gnp2000_7,2000,8,128,0.1,3,2,709063,0.016
random,gnp2000_7,2000,8,128,0.1,3,3,708901,0.021
random,gnp2000_7,2000,8,128,0.1,3,5,708563,0.032
random,gnp2000_7,2000,8,128,0.1,3,7,708143,0.041
random,gnp2000_7,2000,8,128,0.1,3,10,707865,0.056
random,gnp2000_7,2000,8,128,0.1,3,15,707554,0.08
random,gnp2000_7,2000,8,128,0.1,3,20,707317,0.103
random,gnp2000_7,2000,8,128,0.1,3,30,707067,0.15
random,gnp2000_7,2000,8,128,0.1,3,50,706960,0.24
random,gnp2000_7,2000,8,128,0.1,3,70,706901,0.331
random,gnp2000_7,2000,8,128,0.1,3,100,706879,0.468
random,gnp2000_7,2000,8,128,0.1,3,150,706879,0.696
random,gnp2000_7,2000,8,128,0.1,3,200,706879,0.921
random,gnp2000_7,2000,8,128,0.1,3,300,706877,1.374
random,gnp2000_7,2000,8,128,0.1,3,500,706877,2.282
random,gnp2000_7,2000,8,128,0.1,3,700,706866,3.189
random,gnp2000_7,2000,8,128,0.1,3,1000,706866,4.549
random,gnp2000_7,2000,8,128,0.1,4,1,709649,0.01
random,gnp2000_7,2000,8,128,0.1,4,2,708887,0.016
random,gnp2000_7,2000,8,128,0.1,4,3,708716,0.021
random,gnp2000_7,2000,8,128,0.1,4,5,708223,0.032
random,gnp2000_7,2000,8,128,0.1,4,7,708057,0.042
random,gnp2000_7,2000,8,128,0.1,4,10,707748,0.056
random,gnp2000_7,2000,8,128,0.1,4,15,707520,0.08
random,gnp2000_7,2000,8,128,0.1,4,20,707307,0.104
random,gnp2000_7,2000,8,128,0.1,4,30,707153,0.151
random,gnp2000_7,2000,8,128,0.1,4,50,707069,0.241
random,gnp2000_7,2000,8,128,0.1,4,70,707058,0.331
random,gnp2000_7,2000,8,128,0.1,4,100,707058,0.467
random,gnp2000_7,2000,8,128,0.1,4,150,707053,0.694
random,gnp2000_7,2000,8,128,0.1,4,200,707053,0.921
random,gnp2000_7,2000,8,128,0.1,4,300,707051,1.373
random,gnp2000_7,2000,8,128,0.1,4,500,707028,2.277
random,gnp2000_7,2000,8,128,0.1,4,700,707028,3.182
random,gnp2000_7,2000,8,128,0.1,4,1000,707028,4.539
random,gnp2000_7,2000,8,128,0.1,5,1,709595,0.01
random,gnp2000_7,2000,8,128,0.1,5,2,709148,0.016
random,gnp2000_7,2000,8,128,0.1,5,3,708740,0.021
random,gnp2000_7,2000,8,128,0.1,5,5,708532,0.031
random,gnp2000_7,2000,8,128,0.1,5,7,708227,0.041
random,gnp2000_7,2000,8,128,0.1,5,10,707955,0.056
random,gnp2000_7,2000,8,128,0.1,5,15,707559,0.081
random,gnp2000_7,2000,8,128,0.1,5,20,707409,0.104
random,gnp2000_7,2000,8,128,0.1,5,30,707298,0.15
random,gnp2000_7,2000,8,128,0.1,5,50,707075,0.242
random,gnp2000_7,2000,8,128,0.1,5,70,707009,0.332
random,gnp2000_7,2000,8,128,0.1,5,100,707006,0.468
random,gnp2000_7,2000,8,128,0.1,5,150,707006,0.694
random,gnp2000_7,2000,8,128,0.1,5,200,707006,0.92
random,gnp2000_7,2000,8,128,0.1,5,300,707006,1.375
random,gnp2000_7,2000,8,128,0.1,5,500,707006,2.278
random,gnp2000_7,2000,8,128,0.1,5,700,707006,3.18
random,gnp2000_7,2000,8,128,0.1,5,1000,706984,4.539
random,gnp2000_7,2000,8,128,0.1,6,1,709797,0.01
random,gnp2000_7,2000,8,128,0.1,6,2,709141,0.016
random,gnp2000_7,2000,8,128,0.1,6,3,708816,0.021
random,gnp2000_7,2000,8,128,0.1,6,5,708313,0.031
random,gnp2000_7,2000,8,128,0.1,6,7,708149,0.042
random,gnp2000_7,2000,8,128,0.1,6,10,707929,0.057
random,gnp2000_7,2000,8,128,0.1,6,15,707612,0.081
random,gnp2000_7,2000,8,128,0.1,6,20,707442,0.104
random,gnp2000_7,2000,8,128,0.1,6,30,707299,0.15
random,gnp2000_7,2000,8,128,0.1,6,50,707125,0.241
random,gnp2000_7,2000,8,128,0.1,6,70,707094,0.331
random,gnp2000_7,2000,8,128,0.1,6,100,707088,0.467
random,gnp2000_7,2000,8,128,0.1,6,150,707088,0.694
random,gnp2000_7,2000,8,128,0.1,6,200,707075,0.92
random,gnp2000_7,2000,8,128,0.1,6,300,706999,1.37
random,gnp2000_7,2000,8,128,0.1,6,500,706986,2.27
random,gnp2000_7,2000,8,128,0.1,6,700,706983,3.17
random,gnp2000_7,2000,8,128,0.1,6,1000,706983,4.522
random,gnp2000_7,2000,8,128,0.1,7,1,709813,0.01
random,gnp2000_7,2000,8,128,0.1,7,2,709165,0.016
random,gnp2000_7,2000,8,128,0.1,7,3,708757,0.022
random,gnp2000_7,2000,8,128,0.1,7,5,708441,0.033
random,gnp2000_7,2000,8,128,0.1,7,7,708121,0.043
random,gnp2000_7,2000,8,128,0.1,7,10,707843,0.058
random,gnp2000_7,2000,8,128,0.1,7,15,707554,0.082
random,gnp2000_7,2000,8,128,0.1,7,20,707359,0.105
random,gnp2000_7,2000,8,128,0.1,7,30,707166,0.151
random,gnp2000_7,2000,8,128,0.1,7,50,707103,0.242
random,gnp2000_7,2000,8,128,0.1,7,70,707076,0.334
random,gnp2000_7,2000,8,128,0.1,7,100,707073,0.471
random,gnp2000_7,2000,8,128,0.1,7,150,707068,0.698
random,gnp2000_7,2000,8,128,0.1,7,200,707068,0.926
random,gnp2000_7,2000,8,128,0.1,7,300,707051,1.382
random,gnp2000_7,2000,8,128,0.1,7,500,707050,2.293
random,gnp2000_7,2000,8,128,0.1,7,700,707050,3.204
random,gnp2000_7,2000,8,128,0.1,7,1000,707049,4.661
random,gnp2000_7,2000,8,128,0.1,8,1,709604,0.01
random,gnp2000_7,2000,8,128,0.1,8,2,709001,0.016
random,gnp2000_7,2000,8,128,0.1,8,3,708677,0.021
random,gnp2000_7,2000,8,128,0.1,8,5,708375,0.031
random,gnp2000_7,2000,8,128,0.1,8,7,707991,0.041
random,gnp2000_7,2000,8,128,0.1,8,10,707822,0.056
random,gnp2000_7,2000,8,128,0.1,8,15,707489,0.08
random,gnp2000_7,2000,8,128,0.1,8,20,707312,0.104
random,gnp2000_7,2000,8,128,0.1,8,30,707177,0.15
random,gnp2000_7,2000,8,128,0.1,8,50,707102,0.24
random,gnp2000_7,2000,8,128,0.1,8,70,706959,0.331
random,gnp2000_7,2000,8,128,0.1,8,100,706907,0.467
random,gnp2000_7,2000,8,128,0.1,8,150,706903,0.692
random,gnp2000_7,2000,8,128,0.1,8,200,706824,0.919
random,gnp2000_7,2000,8,128,0.1,8,300,706783,1.368
random,gnp2000_7,2000,8,128,0.1,8,500,706783,2.267
random,gnp2000_7,2000,8,128,0.1,8,700,706783,3.166
random,gnp2000_7,2000,8,128,0.1,8,1000,706768,4.514
random,gnp2000_7,2000,8,128,0.1,9,1,709596,0.01
random,gnp2000_7,2000,8,128,0.1,9,2,709181,0.016
random,gnp2000_7,2000,8,128,0.1,9,3,708825,0.021
random,gnp2000_7,2000,8,128,0.1,9,5,708475,0.032
random,gnp2000_7,2000,8,128,0.1,9,7,708117,0.042
random,gnp2000_7,2000,8,128,0.1,9,10,707885,0.056
random,gnp2000_7,2000,8,128,0.1,9,15,707647,0.08
random,gnp2000_7,2000,8,128,0.1,9,20,707548,0.103
random,gnp2000_7,2000,8,128,0.1,9,30,707303,0.151
random,gnp2000_7,2000,8,128,0.1,9,50,707091,0.242
random,gnp2000_7,2000,8,128,0.1,9,70,707046,0.333
random,gnp2000_7,2000,8,128,0.1,9,100,706997,0.47
random,gnp2000_7,2000,8,128,0.1,9,150,706980,0.696
random,gnp2000_7,2000,8,128,0.1,9,200,706975,0.924
random,gnp2000_7,2000,8,128,0.1,9,300,706960,1.379
random,gnp2000_7,2000,8,128,0.1,9,500,706960,2.284
random,gnp2000_7,2000,8,128,0.1,9,700,706945,3.188
random,gnp2000_7,2000,8,128,0.1,9,1000,706941,4.547
random,gnp2000_7,2000,8,128,0.25,2,1,709515,0.01
random,gnp2000_7,2000,8,128,0.25,2,2,708975,0.016
random,gnp2000_7,2000,8,128,0.25,2,3,708759,0.021
random,gnp2000_7,2000,8,128,0.25,2,5,708478,0.031
random,gnp2000_7,2000,8,128,0.25,2,7,708088,0.041
random,gnp2000_7,2000,8,128,0.25,2,10,707778,0.056
random,gnp2000_7,2000,8,128,0.25,2,15,707427,0.08
random,gnp2000_7,2000,8,128,0.25,2,20,707194,0.103
random,gnp2000_7,2000,8,128,0.25,2,30,706966,0.15
random,gnp2000_7,2000,8,128,0.25,2,50,706855,0.241
random,gnp2000_7,2000,8,128,0.25,2,70,706757,0.331
random,gnp2000_7,2000,8,128,0.25,2,100,706750,0.466
random,gnp2000_7,2000,8,128,0.25,2,150,706750,0.69
random,gnp2000_7,2000,8,128,0.25,2,200,706748,0.915
random,gnp2000_7,2000,8,128,0.25,2,300,706747,1.363
random,gnp2000_7,2000,8,128,0.25,2,500,706747,2.259
random,gnp2000_7,2000,8,128,0.25,2,700,706747,3.158
random,gnp2000_7,2000,8,128,0.25,2,1000,706747,4.504
random,gnp2000_7,2000,8,128,0.25,3,1,709485,0.011
random,gnp2000_7,2000,8,128,0.25,3,2,709063,0.016
random,gnp2000_7,2000,8,128,0.25,3,3,708893,0.021
random,gnp2000_7,2000,8,128,0.25,3,5,708451,0.032
random,gnp2000_7,2000,8,128,0.25,3,7,708197,0.042
random,gnp2000_7,2000,8,128,0.25,3,10,707901,0.056
random,gnp2000_7,2000,8,128,0.25,3,15,707525,0.079
random,gnp2000_7,2000,8,128,0.25,3,20,707377,0.103
random,gnp2000_7,2000,8,128,0.25,3,30,707295,0.149
random,gnp2000_7,2000,8,128,0.25,3,50,707253,0.241
random,gnp2000_7,2000,8,128,0.25,3,70,707135,0.332
random,gnp2000_7,2000,8,128,0.25,3,100,707057,0.468
random,gnp2000_7,2000,8,128,0.25,3,150,706947,0.694
random,gnp2000_7,2000,8,128,0.25,3,200,706947,0.921
random,gnp2000_7,2000,8,128,0.25,3,300,706947,1.371
random,gnp2000_7,2000,8,128,0.25,3,500,706947,2.277
random,gnp2000_7,2000,8,128,0.25,3,700,706947,3.183
random,gnp2000_7,2000,8,128,0.25,3,1000,706947,4.537
random,gnp2000_7,2000,8,128,0.25,4,1,709649,0.01
random,gnp2000_7,2000,8,128,0.25,4,2,708887,0.016
random,gnp2000_7,2000,8,128,0.25,4,3,708716,0.021
random,gnp2000_7,2000,8,128,0.25,4,5,708247,0.031
random,gnp2000_7,2000,8,128,0.25,4,7,707966,0.041
random,gnp2000_7,2000,8,128,0.25,4,10,707782,0.055
random,gnp2000_7,2000,8,128,0.25,4,15,707559,0.079
random,gnp2000_7,2000,8,128,0.25,4,20,707480,0.103
random,gnp2000_7,2000,8,128,0.25,4,30,707351,0.149
random,gnp2000_7,2000,8,128,0.25,4,50,707224,0.24
random,gnp2000_7,2000,8,128,0.25,4,70,707204,0.331
random,gnp2000_7,2000,8,128,0.25,4,100,707197,0.469
random,gnp2000_7,2000,8,128,0.25,4,150,707197,0.697
random,gnp2000_7,2000,8,128,0.25,4,200,707190,0.925
random,gnp2000_7,2000,8,128,0.25,4,300,707175,1.379
random,gnp2000_7,2000,8,128,0.25,4,500,707157,2.286
random,gnp2000_7,2000,8,128,0.25,4,700,707150,3.195
random,gnp2000_7,2000,8,128,0.25,4,1000,707147,4.561
random,gnp2000_7,2000,8,128,0.25,5,1,709595,0.01
random,gnp2000_7,2000,8,128,0.25,5,2,709148,0.016
random,gnp2000_7,2000,8,128,0.25,5,3,708799,0.021
random,gnp2000_7,2000,8,128,0.25,5,5,708543,0.031
random,gnp2000_7,2000,8,128,0.25,5,7,708239,0.041
random,gnp2000_7,2000,8,128,0.25,5,10,707875,0.056
random,gnp2000_7,2000,8,128,0.25,5,15,707515,0.08
random,gnp2000_7,2000,8,128,0.25,5,20,707393,0.103
random,gnp2000_7,2000,8,128,0.25,5,30,707298,0.149
random,gnp2000_7,2000,8,128,0.25,5,50,707220,0.24
random,gnp2000_7,2000,8,128,0.25,5,70,707218,0.332
random,gnp2000_7,2000,8,128,0.25,5,100,707205,0.468
random,gnp2000_7,2000,8,128,0.25,5,150,707181,0.695
random,gnp2000_7,2000,8,128,0.25,5,200,707114,0.923
random,gnp2000_7,2000,8,128,0.25,5,300,707057,1.377
random,gnp2000_7,2000,8,128,0.25,5,500,707051,2.286
random,gnp2000_7,2000,8,128,0.25,5,700,707049,3.194
random,gnp2000_7,2000,8,128,0.25,5,1000,707049,4.561
random,gnp2000_7,2000,8,128,0.25,6,1,709797,0.01
random,gnp2000_7,2000,8,128,0.25,6,2,709141,0.015
random,gnp2000_7,2000,8,128,0.25,6,3,708816,0.021
random,gnp2000_7,2000,8,128,0.25,6,5,708429,0.031
random,gnp2000_7,2000,8,128,0.25,6,7,708181,0.041
random,gnp2000_7,2000,8,128,0.25,6,10,707907,0.055
random,gnp2000_7,2000,8,128,0.25,6,15,707572,0.08
random,gnp2000_7,2000,8,128,0.25,6,20,707372,0.103
random,gnp2000_7,2000,8,128,0.25,6,30,707219,0.149
random,gnp2000_7,2000,8,128,0.25,6,50,707007,0.241
random,gnp2000_7,2000,8,128,0.25,6,70,706896,0.332
random,gnp2000_7,2000,8,128,0.25,6,100,706817,0.467
random,gnp2000_7,2000,8,128,0.25,6,150,706817,0.69
random,gnp2000_7,2000,8,128,0.25,6,200,706817,0.915
random,gnp2000_7,2000,8,128,0.25,6,300,706817,1.364
random,gnp2000_7,2000,8,128,0.25,6,500,706816,2.262
random,gnp2000_7,2000,8,128,0.25,6,700,706816,3.16
random,gnp2000_7,2000,8,128,0.25,6,1000,706816,4.506
random,gnp2000_7,2000,8,128,0.25,7,1,709813,0.01
random,gnp2000_7,2000,8,128,0.25,7,2,709165,0.016
random,gnp2000_7,2000,8,128,0.25,7,3,708757,0.021
random,gnp2000_7,2000,8,128,0.25,7,5,708188,0.031
random,gnp2000_7,2000,8,128,0.25,7,7,707998,0.041
random,gnp2000_7,2000,8,128,0.25,7,10,707824,0.056
random,gnp2000_7,2000,8,128,0.25,7,15,707609,0.079
random,gnp2000_7,2000,8,128,0.25,7,20,707503,0.102
random,gnp2000_7,2000,8,128,0.25,7,30,707275,0.148
random,gnp2000_7,2000,8,128,0.25,7,50,706980,0.24
random,gnp2000_7,2000,8,128,0.25,7,70,706846,0.33
random,gnp2000_7,2000,8,128,0.25,7,100,706801,0.465
random,gnp2000_7,2000,8,128,0.25,7,150,706801,0.688
random,gnp2000_7,2000,8,128,0.25,7,200,706801,0.911
random,gnp2000_7,2000,8,128,0.25,7,300,706801,1.358
random,gnp2000_7,2000,8,128,0.25,7,500,706801,2.255
random,gnp2000_7,2000,8,128,0.25,7,700,706801,3.151
random,gnp2000_7,2000,8,128,0.25,7,1000,706801,4.497
random,gnp2000_7,2000,8,128,0.25,8,1,709604,0.01
random,gnp2000_7,2000,8,128,0.25,8,2,709001,0.016
random,gnp2000_7,2000,8,128,0.25,8,3,708677,0.021
random,gnp2000_7,2000,8,128,0.25,8,5,708177,0.031
random,gnp2000_7,2000,8,128,0.25,8,7,708003,0.041
random,gnp2000_7,2000,8,128,0.25,8,10,707699,0.056
random,gnp2000_7,2000,8,128,0.25,8,15,707522,0.079
random,gnp2000_7,2000,8,128,0.25,8,20,707437,0.102
random,gnp2000_7,2000,8,128,0.25,8,30,707229,0.148
random,gnp2000_7,2000,8,128,0.25,8,50,707023,0.241
random,gnp2000_7,2000,8,128,0.25,8,70,707008,0.333
random,gnp2000_7,2000,8,128,0.25,8,100,706989,0.468
random,gnp2000_7,2000,8,128,0.25,8,150,706988,0.694
random,gnp2000_7,2000,8,128,0.25,8,200,706988,0.921
random,gnp2000_7,2000,8,128,0.25,8,300,706988,1.376
random,gnp2000_7,2000,8,128,0.25,8,500,706988,2.28
random,gnp2000_7,2000,8,128,0.25,8,700,706965,3.186
random,gnp2000_7,2000,8,128,0.25,8,1000,706965,4.547
random,gnp2000_7,2000,8,128,0.25,9,1,709596,0.01
random,gnp2000_7,2000,8,128,0.25,9,2,709181,0.016
random,gnp2000_7,2000,8,128,0.25,9,3,708842,0.021
random,gnp2000_7,2000,8,128,0.25,9,5,708457,0.031
random,gnp2000_7,2000,8,128,0.25,9,7,708225,0.041
random,gnp2000_7,2000,8,128,0.25,9,10,707903,0.055
random,gnp2000_7,2000,8,128,0.25,9,15,707672,0.079
random,gnp2000_7,2000,8,128,0.25,9,20,707522,0.102
random,gnp2000_7,2000,8,128,0.25,9,30,707266,0.148
random,gnp2000_7,2000,8,128,0.25,9,50,707163,0.239
random,gnp2000_7,2000,8,128,0.25,9,70,707017,0.331
random,gnp2000_7,2000,8,128,0.25,9,100,706915,0.466
random,gnp2000_7,2000,8,128,0.25,9,150,706913,0.691
random,gnp2000_7,2000,8,128,0.25,9,200,706913,0.916
random,gnp2000_7,2000,8,128,0.25,9,300,706912,1.366
random,gnp2000_7,2000,8,128,0.25,9,500,706912,2.267
random,gnp2000_7,2000,8,128,0.25,9,700,706912,3.165
random,gnp2000_7,2000,8,128,0.25,9,1000,706909,4.517
random,gnp2000_8,2000,8,128,0,2,1,709387,0.011
random,gnp2000_8,2000,8,128,0,2,2,708723,0.018
random,gnp2000_8,2000,8,128,0,2,3,708579,0.023
random,gnp2000_8,2000,8,128,0,2,5,708231,0.034
random,gnp2000_8,2000,8,128,0,2,7,707994,0.044
random,gnp2000_8,2000,8,128,0,2,10,707851,0.059
random,gnp2000_8,2000,8,128,0,2,15,707525,0.083
random,gnp2000_8,2000,8,128,0,2,20,707314,0.107
random,gnp2000_8,2000,8,128,0,2,30,707171,0.154
random,gnp2000_8,2000,8,128,0,2,50,707063,0.246
random,gnp2000_8,2000,8,128,0,2,70,706849,0.338
random,gnp2000_8,2000,8,128,0,2,100,706765,0.476
random,gnp2000_8,2000,8,128,0,2,150,706637,0.704
random,gnp2000_8,2000,8,128,0,2,200,706568,0.934
random,gnp2000_8,2000,8,128,0,2,300,706493,1.384
random,gnp2000_8,2000,8,128,0,2,500,706446,2.277
random,gnp2000_8,2000,8,128,0,2,700,706412,3.17
random,gnp2000_8,2000,8,128,0,2,1000,706408,4.512
random,gnp2000_8,2000,8,128,0,3,1,709597,0.01
random,gnp2000_8,2000,8,128,0,3,2,708604,0.016
random,gnp2000_8,2000,8,128,0,3,3,708504,0.021
random,gnp2000_8,2000,8,128,0,3,5,708264,0.032
random,gnp2000_8,2000,8,128,0,3,7,708107,0.042
random,gnp2000_8,2000,8,128,0,3,10,707790,0.057
random,gnp2000_8,2000,8,128,0,3,15,707549,0.081
random,gnp2000_8,2000,8,128,0,3,20,707361,0.104
random,gnp2000_8,2000,8,128,0,3,30,707112,0.151
random,gnp2000_8,2000,8,128,0,3,50,706812,0.243
random,gnp2000_8,2000,8,128,0,3,70,706671,0.334
random,gnp2000_8,2000,8,128,0,3,100,706529,0.471
random,gnp2000_8,2000,8,128,0,3,150,706480,0.697
random,gnp2000_8,2000,8,128,0,3,200,706446,0.923
random,gnp2000_8,2000,8,128,0,3,300,706341,1.37
random,gnp2000_8,2000,8,128,0,3,500,706270,2.258
random,gnp2000_8,2000,8,128,0,3,700,706255,3.142
random,gnp2000_8,2000,8,128,0,3,1000,706236,4.469
random,gnp2000_8,2000,8,128,0,4,1,709331,0.01
random,gnp2000_8,2000,8,128,0,4,2,708743,0.016
random,gnp2000_8,2000,8,128,0,4,3,708471,0.021
random,gnp2000_8,2000,8,128,0,4,5,708402,0.032
random,gnp2000_8,2000,8,128,0,4,7,708056,0.042
random,gnp2000_8,2000,8,128,0,4,10,707799,0.057
random,gnp2000_8,2000,8,128,0,4,15,707339,0.081
random,gnp2000_8,2000,8,128,0,4,20,707243,0.105
random,gnp2000_8,2000,8,128,0,4,30,707167,0.151
random,gnp2000_8,2000,8,128,0,4,50,706977,0.243
random,gnp2000_8,2000,8,128,0,4,70,706807,0.335
random,gnp2000_8,2000,8,128,0,4,100,706740,0.47
random,gnp2000_8,2000,8,128,0,4,150,706573,0.695
random,gnp2000_8,2000,8,128,0,4,200,706477,0.922
random,gnp2000_8,2000,8,128,0,4,300,706386,1.369
random,gnp2000_8,2000,8,128,0,4,500,706342,2.255
random,gnp2000_8,2000,8,128,0,4,700,706342,3.141
random,gnp2000_8,2000,8,128,0,4,1000,706335,4.471
random,gnp2000_8,2000,8,128,0,5,1,709369,0.01
random,gnp2000_8,2000,8,128,0,5,2,708850,0.016
random,gnp2000_8,2000,8,128,0,5,3,708507,0.022
random,gnp2000_8,2000,8,128,0,5,5,708261,0.032
random,gnp2000_8,2000,8,128,0,5,7,708261,0.042
random,gnp2000_8,2000,8,128,0,5,10,707908,0.057
random,gnp2000_8,2000,8,128,0,5,15,707623,0.081
random,gnp2000_8,2000,8,128,0,5,20,707478,0.105
random,gnp2000_8,2000,8,128,0,5,30,707151,0.152
random,gnp2000_8,2000,8,128,0,5,50,706900,0.243
random,gnp2000_8,2000,8,128,0,5,70,706777,0.336
random,gnp2000_8,2000,8,128,0,5,100,706719,0.473
random,gnp2000_8,2000,8,128,0,5,150,706514,0.699
random,gnp2000_8,2000,8,128,0,5,200,706407,0.924
random,gnp2000_8,2000,8,128,0,5,300,706321,1.371
random,gnp2000_8,2000,8,128,0,5,500,706291,2.261
random,gnp2000_8,2000,8,128,0,5,700,706197,3.148
random,gnp2000_8,2000,8,128,0,5,1000,706196,4.479
random,gnp2000_8,2000,8,128,0,6,1,709295,0.011
random,gnp2000_8,2000,8,128,0,6,2,708985,0.016
random,gnp2000_8,2000,8,128,0,6,3,708686,0.022
random,gnp2000_8,2000,8,128,0,6,5,708251,0.032
random,gnp2000_8,2000,8,128,0,6,7,707899,0.042
random,gnp2000_8,2000,8,128,0,6,10,707609,0.056
random,gnp2000_8,2000,8,128,0,6,15,707469,0.081
random,gnp2000_8,2000,8,128,0,6,20,707322,0.104
random,gnp2000_8,2000,8,128,0,6,30,707097,0.151
random,gnp2000_8,2000,8,128,0,6,50,706765,0.243
random,gnp2000_8,2000,8,128,0,6,70,706712,0.334
random,gnp2000_8,2000,8,128,0,6,100,706666,0.47
random,gnp2000_8,2000,8,128,0,6,150,706627,0.696
random,gnp2000_8,2000,8,128,0,6,200,706448,0.922
random,gnp2000_8,2000,8,128,0,6,300,706385,1.369
random,gnp2000_8,2000,8,128,0,6,500,706328,2.259
random,gnp2000_8,2000,8,128,0,6,700,706309,3.148
random,gnp2000_8,2000,8,128,0,6,1000,706241,4.482
random,gnp2000_8,2000,8,128,0,7,1,709626,0.01
random,gnp2000_8,2000,8,128,0,7,2,708961,0.016
random,gnp2000_8,2000,8,128,0,7,3,708617,0.021
random,gnp2000_8,2000,8,128,0,7,5,708313,0.032
random,gnp2000_8,2000,8,128,0,7,7,708095,0.042
random,gnp2000_8,2000,8,128,0,7,10,707842,0.057
random,gnp2000_8,2000,8,128,0,7,15,707483,0.081
random,gnp2000_8,2000,8,128,0,7,20,707213,0.105
random,gnp2000_8,2000,8,128,0,7,30,707106,0.152
random,gnp2000_8,2000,8,128,0,7,50,706864,0.243
random,gnp2000_8,2000,8,128,0,7,70,706723,0.334
random,gnp2000_8,2000,8,128,0,7,100,706530,0.471
random,gnp2000_8,2000,8,128,0,7,150,706472,0.693
random,gnp2000_8,2000,8,128,0,7,200,706470,0.917
random,gnp2000_8,2000,8,128,0,7,300,706423,1.364
random,gnp2000_8,2000,8,128,0,7,500,706373,2.258
random,gnp2000_8,2000,8,128,0,7,700,706358,3.148
random,gnp2000_8,2000,8,128,0,7,1000,706305,4.485
random,gnp2000_8,2000,8,128,0,8,1,709409,0.01
random,gnp2000_8,2000,8,128,0,8,2,708937,0.016
random,gnp2000_8,2000,8,128,0,8,3,708607,0.021
random,gnp2000_8,2000,8,128,0,8,5,708239,0.032
random,gnp2000_8,2000,8,128,0,8,7,707881,0.042
random,gnp2000_8,2000,8,128,0,8,10,707663,0.057
random,gnp2000_8,2000,8,128,0,8,15,707351,0.081
random,gnp2000_8,2000,8,128,0,8,20,707351,0.104
random,gnp2000_8,2000,8,128,0,8,30,706994,0.151
random,gnp2000_8,2000,8,128,0,8,50,706834,0.243
random,gnp2000_8,2000,8,128,0,8,70,706776,0.334
random,gnp2000_8,2000,8,128,0,8,100,706666,0.47
random,gnp2000_8,2000,8,128,0,8,150,706571,0.695
random,gnp2000_8,2000,8,128,0,8,200,706549,0.921
random,gnp2000_8,2000,8,128,0,8,300,706535,1.37
random,gnp2000_8,2000,8,128,0,8,500,706517,2.265
random,gnp2000_8,2000,8,128,0,8,700,706425,3.161
random,gnp2000_8,2000,8,128,0,8,1000,706381,4.5
random,gnp2000_8,2000,8,128,0,9,1,709503,0.01
random,gnp2000_8,2000,8,128,0,9,2,708856,0.016
random,gnp2000_8,2000,8,128,0,9,3,708677,0.021
random,gnp2000_8,2000,8,128,0,9,5,708119,0.032
random,gnp2000_8,2000,8,128,0,9,7,708087,0.042
random,gnp2000_8,2000,8,128,0,9,10,707621,0.056
random,gnp2000_8,2000,8,128,0,9,15,707311,0.08
random,gnp2000_8,2000,8,128,0,9,20,707225,0.104
random,gnp2000_8,2000,8,128,0,9,30,706952,0.151
random,gnp2000_8,2000,8,128,0,9,50,706587,0.242
random,gnp2000_8,2000,8,128,0,9,70,706427,0.332
random,gnp2000_8,2000,8,128,0,9,100,706313,0.468
random,gnp2000_8,2000,8,128,0,9,150,706284,0.691
random,gnp2000_8,2000,8,128,0,9,200,706277,0.915
random,gnp2000_8,2000,8,128,0,9,300,706227,1.359
random,gnp2000_8,2000,8,128,0,9,500,706184,2.246
random,gnp2000_8,2000,8,128,0,9,700,706171,3.133
random,gnp2000_8,2000,8,128,0,9,1000,706135,4.458
random,gnp2000_8,2000,8,128,0.1,2,1,709387,0.01
random,gnp2000_8,2000,8,128,0.1,2,2,708723,0.016
random,gnp2000_8,2000,8,128,0.1,2,3,708387,0.021
random,gnp2000_8,2000,8,128,0.1,2,5,708074,0.031
random,gnp2000_8,2000,8,128,0.1,2,7,707837,0.041
random,gnp2000_8,2000,8,128,0.1,2,10,707571,0.056
random,gnp2000_8,2000,8,128,0.1,2,15,707317,0.08
random,gnp2000_8,2000,8,128,0.1,2,20,707077,0.104
random,gnp2000_8,2000,8,128,0.1,2,30,706914,0.15
random,gnp2000_8,2000,8,128,0.1,2,50,706697,0.242
random,gnp2000_8,2000,8,128,0.1,2,70,706661,0.332
random,gnp2000_8,2000,8,128,0.1,2,100,706634,0.467
random,gnp2000_8,2000,8,128,0.1,2,150,706611,0.693
random,gnp2000_8,2000,8,128,0.1,2,200,706602,0.92
random,gnp2000_8,2000,8,128,0.1,2,300,706599,1.37
random,gnp2000_8,2000,8,128,0.1,2,500,706544,2.268
random,gnp2000_8,2000,8,128,0.1,2,700,706543,3.163
random,gnp2000_8,2000,8,128,0.1,2,1000,706543,4.507
random,gnp2000_8,2000,8,128,0.1,3,1,709597,0.01
random,gnp2000_8,2000,8,128,0.1,3,2,708604,0.016
random,gnp2000_8,2000,8,128,0.1,3,3,708504,0.022
random,gnp2000_8,2000,8,128,0.1,3,5,708225,0.032
random,gnp2000_8,2000,8,128,0.1,3,7,707908,0.042
random,gnp2000_8,2000,8,128,0.1,3,10,707579,0.057
random,gnp2000_8,2000,8,128,0.1,3,15,707361,0.081
random,gnp2000_8,2000,8,128,0.1,3,20,707246,0.105
random,gnp2000_8,2000,8,128,0.1,3,30,707127,0.151
random,gnp2000_8,2000,8,128,0.1,3,50,707014,0.243
random,gnp2000_8,2000,8,128,0.1,3,70,706756,0.335
random,gnp2000_8,2000,8,128,0.1,3,100,706658,0.47
random,gnp2000_8,2000,8,128,0.1,3,150,706645,0.693
random,gnp2000_8,2000,8,128,0.1,3,200,706591,0.918
random,gnp2000_8,2000,8,128,0.1,3,300,706578,1.369
random,gnp2000_8,2000,8,128,0.1,3,500,706576,2.266
random,gnp2000_8,2000,8,128,0.1,3,700,706576,3.163
random,gnp2000_8,2000,8,128,0.1,3,1000,706576,4.51
random,gnp2000_8,2000,8,128,0.1,4,1,709331,0.01
random,gnp2000_8,2000,8,128,0.1,4,2,708743,0.016
random,gnp2000_8,2000,8,128,0.1,4,3,708471,0.021
random,gnp2000_8,2000,8,128,0.1,4,5,708199,0.031
random,gnp2000_8,2000,8,128,0.1,4,7,707971,0.041
random,gnp2000_8,2000,8,128,0.1,4,10,707629,0.056
random,gnp2000_8,2000,8,128,0.1,4,15,707411,0.08
random,gnp2000_8,2000,8,128,0.1,4,20,707228,0.104
random,gnp2000_8,2000,8,128,0.1,4,30,707069,0.15
random,gnp2000_8,2000,8,128,0.1,4,50,706853,0.242
random,gnp2000_8,2000,8,128,0.1,4,70,706824,0.333
random,gnp2000_8,2000,8,128,0.1,4,100,706819,0.469
random,gnp2000_8,2000,8,128,0.1,4,150,706819,0.698
random,gnp2000_8,2000,8,128,0.1,4,200,706810,0.926
random,gnp2000_8,2000,8,128,0.1,4,300,706787,1.382
random,gnp2000_8,2000,8,128,0.1,4,500,706779,2.292
random,gnp2000_8,2000,8,128,0.1,4,700,706779,3.199
random,gnp2000_8,2000,8,128,0.1,4,1000,706779,4.563
random,gnp2000_8,2000,8,128,0.1,5,1,709369,0.01
random,gnp2000_8,2000,8,128,0.1,5,2,708850,0.016
random,gnp2000_8,2000,8,128,0.1,5,3,708507,0.021
random,gnp2000_8,2000,8,128,0.1,5,5,708130,0.032
random,gnp2000_8,2000,8,128,0.1,5,7,707917,0.042
random,gnp2000_8,2000,8,128,0.1,5,10,707621,0.057
random,gnp2000_8,2000,8,128,0.1,5,15,707443,0.081
random,gnp2000_8,2000,8,128,0.1,5,20,707197,0.104
random,gnp2000_8,2000,8,128,0.1,5,30,707061,0.151
random,gnp2000_8,2000,8,128,0.1,5,50,706950,0.242
random,gnp2000_8,2000,8,128,0.1,5,70,706916,0.333
random,gnp2000_8,2000,8,128,0.1,5,100,706853,0.47
random,gnp2000_8,2000,8,128,0.1,5,150,706849,0.695
random,gnp2000_8,2000,8,128,0.1,5,200,706849,0.922
random,gnp2000_8,2000,8,128,0.1,5,300,706849,1.401
random,gnp2000_8,2000,8,128,0.1,5,500,706846,2.379
random,gnp2000_8,2000,8,128,0.1,5,700,706846,3.284
random,gnp2000_8,2000,8,128,0.1,5,1000,706846,4.646
random,gnp2000_8,2000,8,128,0.1,6,1,709295,0.011
random,gnp2000_8,2000,8,128,0.1,6,2,708985,0.016
random,gnp2000_8,2000,8,128,0.1,6,3,708676,0.022
random,gnp2000_8,2000,8,128,0.1,6,5,708120,0.032
random,gnp2000_8,2000,8,128,0.1,6,7,707814,0.042
random,gnp2000_8,2000,8,128,0.1,6,10,707593,0.056
random,gnp2000_8,2000,8,128,0.1,6,15,707314,0.08
random,gnp2000_8,2000,8,128,0.1,6,20,707214,0.103
random,gnp2000_8,2000,8,128,0.1,6,30,706974,0.15
random,gnp2000_8,2000,8,128,0.1,6,50,706866,0.241
random,gnp2000_8,2000,8,128,0.1,6,70,706819,0.331
random,gnp2000_8,2000,8,128,0.1,6,100,706752,0.469
random,gnp2000_8,2000,8,128,0.1,6,150,706747,0.694
random,gnp2000_8,2000,8,128,0.1,6,200,706729,0.921
random,gnp2000_8,2000,8,128,0.1,6,300,706728,1.374
random,gnp2000_8,2000,8,128,0.1,6,500,706728,2.278
random,gnp2000_8,2000,8,128,0.1,6,700,706728,3.181
random,gnp2000_8,2000,8,128,0.1,6,1000,706728,4.541
random,gnp2000_8,2000,8,128,0.1,7,1,709626,0.01
random,gnp2000_8,2000,8,128,0.1,7,2,708869,0.016
random,gnp2000_8,2000,8,128,0.1,7,3,708531,0.022
random,gnp2000_8,2000,8,128,0.1,7,5,707990,0.032
random,gnp2000_8,2000,8,128,0.1,7,7,707703,0.042
random,gnp2000_8,2000,8,128,0.1,7,10,707644,0.057
random,gnp2000_8,2000,8,128,0.1,7,15,707344,0.08
random,gnp2000_8,2000,8,128,0.1,7,20,707211,0.104
random,gnp2000_8,2000,8,128,0.1,7,30,707031,0.15
random,gnp2000_8,2000,8,128,0.1,7,50,706782,0.242
random,gnp2000_8,2000,8,128,0.1,7,70,706725,0.334
random,gnp2000_8,2000,8,128,0.1,7,100,706725,0.469
random,gnp2000_8,2000,8,128,0.1,7,150,706716,0.694
random,gnp2000_8,2000,8,128,0.1,7,200,706716,0.922
random,gnp2000_8,2000,8,128,0.1,7,300,706715,1.373
random,gnp2000_8,2000,8,128,0.1,7,500,706694,2.28
random,gnp2000_8,2000,8,128,0.1,7,700,706694,3.183
random,gnp2000_8,2000,8,128,0.1,7,1000,706694,4.54
random,gnp2000_8,2000,8,128,0.1,8,1,709409,0.01
random,gnp2000_8,2000,8,128,0.1,8,2,708937,0.016
random,gnp2000_8,2000,8,128,0.1,8,3,708381,0.021
random,gnp2000_8,2000,8,128,0.1,8,5,708000,0.032
random,gnp2000_8,2000,8,128,0.1,8,7,707767,0.042
random,gnp2000_8,2000,8,128,0.1,8,10,707545,0.056
random,gnp2000_8,2000,8,128,0.1,8,15,707379,0.08
random,gnp2000_8,2000,8,128,0.1,8,20,707195,0.103
random,gnp2000_8,2000,8,128,0.1,8,30,706997,0.149
random,gnp2000_8,2000,8,128,0.1,8,50,706833,0.241
random,gnp2000_8,2000,8,128,0.1,8,70,706789,0.333
random,gnp2000_8,2000,8,128,0.1,8,100,706777,0.47
random,gnp2000_8,2000,8,128,0.1,8,150,706750,0.696
random,gnp2000_8,2000,8,128,0.1,8,200,706750,0.922
random,gnp2000_8,2000,8,128,0.1,8,300,706750,1.377
random,gnp2000_8,2000,8,128,0.1,8,500,706750,2.282
random,gnp2000_8,2000,8,128,0.1,8,700,706750,3.192
random,gnp2000_8,2000,8,128,0.1,8,1000,706750,4.553
random,gnp2000_8,2000,8,128,0.1,9,1,709503,0.01
random,gnp2000_8,2000,8,128,0.1,9,2,708807,0.016
random,gnp2000_8,2000,8,128,0.1,9,3,708413,0.021
random,gnp2000_8,2000,8,128,0.1,9,5,707915,0.032
random,gnp2000_8,2000,8,128,0.1,9,7,707777,0.042
random,gnp2000_8,2000,8,128,0.1,9,10,707607,0.056
random,gnp2000_8,2000,8,128,0.1,9,15,707325,0.08
random,gnp2000_8,2000,8,128,0.1,9,20,707117,0.103
random,gnp2000_8,2000,8,128,0.1,9,30,706835,0.15
random,gnp2000_8,2000,8,128,0.1,9,50,706640,0.242
random,gnp2000_8,2000,8,128,0.1,9,70,706565,0.332
random,gnp2000_8,2000,8,128,0.1,9,100,706493,0.467
random,gnp2000_8,2000,8,128,0.1,9,150,706461,0.691
random,gnp2000_8,2000,8,128,0.1,9,200,706457,0.918
random,gnp2000_8,2000,8,128,0.1,9,300,706452,1.367
random,gnp2000_8,2000,8,128,0.1,9,500,706452,2.264
random,gnp2000_8,2000,8,128,0.1,9,700,706425,3.157
random,gnp2000_8,2000,8,128,0.1,9,1000,706425,4.499
random,gnp2000_8,2000,8,128,0.25,2,1,709387,0.01
random,gnp2000_8,2000,8,128,0.25,2,2,708723,0.016
random,gnp2000_8,2000,8,128,0.25,2,3,708387,0.021
random,gnp2000_8,2000,8,128,0.25,2,5,708094,0.031
random,gnp2000_8,2000,8,128,0.25,2,7,707781,0.041
random,gnp2000_8,2000,8,128,0.25,2,10,707637,0.056
random,gnp2000_8,2000,8,128,0.25,2,15,707331,0.079
random,gnp2000_8,2000,8,128,0.25,2,20,707171,0.103
random,gnp2000_8,2000,8,128,0.25,2,30,707049,0.148
random,gnp2000_8,2000,8,128,0.25,2,50,706927,0.24
random,gnp2000_8,2000,8,128,0.25,2,70,706892,0.331
random,gnp2000_8,2000,8,128,0.25,2,100,706874,0.468
random,gnp2000_8,2000,8,128,0.25,2,150,706871,0.695
random,gnp2000_8,2000,8,128,0.25,2,200,706864,0.921
random,gnp2000_8,2000,8,128,0.25,2,300,706864,1.376
random,gnp2000_8,2000,8,128,0.25,2,500,706864,2.283
random,gnp2000_8,2000,8,128,0.25,2,700,706864,3.188
random,gnp2000_8,2000,8,128,0.25,2,1000,706864,4.551
random,gnp2000_8,2000,8,128,0.25,3,1,709597,0.01
random,gnp2000_8,2000,8,128,0.25,3,2,708604,0.016
random,gnp2000_8,2000,8,128,0.25,3,3,708507,0.021
random,gnp2000_8,2000,8,128,0.25,3,5,708135,0.031
random,gnp2000_8,2000,8,128,0.25,3,7,707815,0.041
random,gnp2000_8,2000,8,128,0.25,3,10,707509,0.056
random,gnp2000_8,2000,8,128,0.25,3,15,707346,0.079
random,gnp2000_8,2000,8,128,0.25,3,20,707169,0.103
random,gnp2000_8,2000,8,128,0.25,3,30,706987,0.148
random,gnp2000_8,2000,8,128,0.25,3,50,706792,0.239
random,gnp2000_8,2000,8,128,0.25,3,70,706767,0.33
random,gnp2000_8,2000,8,128,0.25,3,100,706763,0.467
random,gnp2000_8,2000,8,128,0.25,3,150,706757,0.693
random,gnp2000_8,2000,8,128,0.25,3,200,706757,0.919
random,gnp2000_8,2000,8,128,0.25,3,300,706756,1.37
random,gnp2000_8,2000,8,128,0.25,3,500,706756,2.277
random,gnp2000_8,2000,8,128,0.25,3,700,706756,3.184
random,gnp2000_8,2000,8,128,0.25,3,1000,706756,4.542
random,gnp2000_8,2000,8,128,0.25,4,1,709331,0.01
random,gnp2000_8,2000,8,128,0.25,4,2,708743,0.016
random,gnp2000_8,2000,8,128,0.25,4,3,708471,0.022
random,gnp2000_8,2000,8,128,0.25,4,5,708112,0.032
random,gnp2000_8,2000,8,128,0.25,4,7,707795,0.042
random,gnp2000_8,2000,8,128,0.25,4,10,707581,0.056
random,gnp2000_8,2000,8,128,0.25,4,15,707417,0.08
random,gnp2000_8,2000,8,128,0.25,4,20,707316,0.103
random,gnp2000_8,2000,8,128,0.25,4,30,707252,0.149
random,gnp2000_8,2000,8,128,0.25,4,50,707027,0.24
random,gnp2000_8,2000,8,128,0.25,4,70,707018,0.331
random,gnp2000_8,2000,8,128,0.25,4,100,707018,0.47
random,gnp2000_8,2000,8,128,0.25,4,150,707012,0.696
random,gnp2000_8,2000,8,128,0.25,4,200,707012,0.924
random,gnp2000_8,2000,8,128,0.25,4,300,707012,1.38
random,gnp2000_8,2000,8,128,0.25,4,500,707012,2.292
random,gnp2000_8,2000,8,128,0.25,4,700,707012,3.202
random,gnp2000_8,2000,8,128,0.25,4,1000,707012,4.57
random,gnp2000_8,2000,8,128,0.25,5,1,709369,0.01
random,gnp2000_8,2000,8,128,0.25,5,2,708850,0.016
random,gnp2000_8,2000,8,128,0.25,5,3,708507,0.021
random,gnp2000_8,2000,8,128,0.25,5,5,708091,0.031
random,gnp2000_8,2000,8,128,0.25,5,7,707857,0.041
random,gnp2000_8,2000,8,128,0.25,5,10,707417,0.056
random,gnp2000_8,2000,8,128,0.25,5,15,707264,0.08
random,gnp2000_8,2000,8,128,0.25,5,20,707070,0.103
random,gnp2000_8,2000,8,128,0.25,5,30,706863,0.149
random,gnp2000_8,2000,8,128,0.25,5,50,706594,0.24
random,gnp2000_8,2000,8,128,0.25,5,70,706505,0.33
random,gnp2000_8,2000,8,128,0.25,5,100,706504,0.465
random,gnp2000_8,2000,8,128,0.25,5,150,706504,0.69
random,gnp2000_8,2000,8,128,0.25,5,200,706504,0.917
random,gnp2000_8,2000,8,128,0.25,5,300,706504,1.367
random,gnp2000_8,2000,8,128,0.25,5,500,706504,2.27
random,gnp2000_8,2000,8,128,0.25,5,700,706504,3.175
random,gnp2000_8,2000,8,128,0.25,5,1000,706504,4.532
random,gnp2000_8,2000,8,128,0.25,6,1,709295,0.011
random,gnp2000_8,2000,8,128,0.25,6,2,708985,0.016
random,gnp2000_8,2000,8,128,0.25,6,3,708613,0.022
random,gnp2000_8,2000,8,128,0.25,6,5,708167,0.032
random,gnp2000_8,2000,8,128,0.25,6,7,707844,0.042
random,gnp2000_8,2000,8,128,0.25,6,10,707545,0.057
random,gnp2000_8,2000,8,128,0.25,6,15,707320,0.08
random,gnp2000_8,2000,8,128,0.25,6,20,707151,0.103
random,gnp2000_8,2000,8,128,0.25,6,30,707064,0.149
random,gnp2000_8,2000,8,128,0.25,6,50,706974,0.24
random,gnp2000_8,2000,8,128,0.25,6,70,706948,0.333
random,gnp2000_8,2000,8,128,0.25,6,100,706929,0.469
random,gnp2000_8,2000,8,128,0.25,6,150,706924,0.696
random,gnp2000_8,2000,8,128,0.25,6,200,706921,0.923
random,gnp2000_8,2000,8,128,0.25,6,300,706920,1.38
random,gnp2000_8,2000,8,128,0.25,6,500,706920,2.289
random,gnp2000_8,2000,8,128,0.25,6,700,706920,3.199
random,gnp2000_8,2000,8,128,0.25,6,1000,706920,4.566
random,gnp2000_8,2000,8,128,0.25,7,1,709626,0.01
random,gnp2000_8,2000,8,128,0.25,7,2,708869,0.016
random,gnp2000_8,2000,8,128,0.25,7,3,708579,0.021
random,gnp2000_8,2000,8,128,0.25,7,5,708184,0.031
random,gnp2000_8,2000,8,128,0.25,7,7,707947,0.041
random,gnp2000_8,2000,8,128,0.25,7,10,707541,0.056
random,gnp2000_8,2000,8,128,0.25,7,15,707256,0.079
random,gnp2000_8,2000,8,128,0.25,7,20,707138,0.102
random,gnp2000_8,2000,8,128,0.25,7,30,706889,0.149
random,gnp2000_8,2000,8,128,0.25,7,50,706752,0.239
random,gnp2000_8,2000,8,128,0.25,7,70,706688,0.33
random,gnp2000_8,2000,8,128,0.25,7,100,706684,0.464
random,gnp2000_8,2000,8,128,0.25,7,150,706684,0.687
random,gnp2000_8,2000,8,128,0.25,7,200,706684,0.913
random,gnp2000_8,2000,8,128,0.25,7,300,706684,1.36
random,gnp2000_8,2000,8,128,0.25,7,500,706684,2.26
random,gnp2000_8,2000,8,128,0.25,7,700,706683,3.158
random,gnp2000_8,2000,8,128,0.25,7,1000,706683,4.504
random,gnp2000_8,2000,8,128,0.25,8,1,709409,0.01
random,gnp2000_8,2000,8,128,0.25,8,2,708937,0.016
random,gnp2000_8,2000,8,128,0.25,8,3,708501,0.021
random,gnp2000_8,2000,8,128,0.25,8,5,708200,0.032
random,gnp2000_8,2000,8,128,0.25,8,7,707872,0.042
random,gnp2000_8,2000,8,128,0.25,8,10,707622,0.056
random,gnp2000_8,2000,8,128,0.25,8,15,707337,0.079
random,gnp2000_8,2000,8,128,0.25,8,20,707229,0.102
random,gnp2000_8,2000,8,128,0.25,8,30,707039,0.148
random,gnp2000_8,2000,8,128,0.25,8,50,706930,0.24
random,gnp2000_8,2000,8,128,0.25,8,70,706921,0.333
random,gnp2000_8,2000,8,128,0.25,8,100,706913,0.469
random,gnp2000_8,2000,8,128,0.25,8,150,706909,0.695
random,gnp2000_8,2000,8,128,0.25,8,200,706908,0.922
random,gnp2000_8,2000,8,128,0.25,8,300,706907,1.379
random,gnp2000_8,2000,8,128,0.25,8,500,706907,2.288
random,gnp2000_8,2000,8,128,0.25,8,700,706907,3.194
random,gnp2000_8,2000,8,128,0.25,8,1000,706907,4.658
random,gnp2000_8,2000,8,128,0.25,9,1,709503,0.01
random,gnp2000_8,2000,8,128,0.25,9,2,708807,0.016
random,gnp2000_8,2000,8,128,0.25,9,3,708413,0.021
random,gnp2000_8,2000,8,128,0.25,9,5,707995,0.032
random,gnp2000_8,2000,8,128,0.25,9,7,707884,0.041
random,gnp2000_8,2000,8,128,0.25,9,10,707483,0.056
random,gnp2000_8,2000,8,128,0.25,9,15,707332,0.079
random,gnp2000_8,2000,8,128,0.25,9,20,707147,0.103
random,gnp2000_8,2000,8,128,0.25,9,30,706935,0.149
random,gnp2000_8,2000,8,128,0.25,9,50,706721,0.24
random,gnp2000_8,2000,8,128,0.25,9,70,706608,0.33
random,gnp2000_8,2000,8,128,0.25,9,100,706575,0.466
random,gnp2000_8,2000,8,128,0.25,9,150,706550,0.693
random,gnp2000_8,2000,8,128,0.25,9,200,706544,0.918
random,gnp2000_8,2000,8,128,0.25,9,300,706541,1.368
random,gnp2000_8,2000,8,128,0.25,9,500,706539,2.267
random,gnp2000_8,2000,8,128,0.25,9,700,706539,3.169
random,gnp2000_8,2000,8,128,0.25,9,1000,706539,4.519
random,gnp4000_7,4000,2,128,0,2,1,3913948,0.003
random,gnp4000_7,4000,2,128,0,2,2,3913603,0.005
random,gnp4000_7,4000,2,128,0,2,3,3913295,0.007
random,gnp4000_7,4000,2,128,0,2,5,3913295,0.011
random,gnp4000_7,4000,2,128,0,2,7,3913295,0.016
random,gnp4000_7,4000,2,128,0,2,10,3913293,0.021
random,gnp4000_7,4000,2,128,0,2,15,3913043,0.032
random,gnp4000_7,4000,2,128,0,2,20,3913043,0.043
random,gnp4000_7,4000,2,128,0,2,30,3912932,0.063
random,gnp4000_7,4000,2,128,0,2,50,3912657,0.104
random,gnp4000_7,4000,2,128,0,2,70,3912451,0.146
random,gnp4000_7,4000,2,128,0,2,100,3912451,0.206
random,gnp4000_7,4000,2,128,0,2,150,3912451,0.308
random,gnp4000_7,4000,2,128,0,2,200,3912451,0.41
random,gnp4000_7,4000,2,128,0,2,300,3912345,0.615
random,gnp4000_7,4000,2,128,0,2,500,3911805,1.019
random,gnp4000_7,4000,2,128,0,2,700,3911805,1.427
random,gnp4000_7,4000,2,128,0,3,1,3914035,0.003
random,gnp4000_7,4000,2,128,0,3,2,3913674,0.005
random,gnp4000_7,4000,2,128,0,3,3,3913592,0.007
random,gnp4000_7,4000,2,128,0,3,5,3913386,0.011
random,gnp4000_7,4000,2,128,0,3,7,3913210,0.016
random,gnp4000_7,4000,2,128,0,3,10,3912654,0.022
random,gnp4000_7,4000,2,128,0,3,15,3912654,0.032
random,gnp4000_7,4000,2,128,0,3,20,3912654,0.042
random,gnp4000_7,4000,2,128,0,3,30,3912654,0.063
random,gnp4000_7,4000,2,128,0,3,50,3912654,0.104
random,gnp4000_7,4000,2,128,0,3,70,3912654,0.145
random,gnp4000_7,4000,2,128,0,3,100,3912530,0.207
random,gnp4000_7,4000,2,128,0,3,150,3912530,0.307
random,gnp4000_7,4000,2,128,0,3,200,3912491,0.408
random,gnp4000_7,4000,2,128,0,3,300,3912366,0.612
random,gnp4000_7,4000,2,128,0,3,500,3912366,1.02
random,gnp4000_7,4000,2,128,0,3,700,3912323,1.426
random,gnp4000_7,4000,2,128,0,4,1,3914485,0.003
random,gnp4000_7,4000,2,128,0,4,2,3913098,0.005
random,gnp4000_7,4000,2,128,0,4,3,3913098,0.007
random,gnp4000_7,4000,2,128,0,4,5,3913098,0.012
random,gnp4000_7,4000,2,128,0,4,7,3913098,0.016
random,gnp4000_7,4000,2,128,0,4,10,3913098,0.022
random,gnp4000_7,4000,2,128,0,4,15,3913080,0.033
random,gnp4000_7,4000,2,128,0,4,20,3912554,0.043
random,gnp4000_7,4000,2,128,0,4,30,3912295,0.064
random,gnp4000_7,4000,2,128,0,4,50,3912295,0.106
random,gnp4000_7,4000,2,128,0,4,70,3912295,0.146
random,gnp4000_7,4000,2,128,0,4,100,3912295,0.207
random,gnp4000_7,4000,2,128,0,4,150,3912295,0.309
random,gnp4000_7,4000,2,128,0,4,200,3912295,0.409
random,gnp4000_7,4000,2,128,0,4,300,3912295,0.614
random,gnp4000_7,4000,2,128,0,4,500,3911758,1.025
random,gnp4000_7,4000,2,128,0,4,700,3911758,1.435
random,gnp4000_7,4000,2,128,0,5,1,3914396,0.004
random,gnp4000_7,4000,2,128,0,5,2,3913801,0.006
random,gnp4000_7,4000,2,128,0,5,3,3913459,0.008
random,gnp4000_7,4000,2,128,0,5,5,3913110,0.012
random,gnp4000_7,4000,2,128,0,5,7,3913110,0.016
random,gnp4000_7,4000,2,128,0,5,10,3912964,0.022
random,gnp4000_7,4000,2,128,0,5,15,3912964,0.032
random,gnp4000_7,4000,2,128,0,5,20,3912740,0.042
random,gnp4000_7,4000,2,128,0,5,30,3912740,0.063
random,gnp4000_7,4000,2,128,0,5,50,3912141,0.104
random,gnp4000_7,4000,2,128,0,5,70,3912141,0.147
random,gnp4000_7,4000,2,128,0,5,100,3912141,0.207
random,gnp4000_7,4000,2,128,0,5,150,3912141,0.309
random,gnp4000_7,4000,2,128,0,5,200,3912141,0.411
random,gnp4000_7,4000,2,128,0,5,300,3912141,0.616
random,gnp4000_7,4000,2,128,0,5,500,3912141,1.024
random,gnp4000_7,4000,2,128,0,5,700,3912141,1.435
random,gnp4000_7,4000,2,128,0,6,1,3914715,0.003
random,gnp4000_7,4000,2,128,0,6,2,3913641,0.005
random,gnp4000_7,4000,2,128,0,6,3,3913641,0.007
random,gnp4000_7,4000,2,128,0,6,5,3913137,0.011
random,gnp4000_7,4000,2,128,0,6,7,3913137,0.015
random,gnp4000_7,4000,2,128,0,6,10,3912619,0.022
random,gnp4000_7,4000,2,128,0,6,15,3912619,0.033
random,gnp4000_7,4000,2,128,0,6,20,3912619,0.043
random,gnp4000_7,4000,2,128,0,6,30,3912619,0.063
random,gnp4000_7,4000,2,128,0,6,50,3912619,0.104
random,gnp4000_7,4000,2,128,0,6,70,3912446,0.145
random,gnp4000_7,4000,2,128,0,6,100,3912446,0.205
random,gnp4000_7,4000,2,128,0,6,150,3912413,0.308
random,gnp4000_7,4000,2,128,0,6,200,3912413,0.41
random,gnp4000_7,4000,2,128,0,6,300,3912413,0.614
random,gnp4000_7,4000,2,128,0,6,500,3912413,1.024
random,gnp4000_7,4000,2,128,0,6,700,3912413,1.433
random,gnp4000_7,4000,2,128,0,7,1,3914060,0.004
random,gnp4000_7,4000,2,128,0,7,2,3913289,0.006
random,gnp4000_7,4000,2,128,0,7,3,3913265,0.009
random,gnp4000_7,4000,2,128,0,7,5,3913236,0.013
random,gnp4000_7,4000,2,128,0,7,7,3913236,0.017
random,gnp4000_7,4000,2,128,0,7,10,3912681,0.024
random,gnp4000_7,4000,2,128,0,7,15,3912681,0.035
random,gnp4000_7,4000,2,128,0,7,20,3912681,0.045
random,gnp4000_7,4000,2,128,0,7,30,3912681,0.066
random,gnp4000_7,4000,2,128,0,7,50,3912252,0.107
random,gnp4000_7,4000,2,128,0,7,70,3912252,0.148
random,gnp4000_7,4000,2,128,0,7,100,3912190,0.211
random,gnp4000_7,4000,2,128,0,7,150,3912190,0.315
random,gnp4000_7,4000,2,128,0,7,200,3912190,0.418
random,gnp4000_7,4000,2,128,0,7,300,3912190,0.624
random,gnp4000_7,4000,2,128,0,7,500,3912190,1.031
random,gnp4000_7,4000,2,128,0,7,700,3912190,1.443
random,gnp4000_7,4000,2,128,0,8,1,3913421,0.003
random,gnp4000_7,4000,2,128,0,8,2,3913360,0.005
random,gnp4000_7,4000,2,128,0,8,3,3913360,0.007
random,gnp4000_7,4000,2,128,0,8,5,3913360,0.011
random,gnp4000_7,4000,2,128,0,8,7,3913360,0.015
random,gnp4000_7,4000,2,128,0,8,10,3912980,0.021
random,gnp4000_7,4000,2,128,0,8,15,3912763,0.031
random,gnp4000_7,4000,2,128,0,8,20,3912763,0.041
random,gnp4000_7,4000,2,128,0,8,30,3912763,0.063
random,gnp4000_7,4000,2,128,0,8,50,3912763,0.103
random,gnp4000_7,4000,2,128,0,8,70,3912763,0.143
random,gnp4000_7,4000,2,128,0,8,100,3912652,0.205
random,gnp4000_7,4000,2,128,0,8,150,3912608,0.308
random,gnp4000_7,4000,2,128,0,8,200,3912608,0.411
random,gnp4000_7,4000,2,128,0,8,300,3912446,0.616
random,gnp4000_7,4000,2,128,0,8,500,3912446,1.026
random,gnp4000_7,4000,2,128,0,8,700,3912425,1.434
random,gnp4000_7,4000,2,128,0,9,1,3914180,0.003
random,gnp4000_7,4000,2,128,0,9,2,3913944,0.005
random,gnp4000_7,4000,2,128,0,9,3,3913377,0.007
random,gnp4000_7,4000,2,128,0,9,5,3912716,0.011
random,gnp4000_7,4000,2,128,0,9,7,3912716,0.015
random,gnp4000_7,4000,2,128,0,9,10,3912716,0.021
random,gnp4000_7,4000,2,128,0,9,15,3912716,0.031
random,gnp4000_7,4000,2,128,0,9,20,3912716,0.041
random,gnp4000_7,4000,2,128,0,9,30,3912716,0.062
random,gnp4000_7,4000,2,128,0,9,50,3912627,0.104
random,gnp4000_7,4000,2,128,0,9,70,3912627,0.144
random,gnp4000_7,4000,2,128,0,9,100,3912515,0.208
random,gnp4000_7,4000,2,128,0,9,150,3912515,0.31
random,gnp4000_7,4000,2,128,0,9,200,3912515,0.413
random,gnp4000_7,4000,2,128,0,9,300,3912467,0.616
random,gnp4000_7,4000,2,128,0,9,500,3912467,1.025
random,gnp4000_7,4000,2,128,0,9,700,3912235,1.438
random,gnp4000_7,4000,2,128,0.1,2,1,3913948,0.003
random,gnp4000_7,4000,2,128,0.1,2,2,3913603,0.005
random,gnp4000_7,4000,2,128,0.1,2,3,3913603,0.007
random,gnp4000_7,4000,2,128,0.1,2,5,3913451,0.011
random,gnp4000_7,4000,2,128,0.1,2,7,3912548,0.016
random,gnp4000_7,4000,2,128,0.1,2,10,3912548,0.022
random,gnp4000_7,4000,2,128,0.1,2,15,3912548,0.033
random,gnp4000_7,4000,2,128,0.1,2,20,3912548,0.043
random,gnp4000_7,4000,2,128,0.1,2,30,3912548,0.063
random,gnp4000_7,4000,2,128,0.1,2,50,3912548,0.105
random,gnp4000_7,4000,2,128,0.1,2,70,3912548,0.147
random,gnp4000_7,4000,2,128,0.1,2,100,3912276,0.209
random,gnp4000_7,4000,2,128,0.1,2,150,3912276,0.315
random,gnp4000_7,4000,2,128,0.1,2,200,3912276,0.419
random,gnp4000_7,4000,2,128,0.1,2,300,3912106,0.628
random,gnp4000_7,4000,2,128,0.1,2,500,3911823,1.043
random,gnp4000_7,4000,2,128,0.1,2,700,3911823,1.456
random,gnp4000_7,4000,2,128,0.1,3,1,3914035,0.003
random,gnp4000_7,4000,2,128,0.1,3,2,3913772,0.005
random,gnp4000_7,4000,2,128,0.1,3,3,3913592,0.007
random,gnp4000_7,4000,2,128,0.1,3,5,3913431,0.011
random,gnp4000_7,4000,2,128,0.1,3,7,3912866,0.016
random,gnp4000_7,4000,2,128,0.1,3,10,3912866,0.023
random,gnp4000_7,4000,2,128,0.1,3,15,3912866,0.033
random,gnp4000_7,4000,2,128,0.1,3,20,3912866,0.045
random,gnp4000_7,4000,2,128,0.1,3,30,3912216,0.065
random,gnp4000_7,4000,2,128,0.1,3,50,3912216,0.107
random,gnp4000_7,4000,2,128,0.1,3,70,3912216,0.149
random,gnp4000_7,4000,2,128,0.1,3,100,3912200,0.21
random,gnp4000_7,4000,2,128,0.1,3,150,3912200,0.313
random,gnp4000_7,4000,2,128,0.1,3,200,3912200,0.417
random,gnp4000_7,4000,2,128,0.1,3,300,3912200,0.625
random,gnp4000_7,4000,2,128,0.1,3,500,3912200,1.038
random,gnp4000_7,4000,2,128,0.1,3,700,3912137,1.45
random,gnp4000_7,4000,2,128,0.1,4,1,3914485,0.003
random,gnp4000_7,4000,2,128,0.1,4,2,3913098,0.005
random,gnp4000_7,4000,2,128,0.1,4,3,3913098,0.007
random,gnp4000_7,4000,2,128,0.1,4,5,3913098,0.011
random,gnp4000_7,4000,2,128,0.1,4,7,3912879,0.015
random,gnp4000_7,4000,2,128,0.1,4,10,3912720,0.021
random,gnp4000_7,4000,2,128,0.1,4,15,3912053,0.032
random,gnp4000_7,4000,2,128,0.1,4,20,3912053,0.042
random,gnp4000_7,4000,2,128,0.1,4,30,3912053,0.062
random,gnp4000_7,4000,2,128,0.1,4,50,3912053,0.103
random,gnp4000_7,4000,2,128,0.1,4,70,3912053,0.146
random,gnp4000_7,4000,2,128,0.1,4,100,3912053,0.207
random,gnp4000_7,4000,2,128,0.1,4,150,3912053,0.311
random,gnp4000_7,4000,2,128,0.1,4,200,3912053,0.415
random,gnp4000_7,4000,2,128,0.1,4,300,3911948,0.622
random,gnp4000_7,4000,2,128,0.1,4,500,3911948,1.036
random,gnp4000_7,4000,2,128,0.1,4,700,3911907,1.45
random,gnp4000_7,4000,2,128,0.1,5,1,3914396,0.003
random,gnp4000_7,4000,2,128,0.1,5,2,3913801,0.005
random,gnp4000_7,4000,2,128,0.1,5,3,3913541,0.007
random,gnp4000_7,4000,2,128,0.1,5,5,3913304,0.011
random,gnp4000_7,4000,2,128,0.1,5,7,3913304,0.015
random,gnp4000_7,4000,2,128,0.1,5,10,3913039,0.022
random,gnp4000_7,4000,2,128,0.1,5,15,3912769,0.033
random,gnp4000_7,4000,2,128,0.1,5,20,3912769,0.044
random,gnp4000_7,4000,2,128,0.1,5,30,3912769,0.064
random,gnp4000_7,4000,2,128,0.1,5,50,3912690,0.105
random,gnp4000_7,4000,2,128,0.1,5,70,3912099,0.147
random,gnp4000_7,4000,2,128,0.1,5,100,3912099,0.21
random,gnp4000_7,4000,2,128,0.1,5,150,3911958,0.313
random,gnp4000_7,4000,2,128,0.1,5,200,3911861,0.417
random,gnp4000_7,4000,2,128,0.1,5,300,3911861,0.624
random,gnp4000_7,4000,2,128,0.1,5,500,3911621,1.039
random,gnp4000_7,4000,2,128,0.1,5,700,3911621,1.453
random,gnp4000_7,4000,2,128,0.1,6,1,3914715,0.003
random,gnp4000_7,4000,2,128,0.1,6,2,3913641,0.005
random,gnp4000_7,4000,2,128,0.1,6,3,3913641,0.007
random,gnp4000_7,4000,2,128,0.1,6,5,3913137,0.011
random,gnp4000_7,4000,2,128,0.1,6,7,3912831,0.015
random,gnp4000_7,4000,2,128,0.1,6,10,3912831,0.021
random,gnp4000_7,4000,2,128,0.1,6,15,3912831,0.033
random,gnp4000_7,4000,2,128,0.1,6,20,3912715,0.043
random,gnp4000_7,4000,2,128,0.1,6,30,3912715,0.065
random,gnp4000_7,4000,2,128,0.1,6,50,3912646,0.106
random,gnp4000_7,4000,2,128,0.1,6,70,3912611,0.149
random,gnp4000_7,4000,2,128,0.1,6,100,3912611,0.209
random,gnp4000_7,4000,2,128,0.1,6,150,3912163,0.313
random,gnp4000_7,4000,2,128,0.1,6,200,3912163,0.418
random,gnp4000_7,4000,2,128,0.1,6,300,3911829,0.626
random,gnp4000_7,4000,2,128,0.1,6,500,3911829,1.041
random,gnp4000_7,4000,2,128,0.1,6,700,3911829,1.456
random,gnp4000_7,4000,2,128,0.1,7,1,3914060,0.003
random,gnp4000_7,4000,2,128,0.1,7,2,3913289,0.005
random,gnp4000_7,4000,2,128,0.1,7,3,3913265,0.007
random,gnp4000_7,4000,2,128,0.1,7,5,3913265,0.012
random,gnp4000_7,4000,2,128,0.1,7,7,3913265,0.016
random,gnp4000_7,4000,2,128,0.1,7,10,3913221,0.022
random,gnp4000_7,4000,2,128,0.1,7,15,3912240,0.033
random,gnp4000_7,4000,2,128,0.1,7,20,3912148,0.044
random,gnp4000_7,4000,2,128,0.1,7,30,3912148,0.064
random,gnp4000_7,4000,2,128,0.1,7,50,3912148,0.105
random,gnp4000_7,4000,2,128,0.1,7,70,3912148,0.147
random,gnp4000_7,4000,2,128,0.1,7,100,3912148,0.208
random,gnp4000_7,4000,2,128,0.1,7,150,3911885,0.312
random,gnp4000_7,4000,2,128,0.1,7,200,3911885,0.417
random,gnp4000_7,4000,2,128,0.1,7,300,3911885,0.624
random,gnp4000_7,4000,2,128,0.1,7,500,3911885,1.039
random,gnp4000_7,4000,2,128,0.1,7,700,3911885,1.451
random,gnp4000_7,4000,2,128,0.1,8,1,3913421,0.003
random,gnp4000_7,4000,2,128,0.1,8,2,3913360,0.005
random,gnp4000_7,4000,2,128,0.1,8,3,3913360,0.007
random,gnp4000_7,4000,2,128,0.1,8,5,3913182,0.011
random,gnp4000_7,4000,2,128,0.1,8,7,3913182,0.015
random,gnp4000_7,4000,2,128,0.1,8,10,3912718,0.021
random,gnp4000_7,4000,2,128,0.1,8,15,3912629,0.032
random,gnp4000_7,4000,2,128,0.1,8,20,3912629,0.043
random,gnp4000_7,4000,2,128,0.1,8,30,3912629,0.063
random,gnp4000_7,4000,2,128,0.1,8,50,3912086,0.105
random,gnp4000_7,4000,2,128,0.1,8,70,3912086,0.148
random,gnp4000_7,4000,2,128,0.1,8,100,3912086,0.21
random,gnp4000_7,4000,2,128,0.1,8,150,3912086,0.314
random,gnp4000_7,4000,2,128,0.1,8,200,3911983,0.418
random,gnp4000_7,4000,2,128,0.1,8,300,3911983,0.624
random,gnp4000_7,4000,2,128,0.1,8,500,3911983,1.039
random,gnp4000_7,4000,2,128,0.1,8,700,3911983,1.455
random,gnp4000_7,4000,2,128,0.1,9,1,3914180,0.003
random,gnp4000_7,4000,2,128,0.1,9,2,3913944,0.005
random,gnp4000_7,4000,2,128,0.1,9,3,3913377,0.007
random,gnp4000_7,4000,2,128,0.1,9,5,3913377,0.011
random,gnp4000_7,4000,2,128,0.1,9,7,3913377,0.015
random,gnp4000_7,4000,2,128,0.1,9,10,3913227,0.022
random,gnp4000_7,4000,2,128,0.1,9,15,3913096,0.033
random,gnp4000_7,4000,2,128,0.1,9,20,3912161,0.044
random,gnp4000_7,4000,2,128,0.1,9,30,3912161,0.064
random,gnp4000_7,4000,2,128,0.1,9,50,3912054,0.105
random,gnp4000_7,4000,2,128,0.1,9,70,3912054,0.148
random,gnp4000_7,4000,2,128,0.1,9,100,3912054,0.209
random,gnp4000_7,4000,2,128,0.1,9,150,3912054,0.313
random,gnp4000_7,4000,2,128,0.1,9,200,3912054,0.417
random,gnp4000_7,4000,2,128,0.1,9,300,3911785,0.625
random,gnp4000_7,4000,2,128,0.1,9,500,3911785,1.039
random,gnp4000_7,4000,2,128,0.1,9,700,3911785,1.453
random,gnp4000_7,4000,2,128,0.25,2,1,3913948,0.003
random,gnp4000_7,4000,2,128,0.25,2,2,3912771,0.006
random,gnp4000_7,4000,2,128,0.25,2,3,3912766,0.008
random,gnp4000_7,4000,2,128,0.25,2,5,3912766,0.012
random,gnp4000_7,4000,2,128,0.25,2,7,3912766,0.016
random,gnp4000_7,4000,2,128,0.25,2,10,3912766,0.022
random,gnp4000_7,4000,2,128,0.25,2,15,3912716,0.033
random,gnp4000_7,4000,2,128,0.25,2,20,3912716,0.044
random,gnp4000_7,4000,2,128,0.25,2,30,3912716,0.064
random,gnp4000_7,4000,2,128,0.25,2,50,3912100,0.107
random,gnp4000_7,4000,2,128,0.25,2,70,3912100,0.148
random,gnp4000_7,4000,2,128,0.25,2,100,3912066,0.21
random,gnp4000_7,4000,2,128,0.25,2,150,3912066,0.313
random,gnp4000_7,4000,2,128,0.25,2,200,3911987,0.415
random,gnp4000_7,4000,2,128,0.25,2,300,3911987,0.621
random,gnp4000_7,4000,2,128,0.25,2,500,3911580,1.034
random,gnp4000_7,4000,2,128,0.25,2,700,3911580,1.449
random,gnp4000_7,4000,2,128,0.25,3,1,3914035,0.003
random,gnp4000_7,4000,2,128,0.25,3,2,3913674,0.005
random,gnp4000_7,4000,2,128,0.25,3,3,3913674,0.007
random,gnp4000_7,4000,2,128,0.25,3,5,3913392,0.011
random,gnp4000_7,4000,2,128,0.25,3,7,3913392,0.015
random,gnp4000_7,4000,2,128,0.25,3,10,3913348,0.021
random,gnp4000_7,4000,2,128,0.25,3,15,3913122,0.031
random,gnp4000_7,4000,2,128,0.25,3,20,3912735,0.042
random,gnp4000_7,4000,2,128,0.25,3,30,3912735,0.063
random,gnp4000_7,4000,2,128,0.25,3,50,3912735,0.104
random,gnp4000_7,4000,2,128,0.25,3,70,3912518,0.145
random,gnp4000_7,4000,2,128,0.25,3,100,3912334,0.209
random,gnp4000_7,4000,2,128,0.25,3,150,3911647,0.312
random,gnp4000_7,4000,2,128,0.25,3,200,3911647,0.415
random,gnp4000_7,4000,2,128,0.25,3,300,3911647,0.622
random,gnp4000_7,4000,2,128,0.25,3,500,3911647,1.036
random,gnp4000_7,4000,2,128,0.25,3,700,3911647,1.449
random,gnp4000_7,4000,2,128,0.25,4,1,3914485,0.003
random,gnp4000_7,4000,2,128,0.25,4,2,3913098,0.005
random,gnp4000_7,4000,2,128,0.25,4,3,3913098,0.007
random,gnp4000_7,4000,2,128,0.25,4,5,3913098,0.011
random,gnp4000_7,4000,2,128,0.25,4,7,3913098,0.015
random,gnp4000_7,4000,2,128,0.25,4,10,3913098,0.022
random,gnp4000_7,4000,2,128,0.25,4,15,3912261,0.032
random,gnp4000_7,4000,2,128,0.25,4,20,3912261,0.042
random,gnp4000_7,4000,2,128,0.25,4,30,3912164,0.063
random,gnp4000_7,4000,2,128,0.25,4,50,3912164,0.105
random,gnp4000_7,4000,2,128,0.25,4,70,3912164,0.147
random,gnp4000_7,4000,2,128,0.25,4,100,3912164,0.208
random,gnp4000_7,4000,2,128,0.25,4,150,3912164,0.311
random,gnp4000_7,4000,2,128,0.25,4,200,3911562,0.412
random,gnp4000_7,4000,2,128,0.25,4,300,3911543,0.618
random,gnp4000_7,4000,2,128,0.25,4,500,3911543,1.03
random,gnp4000_7,4000,2,128,0.25,4,700,3911543,1.443
random,gnp4000_7,4000,2,128,0.25,5,1,3914396,0.003
random,gnp4000_7,4000,2,128,0.25,5,2,3913801,0.005
random,gnp4000_7,4000,2,128,0.25,5,3,3913506,0.007
random,gnp4000_7,4000,2,128,0.25,5,5,3913506,0.011
random,gnp4000_7,4000,2,128,0.25,5,7,3912899,0.015
random,gnp4000_7,4000,2,128,0.25,5,10,3912899,0.021
random,gnp4000_7,4000,2,128,0.25,5,15,3912899,0.031
random,gnp4000_7,4000,2,128,0.25,5,20,3912899,0.041
random,gnp4000_7,4000,2,128,0.25,5,30,3912656,0.062
random,gnp4000_7,4000,2,128,0.25,5,50,3912641,0.102
random,gnp4000_7,4000,2,128,0.25,5,70,3912479,0.143
random,gnp4000_7,4000,2,128,0.25,5,100,3911846,0.205
random,gnp4000_7,4000,2,128,0.25,5,150,3911846,0.308
random,gnp4000_7,4000,2,128,0.25,5,200,3911846,0.411
random,gnp4000_7,4000,2,128,0.25,5,300,3911846,0.617
random,gnp4000_7,4000,2,128,0.25,5,500,3911846,1.028
random,gnp4000_7,4000,2,128,0.25,5,700,3911846,1.437
random,gnp4000_7,4000,2,128,0.25,6,1,3914715,0.003
random,gnp4000_7,4000,2,128,0.25,6,2,3913641,0.005
random,gnp4000_7,4000,2,128,0.25,6,3,3913521,0.007
random,gnp4000_7,4000,2,128,0.25,6,5,3913137,0.011
random,gnp4000_7,4000,2,128,0.25,6,7,3913137,0.016
random,gnp4000_7,4000,2,128,0.25,6,10,3912545,0.022
random,gnp4000_7,4000,2,128,0.25,6,15,3912399,0.032
random,gnp4000_7,4000,2,128,0.25,6,20,3912399,0.042
random,gnp4000_7,4000,2,128,0.25,6,30,3912311,0.063
random,gnp4000_7,4000,2,128,0.25,6,50,3912043,0.104
random,gnp4000_7,4000,2,128,0.25,6,70,3912043,0.148
random,gnp4000_7,4000,2,128,0.25,6,100,3911808,0.21
random,gnp4000_7,4000,2,128,0.25,6,150,3911808,0.314
random,gnp4000_7,4000,2,128,0.25,6,200,3911808,0.416
random,gnp4000_7,4000,2,128,0.25,6,300,3911808,0.619
random,gnp4000_7,4000,2,128,0.25,6,500,3911808,1.03
random,gnp4000_7,4000,2,128,0.25,6,700,3911808,1.441
random,gnp4000_7,4000,2,128,0.25,7,1,3914060,0.003
random,gnp4000_7,4000,2,128,0.25,7,2,3914060,0.005
random,gnp4000_7,4000,2,128,0.25,7,3,3914060,0.007
random,gnp4000_7,4000,2,128,0.25,7,5,3913236,0.011
random,gnp4000_7,4000,2,128,0.25,7,7,3913236,0.016
random,gnp4000_7,4000,2,128,0.25,7,10,3913133,0.022
random,gnp4000_7,4000,2,128,0.25,7,15,3912876,0.032
random,gnp4000_7,4000,2,128,0.25,7,20,3912461,0.042
random,gnp4000_7,4000,2,128,0.25,7,30,3912461,0.062
random,gnp4000_7,4000,2,128,0.25,7,50,3912399,0.103
random,gnp4000_7,4000,2,128,0.25,7,70,3912399,0.143
random,gnp4000_7,4000,2,128,0.25,7,100,3912399,0.204
random,gnp4000_7,4000,2,128,0.25,7,150,3912118,0.306
random,gnp4000_7,4000,2,128,0.25,7,200,3912118,0.41
random,gnp4000_7,4000,2,128,0.25,7,300,3912118,0.616
random,gnp4000_7,4000,2,128,0.25,7,500,3912008,1.028
random,gnp4000_7,4000,2,128,0.25,7,700,3912008,1.439
random,gnp4000_7,4000,2,128,0.25,8,1,3913421,0.003
random,gnp4000_7,4000,2,128,0.25,8,2,3913360,0.006
random,gnp4000_7,4000,2,128,0.25,8,3,3913360,0.008
random,gnp4000_7,4000,2,128,0.25,8,5,3913360,0.012
random,gnp4000_7,4000,2,128,0.25,8,7,3912591,0.016
random,gnp4000_7,4000,2,128,0.25,8,10,3912591,0.023
random,gnp4000_7,4000,2,128,0.25,8,15,3912591,0.034
random,gnp4000_7,4000,2,128,0.25,8,20,3912591,0.044
random,gnp4000_7,4000,2,128,0.25,8,30,3912591,0.065
random,gnp4000_7,4000,2,128,0.25,8,50,3912591,0.105
random,gnp4000_7,4000,2,128,0.25,8,70,3912287,0.147
random,gnp4000_7,4000,2,128,0.25,8,100,3912287,0.208
random,gnp4000_7,4000,2,128,0.25,8,150,3912246,0.311
random,gnp4000_7,4000,2,128,0.25,8,200,3911877,0.416
random,gnp4000_7,4000,2,128,0.25,8,300,3911877,0.621
random,gnp4000_7,4000,2,128,0.25,8,500,3911877,1.035
random,gnp4000_7,4000,2,128,0.25,8,700,3911877,1.447
random,gnp4000_7,4000,2,128,0.25,9,1,3914180,0.003
random,gnp4000_7,4000,2,128,0.25,9,2,3913419,0.005
random,gnp4000_7,4000,2,128,0.25,9,3,3913125,0.007
random,gnp4000_7,4000,2,128,0.25,9,5,3912724,0.011
random,gnp4000_7,4000,2,128,0.25,9,7,3912724,0.015
random,gnp4000_7,4000,2,128,0.25,9,10,3912724,0.021
random,gnp4000_7,4000,2,128,0.25,9,15,3912724,0.031
random,gnp4000_7,4000,2,128,0.25,9,20,3912724,0.043
random,gnp4000_7,4000,2,128,0.25,9,30,3912499,0.065
random,gnp4000_7,4000,2,128,0.25,9,50,3912015,0.106
random,gnp4000_7,4000,2,128,0.25,9,70,3912015,0.147
random,gnp4000_7,4000,2,128,0.25,9,100,3912015,0.208
random,gnp4000_7,4000,2,128,0.25,9,150,3912015,0.311
random,gnp4000_7,4000,2,128,0.25,9,200,3912015,0.412
random,gnp4000_7,4000,2,128,0.25,9,300,3911991,0.62
random,gnp4000_7,4000,2,128,0.25,9,500,3911991,1.035
random,gnp4000_7,4000,2,128,0.25,9,700,3911991,1.446
random,gnp4000_8,4000,2,128,0,2,1,3914856,0.003
random,gnp4000_8,4000,2,128,0,2,2,3914038,0.005
random,gnp4000_8,4000,2,128,0,2,3,3913309,0.007
random,gnp4000_8,4000,2,128,0,2,5,3913309,0.011
random,gnp4000_8,4000,2,128,0,2,7,3913309,0.015
random,gnp4000_8,4000,2,128,0,2,10,3912974,0.022
random,gnp4000_8,4000,2,128,0,2,15,3912974,0.032
random,gnp4000_8,4000,2,128,0,2,20,3912547,0.043
random,gnp4000_8,4000,2,128,0,2,30,3912162,0.063
random,gnp4000_8,4000,2,128,0,2,50,3912162,0.104
random,gnp4000_8,4000,2,128,0,2,70,3912162,0.146
random,gnp4000_8,4000,2,128,0,2,100,3912162,0.207
random,gnp4000_8,4000,2,128,0,2,150,3912033,0.309
random,gnp4000_8,4000,2,128,0,2,200,3912033,0.411
random,gnp4000_8,4000,2,128,0,2,300,3912033,0.613
random,gnp4000_8,4000,2,128,0,2,500,3912033,1.026
random,gnp4000_8,4000,2,128,0,2,700,3912033,1.439
random,gnp4000_8,4000,2,128,0,3,1,3914537,0.003
random,gnp4000_8,4000,2,128,0,3,2,3913810,0.005
random,gnp4000_8,4000,2,128,0,3,3,3913334,0.007
random,gnp4000_8,4000,2,128,0,3,5,3913334,0.011
random,gnp4000_8,4000,2,128,0,3,7,3913334,0.015
random,gnp4000_8,4000,2,128,0,3,10,3912601,0.021
random,gnp4000_8,4000,2,128,0,3,15,3912601,0.032
random,gnp4000_8,4000,2,128,0,3,20,3912546,0.042
random,gnp4000_8,4000,2,128,0,3,30,3912546,0.064
random,gnp4000_8,4000,2,128,0,3,50,3912424,0.104
random,gnp4000_8,4000,2,128,0,3,70,3912424,0.148
random,gnp4000_8,4000,2,128,0,3,100,3912424,0.209
random,gnp4000_8,4000,2,128,0,3,150,3912424,0.312
random,gnp4000_8,4000,2,128,0,3,200,3912401,0.415
random,gnp4000_8,4000,2,128,0,3,300,3912303,0.62
random,gnp4000_8,4000,2,128,0,3,500,3912032,1.028
random,gnp4000_8,4000,2,128,0,3,700,3912032,1.438
random,gnp4000_8,4000,2,128,0,4,1,3914437,0.003
random,gnp4000_8,4000,2,128,0,4,2,3913900,0.005
random,gnp4000_8,4000,2,128,0,4,3,3913411,0.007
random,gnp4000_8,4000,2,128,0,4,5,3913073,0.011
random,gnp4000_8,4000,2,128,0,4,7,3913073,0.015
random,gnp4000_8,4000,2,128,0,4,10,3913073,0.021
random,gnp4000_8,4000,2,128,0,4,15,3913033,0.031
random,gnp4000_8,4000,2,128,0,4,20,3912939,0.041
random,gnp4000_8,4000,2,128,0,4,30,3912939,0.062
random,gnp4000_8,4000,2,128,0,4,50,3912493,0.102
random,gnp4000_8,4000,2,128,0,4,70,3912440,0.142
random,gnp4000_8,4000,2,128,0,4,100,3912377,0.204
random,gnp4000_8,4000,2,128,0,4,150,3912377,0.306
random,gnp4000_8,4000,2,128,0,4,200,3911827,0.408
random,gnp4000_8,4000,2,128,0,4,300,3911827,0.61
random,gnp4000_8,4000,2,128,0,4,500,3911827,1.02
random,gnp4000_8,4000,2,128,0,4,700,3911827,1.426
random,gnp4000_8,4000,2,128,0,5,1,3914381,0.003
random,gnp4000_8,4000,2,128,0,5,2,3913991,0.005
random,gnp4000_8,4000,2,128,0,5,3,3913729,0.007
random,gnp4000_8,4000,2,128,0,5,5,3913081,0.011
random,gnp4000_8,4000,2,128,0,5,7,3912456,0.015
random,gnp4000_8,4000,2,128,0,5,10,3912456,0.022
random,gnp4000_8,4000,2,128,0,5,15,3912456,0.032
random,gnp4000_8,4000,2,128,0,5,20,3912456,0.042
random,gnp4000_8,4000,2,128,0,5,30,3912456,0.062
random,gnp4000_8,4000,2,128,0,5,50,3912456,0.102
random,gnp4000_8,4000,2,128,0,5,70,3912456,0.143
random,gnp4000_8,4000,2,128,0,5,100,3912456,0.205
random,gnp4000_8,4000,2,128,0,5,150,3912456,0.306
random,gnp4000_8,4000,2,128,0,5,200,3912233,0.408
random,gnp4000_8,4000,2,128,0,5,300,3912233,0.611
random,gnp4000_8,4000,2,128,0,5,500,3911907,1.022
random,gnp4000_8,4000,2,128,0,5,700,3911907,1.428
random,gnp4000_8,4000,2,128,0,6,1,3914144,0.003
random,gnp4000_8,4000,2,128,0,6,2,3913375,0.005
random,gnp4000_8,4000,2,128,0,6,3,3913375,0.007
random,gnp4000_8,4000,2,128,0,6,5,3912890,0.011
random,gnp4000_8,4000,2,128,0,6,7,3912890,0.015
random,gnp4000_8,4000,2,128,0,6,10,3912890,0.021
random,gnp4000_8,4000,2,128,0,6,15,3912741,0.032
random,gnp4000_8,4000,2,128,0,6,20,3912446,0.042
random,gnp4000_8,4000,2,128,0,6,30,3911878,0.062
random,gnp4000_8,4000,2,128,0,6,50,3911878,0.102
random,gnp4000_8,4000,2,128,0,6,70,3911878,0.144
random,gnp4000_8,4000,2,128,0,6,100,3911878,0.204
random,gnp4000_8,4000,2,128,0,6,150,3911878,0.305
random,gnp4000_8,4000,2,128,0,6,200,3911878,0.407
random,gnp4000_8,4000,2,128,0,6,300,3911878,0.612
random,gnp4000_8,4000,2,128,0,6,500,3911878,1.016
random,gnp4000_8,4000,2,128,0,6,700,3911878,1.424
random,gnp4000_8,4000,2,128,0,7,1,3914401,0.003
random,gnp4000_8,4000,2,128,0,7,2,3913535,0.005
random,gnp4000_8,4000,2,128,0,7,3,3913535,0.007
random,gnp4000_8,4000,2,128,0,7,5,3913147,0.011
random,gnp4000_8,4000,2,128,0,7,7,3913147,0.015
random,gnp4000_8,4000,2,128,0,7,10,3913147,0.021
random,gnp4000_8,4000,2,128,0,7,15,3913147,0.032
random,gnp4000_8,4000,2,128,0,7,20,3912814,0.043
random,gnp4000_8,4000,2,128,0,7,30,3912814,0.063
random,gnp4000_8,4000,2,128,0,7,50,3912651,0.104
random,gnp4000_8,4000,2,128,0,7,70,3912463,0.145
random,gnp4000_8,4000,2,128,0,7,100,3911872,0.207
random,gnp4000_8,4000,2,128,0,7,150,3911872,0.309
random,gnp4000_8,4000,2,128,0,7,200,3911872,0.41
random,gnp4000_8,4000,2,128,0,7,300,3911872,0.612
random,gnp4000_8,4000,2,128,0,7,500,3911872,1.019
random,gnp4000_8,4000,2,128,0,7,700,3911872,1.454
random,gnp4000_8,4000,2,128,0,8,1,3913785,0.003
random,gnp4000_8,4000,2,128,0,8,2,3913073,0.005
random,gnp4000_8,4000,2,128,0,8,3,3913073,0.008
random,gnp4000_8,4000,2,128,0,8,5,3912764,0.012
random,gnp4000_8,4000,2,128,0,8,7,3912461,0.017
random,gnp4000_8,4000,2,128,0,8,10,3912461,0.023
random,gnp4000_8,4000,2,128,0,8,15,3912461,0.035
random,gnp4000_8,4000,2,128,0,8,20,3912461,0.045
random,gnp4000_8,4000,2,128,0,8,30,3912461,0.068
random,gnp4000_8,4000,2,128,0,8,50,3912461,0.112
random,gnp4000_8,4000,2,128,0,8,70,3912461,0.156
random,gnp4000_8,4000,2,128,0,8,100,3912461,0.223
random,gnp4000_8,4000,2,128,0,8,150,3912461,0.336
random,gnp4000_8,4000,2,128,0,8,200,3912461,0.447
random,gnp4000_8,4000,2,128,0,8,300,3912461,0.67
random,gnp4000_8,4000,2,128,0,8,500,3912461,1.088
random,gnp4000_8,4000,2,128,0,8,700,3912192,1.496
random,gnp4000_8,4000,2,128,0,9,1,3913611,0.003
random,gnp4000_8,4000,2,128,0,9,2,3913611,0.005
random,gnp4000_8,4000,2,128,0,9,3,3912946,0.007
random,gnp4000_8,4000,2,128,0,9,5,3912946,0.011
random,gnp4000_8,4000,2,128,0,9,7,3912946,0.015
random,gnp4000_8,4000,2,128,0,9,10,3912946,0.021
random,gnp4000_8,4000,2,128,0,9,15,3912788,0.031
random,gnp4000_8,4000,2,128,0,9,20,3912788,0.041
random,gnp4000_8,4000,2,128,0,9,30,3912788,0.061
random,gnp4000_8,4000,2,128,0,9,50,3912476,0.102
random,gnp4000_8,4000,2,128,0,9,70,3912476,0.143
random,gnp4000_8,4000,2,128,0,9,100,3912383,0.204
random,gnp4000_8,4000,2,128,0,9,150,3912031,0.306
random,gnp4000_8,4000,2,128,0,9,200,3912031,0.409
random,gnp4000_8,4000,2,128,0,9,300,3912031,0.612
random,gnp4000_8,4000,2,128,0,9,500,3912031,1.018
random,gnp4000_8,4000,2,128,0,9,700,3912029,1.427
random,gnp4000_8,4000,2,128,0.1,2,1,3914856,0.003
random,gnp4000_8,4000,2,128,0.1,2,2,3914038,0.005
random,gnp4000_8,4000,2,128,0.1,2,3,3913309,0.007
random,gnp4000_8,4000,2,128,0.1,2,5,3912430,0.011
random,gnp4000_8,4000,2,128,0.1,2,7,3912430,0.015
random,gnp4000_8,4000,2,128,0.1,2,10,3912430,0.021
random,gnp4000_8,4000,2,128,0.1,2,15,3912430,0.033
random,gnp4000_8,4000,2,128,0.1,2,20,3912430,0.043
random,gnp4000_8,4000,2,128,0.1,2,30,3912430,0.063
random,gnp4000_8,4000,2,128,0.1,2,50,3912430,0.105
random,gnp4000_8,4000,2,128,0.1,2,70,3912360,0.146
random,gnp4000_8,4000,2,128,0.1,2,100,3912360,0.207
random,gnp4000_8,4000,2,128,0.1,2,150,3912127,0.31
random,gnp4000_8,4000,2,128,0.1,2,200,3912127,0.413
random,gnp4000_8,4000,2,128,0.1,2,300,3912024,0.621
random,gnp4000_8,4000,2,128,0.1,2,500,3912024,1.034
random,gnp4000_8,4000,2,128,0.1,2,700,3912024,1.451
random,gnp4000_8,4000,2,128,0.1,3,1,3914537,0.004
random,gnp4000_8,4000,2,128,0.1,3,2,3913810,0.006
random,gnp4000_8,4000,2,128,0.1,3,3,3913800,0.008
random,gnp4000_8,4000,2,128,0.1,3,5,3913520,0.012
random,gnp4000_8,4000,2,128,0.1,3,7,3913393,0.016
random,gnp4000_8,4000,2,128,0.1,3,10,3912605,0.022
random,gnp4000_8,4000,2,128,0.1,3,15,3912605,0.033
random,gnp4000_8,4000,2,128,0.1,3,20,3912511,0.044
random,gnp4000_8,4000,2,128,0.1,3,30,3912313,0.066
random,gnp4000_8,4000,2,128,0.1,3,50,3912313,0.108
random,gnp4000_8,4000,2,128,0.1,3,70,3912275,0.151
random,gnp4000_8,4000,2,128,0.1,3,100,3912275,0.212
random,gnp4000_8,4000,2,128,0.1,3,150,3912265,0.317
random,gnp4000_8,4000,2,128,0.1,3,200,3912265,0.42
random,gnp4000_8,4000,2,128,0.1,3,300,3912155,0.628
random,gnp4000_8,4000,2,128,0.1,3,500,3912076,1.042
random,gnp4000_8,4000,2,128,0.1,3,700,3912076,1.456
random,gnp4000_8,4000,2,128,0.1,4,1,3914437,0.003
random,gnp4000_8,4000,2,128,0.1,4,2,3913900,0.006
random,gnp4000_8,4000,2,128,0.1,4,3,3913411,0.008
random,gnp4000_8,4000,2,128,0.1,4,5,3913073,0.012
random,gnp4000_8,4000,2,128,0.1,4,7,3913073,0.016
random,gnp4000_8,4000,2,128,0.1,4,10,3912466,0.022
random,gnp4000_8,4000,2,128,0.1,4,15,3912466,0.032
random,gnp4000_8,4000,2,128,0.1,4,20,3912466,0.043
random,gnp4000_8,4000,2,128,0.1,4,30,3912466,0.064
random,gnp4000_8,4000,2,128,0.1,4,50,3912351,0.105
random,gnp4000_8,4000,2,128,0.1,4,70,3912351,0.147
random,gnp4000_8,4000,2,128,0.1,4,100,3912035,0.21
random,gnp4000_8,4000,2,128,0.1,4,150,3912035,0.314
random,gnp4000_8,4000,2,128,0.1,4,200,3912035,0.417
random,gnp4000_8,4000,2,128,0.1,4,300,3912035,0.626
random,gnp4000_8,4000,2,128,0.1,4,500,3911677,1.04
random,gnp4000_8,4000,2,128,0.1,4,700,3911677,1.451
random,gnp4000_8,4000,2,128,0.1,5,1,3914381,0.003
random,gnp4000_8,4000,2,128,0.1,5,2,3913865,0.006
random,gnp4000_8,4000,2,128,0.1,5,3,3913528,0.008
random,gnp4000_8,4000,2,128,0.1,5,5,3913070,0.012
random,gnp4000_8,4000,2,128,0.1,5,7,3912965,0.016
random,gnp4000_8,4000,2,128,0.1,5,10,3912191,0.022
random,gnp4000_8,4000,2,128,0.1,5,15,3912191,0.033
random,gnp4000_8,4000,2,128,0.1,5,20,3912191,0.044
random,gnp4000_8,4000,2,128,0.1,5,30,3912191,0.066
random,gnp4000_8,4000,2,128,0.1,5,50,3912191,0.108
random,gnp4000_8,4000,2,128,0.1,5,70,3912191,0.149
random,gnp4000_8,4000,2,128,0.1,5,100,3912191,0.213
random,gnp4000_8,4000,2,128,0.1,5,150,3912189,0.318
random,gnp4000_8,4000,2,128,0.1,5,200,3912189,0.422
random,gnp4000_8,4000,2,128,0.1,5,300,3912105,0.63
random,gnp4000_8,4000,2,128,0.1,5,500,3912081,1.043
random,gnp4000_8,4000,2,128,0.1,5,700,3912050,1.457
random,gnp4000_8,4000,2,128,0.1,6,1,3914144,0.003
random,gnp4000_8,4000,2,128,0.1,6,2,3913375,0.005
random,gnp4000_8,4000,2,128,0.1,6,3,3913375,0.007
random,gnp4000_8,4000,2,128,0.1,6,5,3912802,0.011
random,gnp4000_8,4000,2,128,0.1,6,7,3912802,0.015
random,gnp4000_8,4000,2,128,0.1,6,10,3912759,0.021
random,gnp4000_8,4000,2,128,0.1,6,15,3912759,0.031
random,gnp4000_8,4000,2,128,0.1,6,20,3912666,0.041
random,gnp4000_8,4000,2,128,0.1,6,30,3912666,0.063
random,gnp4000_8,4000,2,128,0.1,6,50,3912225,0.105
random,gnp4000_8,4000,2,128,0.1,6,70,3912225,0.146
random,gnp4000_8,4000,2,128,0.1,6,100,3912225,0.208
random,gnp4000_8,4000,2,128,0.1,6,150,3912033,0.311
random,gnp4000_8,4000,2,128,0.1,6,200,3911994,0.414
random,gnp4000_8,4000,2,128,0.1,6,300,3911994,0.62
random,gnp4000_8,4000,2,128,0.1,6,500,3911994,1.035
random,gnp4000_8,4000,2,128,0.1,6,700,3911994,1.451
random,gnp4000_8,4000,2,128,0.1,7,1,3914401,0.003
random,gnp4000_8,4000,2,128,0.1,7,2,3913853,0.005
random,gnp4000_8,4000,2,128,0.1,7,3,3913786,0.007
random,gnp4000_8,4000,2,128,0.1,7,5,3912623,0.011
random,gnp4000_8,4000,2,128,0.1,7,7,3912594,0.015
random,gnp4000_8,4000,2,128,0.1,7,10,3912594,0.021
random,gnp4000_8,4000,2,128,0.1,7,15,3912594,0.032
random,gnp4000_8,4000,2,128,0.1,7,20,3912594,0.043
random,gnp4000_8,4000,2,128,0.1,7,30,3912544,0.064
random,gnp4000_8,4000,2,128,0.1,7,50,3912544,0.105
random,gnp4000_8,4000,2,128,0.1,7,70,3912287,0.147
random,gnp4000_8,4000,2,128,0.1,7,100,3912287,0.208
random,gnp4000_8,4000,2,128,0.1,7,150,3912287,0.311
random,gnp4000_8,4000,2,128,0.1,7,200,3911520,0.416
random,gnp4000_8,4000,2,128,0.1,7,300,3911520,0.624
random,gnp4000_8,4000,2,128,0.1,7,500,3911520,1.036
random,gnp4000_8,4000,2,128,0.1,7,700,3911520,1.453
random,gnp4000_8,4000,2,128,0.1,8,1,3913785,0.004
random,gnp4000_8,4000,2,128,0.1,8,2,3913073,0.006
random,gnp4000_8,4000,2,128,0.1,8,3,3913073,0.008
random,gnp4000_8,4000,2,128,0.1,8,5,3913073,0.012
random,gnp4000_8,4000,2,128,0.1,8,7,3913073,0.016
random,gnp4000_8,4000,2,128,0.1,8,10,3913073,0.022
random,gnp4000_8,4000,2,128,0.1,8,15,3913073,0.032
random,gnp4000_8,4000,2,128,0.1,8,20,3912150,0.042
random,gnp4000_8,4000,2,128,0.1,8,30,3912150,0.063
random,gnp4000_8,4000,2,128,0.1,8,50,3912150,0.104
random,gnp4000_8,4000,2,128,0.1,8,70,3911885,0.146
random,gnp4000_8,4000,2,128,0.1,8,100,3911885,0.207
random,gnp4000_8,4000,2,128,0.1,8,150,3911885,0.313
random,gnp4000_8,4000,2,128,0.1,8,200,3911885,0.415
random,gnp4000_8,4000,2,128,0.1,8,300,3911860,0.623
random,gnp4000_8,4000,2,128,0.1,8,500,3911860,1.033
random,gnp4000_8,4000,2,128,0.1,8,700,3911860,1.449
random,gnp4000_8,4000,2,128,0.1,9,1,3913611,0.003
random,gnp4000_8,4000,2,128,0.1,9,2,3913459,0.006
random,gnp4000_8,4000,2,128,0.1,9,3,3912946,0.008
random,gnp4000_8,4000,2,128,0.1,9,5,3912946,0.012
random,gnp4000_8,4000,2,128,0.1,9,7,3912891,0.016
random,gnp4000_8,4000,2,128,0.1,9,10,3912891,0.022
random,gnp4000_8,4000,2,128,0.1,9,15,3912879,0.032
random,gnp4000_8,4000,2,128,0.1,9,20,3912680,0.042
random,gnp4000_8,4000,2,128,0.1,9,30,3912680,0.064
random,gnp4000_8,4000,2,128,0.1,9,50,3912076,0.105
random,gnp4000_8,4000,2,128,0.1,9,70,3912076,0.147
random,gnp4000_8,4000,2,128,0.1,9,100,3912076,0.209
random,gnp4000_8,4000,2,128,0.1,9,150,3912076,0.312
random,gnp4000_8,4000,2,128,0.1,9,200,3912076,0.415
random,gnp4000_8,4000,2,128,0.1,9,300,3912076,0.623
random,gnp4000_8,4000,2,128,0.1,9,500,3912076,1.035
random,gnp4000_8,4000,2,128,0.1,9,700,3911941,1.449
random,gnp4000_8,4000,2,128,0.25,2,1,3914856,0.003
random,gnp4000_8,4000,2,128,0.25,2,2,3914038,0.005
random,gnp4000_8,4000,2,128,0.25,2,3,3913688,0.007
random,gnp4000_8,4000,2,128,0.25,2,5,3913207,0.011
random,gnp4000_8,4000,2,128,0.25,2,7,3912685,0.015
random,gnp4000_8,4000,2,128,0.25,2,10,3912685,0.021
random,gnp4000_8,4000,2,128,0.25,2,15,3912685,0.031
random,gnp4000_8,4000,2,128,0.25,2,20,3912685,0.042
random,gnp4000_8,4000,2,128,0.25,2,30,3912685,0.063
random,gnp4000_8,4000,2,128,0.25,2,50,3912150,0.104
random,gnp4000_8,4000,2,128,0.25,2,70,3912150,0.145
random,gnp4000_8,4000,2,128,0.25,2,100,3912150,0.206
random,gnp4000_8,4000,2,128,0.25,2,150,3912150,0.311
random,gnp4000_8,4000,2,128,0.25,2,200,3912150,0.412
random,gnp4000_8,4000,2,128,0.25,2,300,3912150,0.618
random,gnp4000_8,4000,2,128,0.25,2,500,3911827,1.031
random,gnp4000_8,4000,2,128,0.25,2,700,3911827,1.443
random,gnp4000_8,4000,2,128,0.25,3,1,3914537,0.003
random,gnp4000_8,4000,2,128,0.25,3,2,3913810,0.005
random,gnp4000_8,4000,2,128,0.25,3,3,3913311,0.007
random,gnp4000_8,4000,2,128,0.25,3,5,3912547,0.011
random,gnp4000_8,4000,2,128,0.25,3,7,3912547,0.015
random,gnp4000_8,4000,2,128,0.25,3,10,3912547,0.022
random,gnp4000_8,4000,2,128,0.25,3,15,3912436,0.032
random,gnp4000_8,4000,2,128,0.25,3,20,3912436,0.042
random,gnp4000_8,4000,2,128,0.25,3,30,3912436,0.063
random,gnp4000_8,4000,2,128,0.25,3,50,3912346,0.104
random,gnp4000_8,4000,2,128,0.25,3,70,3912346,0.147
random,gnp4000_8,4000,2,128,0.25,3,100,3912346,0.21
random,gnp4000_8,4000,2,128,0.25,3,150,3912346,0.313
random,gnp4000_8,4000,2,128,0.25,3,200,3912346,0.417
random,gnp4000_8,4000,2,128,0.25,3,300,3912065,0.623
random,gnp4000_8,4000,2,128,0.25,3,500,3912065,1.038
random,gnp4000_8,4000,2,128,0.25,3,700,3911583,1.45
random,gnp4000_8,4000,2,128,0.25,4,1,3914437,0.003
random,gnp4000_8,4000,2,128,0.25,4,2,3913515,0.005
random,gnp4000_8,4000,2,128,0.25,4,3,3913403,0.007
random,gnp4000_8,4000,2,128,0.25,4,5,3913073,0.011
random,gnp4000_8,4000,2,128,0.25,4,7,3913073,0.015
random,gnp4000_8,4000,2,128,0.25,4,10,3912915,0.022
random,gnp4000_8,4000,2,128,0.25,4,15,3912876,0.032
random,gnp4000_8,4000,2,128,0.25,4,20,3912342,0.043
random,gnp4000_8,4000,2,128,0.25,4,30,3912342,0.063
random,gnp4000_8,4000,2,128,0.25,4,50,3912342,0.104
random,gnp4000_8,4000,2,128,0.25,4,70,3912316,0.144
random,gnp4000_8,4000,2,128,0.25,4,100,3912316,0.206
random,gnp4000_8,4000,2,128,0.25,4,150,3912112,0.31
random,gnp4000_8,4000,2,128,0.25,4,200,3912112,0.412
random,gnp4000_8,4000,2,128,0.25,4,300,3911896,0.619
random,gnp4000_8,4000,2,128,0.25,4,500,3911896,1.031
random,gnp4000_8,4000,2,128,0.25,4,700,3911866,1.442
random,gnp4000_8,4000,2,128,0.25,5,1,3914381,0.003
random,gnp4000_8,4000,2,128,0.25,5,2,3913865,0.005
random,gnp4000_8,4000,2,128,0.25,5,3,3913339,0.007
random,gnp4000_8,4000,2,128,0.25,5,5,3912766,0.011
random,gnp4000_8,4000,2,128,0.25,5,7,3912766,0.015
random,gnp4000_8,4000,2,128,0.25,5,10,3912733,0.021
random,gnp4000_8,4000,2,128,0.25,5,15,3912469,0.031
random,gnp4000_8,4000,2,128,0.25,5,20,3912469,0.041
random,gnp4000_8,4000,2,128,0.25,5,30,3912444,0.062
random,gnp4000_8,4000,2,128,0.25,5,50,3912338,0.104
random,gnp4000_8,4000,2,128,0.25,5,70,3912338,0.144
random,gnp4000_8,4000,2,128,0.25,5,100,3912338,0.205
random,gnp4000_8,4000,2,128,0.25,5,150,3911835,0.307
random,gnp4000_8,4000,2,128,0.25,5,200,3911835,0.41
random,gnp4000_8,4000,2,128,0.25,5,300,3911835,0.619
random,gnp4000_8,4000,2,128,0.25,5,500,3911835,1.032
random,gnp4000_8,4000,2,128,0.25,5,700,3911760,1.445
random,gnp4000_8,4000,2,128,0.25,6,1,3914144,0.003
random,gnp4000_8,4000,2,128,0.25,6,2,3913375,0.005
random,gnp4000_8,4000,2,128,0.25,6,3,3913375,0.007
random,gnp4000_8,4000,2,128,0.25,6,5,3912534,0.011
random,gnp4000_8,4000,2,128,0.25,6,7,3912534,0.015
random,gnp4000_8,4000,2,128,0.25,6,10,3912534,0.021
random,gnp4000_8,4000,2,128,0.25,6,15,3912534,0.032
random,gnp4000_8,4000,2,128,0.25,6,20,3912477,0.042
random,gnp4000_8,4000,2,128,0.25,6,30,3912477,0.062
random,gnp4000_8,4000,2,128,0.25,6,50,3912397,0.103
random,gnp4000_8,4000,2,128,0.25,6,70,3912397,0.146
random,gnp4000_8,4000,2,128,0.25,6,100,3912188,0.207
random,gnp4000_8,4000,2,128,0.25,6,150,3912188,0.31
random,gnp4000_8,4000,2,128,0.25,6,200,3912188,0.415
random,gnp4000_8,4000,2,128,0.25,6,300,3911785,0.621
random,gnp4000_8,4000,2,128,0.25,6,500,3911785,1.033
random,gnp4000_8,4000,2,128,0.25,6,700,3911785,1.445
random,gnp4000_8,4000,2,128,0.25,7,1,3914401,0.003
random,gnp4000_8,4000,2,128,0.25,7,2,3913853,0.005
random,gnp4000_8,4000,2,128,0.25,7,3,3913380,0.007
random,gnp4000_8,4000,2,128,0.25,7,5,3913170,0.011
random,gnp4000_8,4000,2,128,0.25,7,7,3913170,0.015
random,gnp4000_8,4000,2,128,0.25,7,10,3913170,0.021
random,gnp4000_8,4000,2,128,0.25,7,15,3912511,0.031
random,gnp4000_8,4000,2,128,0.25,7,20,3912511,0.042
random,gnp4000_8,4000,2,128,0.25,7,30,3912511,0.062
random,gnp4000_8,4000,2,128,0.25,7,50,3912347,0.103
random,gnp4000_8,4000,2,128,0.25,7,70,3912157,0.146
random,gnp4000_8,4000,2,128,0.25,7,100,3912157,0.207
random,gnp4000_8,4000,2,128,0.25,7,150,3911950,0.31
random,gnp4000_8,4000,2,128,0.25,7,200,3911950,0.412
random,gnp4000_8,4000,2,128,0.25,7,300,3911950,0.618
random,gnp4000_8,4000,2,128,0.25,7,500,3911950,1.032
random,gnp4000_8,4000,2,128,0.25,7,700,3911950,1.443
random,gnp4000_8,4000,2,128,0.25,8,1,3913785,0.003
random,gnp4000_8,4000,2,128,0.25,8,2,3913078,0.005
random,gnp4000_8,4000,2,128,0.25,8,3,3913078,0.007
random,gnp4000_8,4000,2,128,0.25,8,5,3912998,0.012
random,gnp4000_8,4000,2,128,0.25,8,7,3912494,0.016
random,gnp4000_8,4000,2,128,0.25,8,10,3912494,0.022
random,gnp4000_8,4000,2,128,0.25,8,15,3912494,0.033
random,gnp4000_8,4000,2,128,0.25,8,20,3912494,0.043
random,gnp4000_8,4000,2,128,0.25,8,30,3912302,0.063
random,gnp4000_8,4000,2,128,0.25,8,50,3912302,0.104
random,gnp4000_8,4000,2,128,0.25,8,70,3912302,0.146
random,gnp4000_8,4000,2,128,0.25,8,100,3912302,0.207
random,gnp4000_8,4000,2,128,0.25,8,150,3912302,0.311
random,gnp4000_8,4000,2,128,0.25,8,200,3912299,0.415
random,gnp4000_8,4000,2,128,0.25,8,300,3912084,0.619
random,gnp4000_8,4000,2,128,0.25,8,500,3912084,1.032
random,gnp4000_8,4000,2,128,0.25,8,700,3912084,1.447
random,gnp4000_8,4000,2,128,0.25,9,1,3913611,0.003
random,gnp4000_8,4000,2,128,0.25,9,2,3913459,0.005
random,gnp4000_8,4000,2,128,0.25,9,3,3913167,0.007
random,gnp4000_8,4000,2,128,0.25,9,5,3913167,0.011
random,gnp4000_8,4000,2,128,0.25,9,7,3913124,0.015
random,gnp4000_8,4000,2,128,0.25,9,10,3912398,0.021
random,gnp4000_8,4000,2,128,0.25,9,15,3912398,0.031
random,gnp4000_8,4000,2,128,0.25,9,20,3912398,0.042
random,gnp4000_8,4000,2,128,0.25,9,30,3912398,0.062
random,gnp4000_8,4000,2,128,0.25,9,50,3912398,0.103
random,gnp4000_8,4000,2,128,0.25,9,70,3911272,0.144
random,gnp4000_8,4000,2,128,0.25,9,100,3911272,0.205
random,gnp4000_8,4000,2,128,0.25,9,150,3911272,0.309
random,gnp4000_8,4000,2,128,0.25,9,200,3911272,0.412
random,gnp4000_8,4000,2,128,0.25,9,300,3911272,0.617
random,gnp4000_8,4000,2,128,0.25,9,500,3911272,1.03
random,gnp4000_8,4000,2,128,0.25,9,700,3911272,1.44
random,gnp6000_7,6000,3,128,0,2,1,7793307,0.035
random,gnp6000_7,6000,3,128,0,2,2,7789573,0.059
random,gnp6000_7,6000,3,128,0,2,3,7788797,0.082
random,gnp6000_7,6000,3,128,0,2,5,7787215,0.129
random,gnp6000_7,6000,3,128,0,2,7,7786145,0.175
random,gnp6000_7,6000,3,128,0,2,10,7784567,0.244
random,gnp6000_7,6000,3,128,0,2,15,7783917,0.357
random,gnp6000_7,6000,3,128,0,2,20,7783381,0.469
random,gnp6000_7,6000,3,128,0,2,30,7783101,0.694
random,gnp6000_7,6000,3,128,0,2,50,7782483,1.144
random,gnp6000_7,6000,3,128,0,2,70,7782033,1.592
random,gnp6000_7,6000,3,128,0,2,100,7781332,2.261
random,gnp6000_7,6000,3,128,0,2,150,7780475,3.375
random,gnp6000_7,6000,3,128,0,2,200,7779835,4.481
random,gnp6000_7,6000,3,128,0,2,300,7779835,6.691
random,gnp6000_7,6000,3,128,0,2,500,7779591,11.097
random,gnp6000_7,6000,3,128,0,3,1,7792577,0.034
random,gnp6000_7,6000,3,128,0,3,2,7790331,0.059
random,gnp6000_7,6000,3,128,0,3,3,7788927,0.082
random,gnp6000_7,6000,3,128,0,3,5,7787517,0.129
random,gnp6000_7,6000,3,128,0,3,7,7786629,0.174
random,gnp6000_7,6000,3,128,0,3,10,7784839,0.245
random,gnp6000_7,6000,3,128,0,3,15,7784203,0.36
random,gnp6000_7,6000,3,128,0,3,20,7783427,0.473
random,gnp6000_7,6000,3,128,0,3,30,7783319,0.695
random,gnp6000_7,6000,3,128,0,3,50,7782187,1.144
random,gnp6000_7,6000,3,128,0,3,70,7781699,1.594
random,gnp6000_7,6000,3,128,0,3,100,7781345,2.263
random,gnp6000_7,6000,3,128,0,3,150,7780161,3.376
random,gnp6000_7,6000,3,128,0,3,200,7779974,4.479
random,gnp6000_7,6000,3,128,0,3,300,7779881,6.691
random,gnp6000_7,6000,3,128,0,3,500,7779615,11.214
random,gnp6000_7,6000,3,128,0,4,1,7791983,0.034
random,gnp6000_7,6000,3,128,0,4,2,7789369,0.058
random,gnp6000_7,6000,3,128,0,4,3,7788707,0.081
random,gnp6000_7,6000,3,128,0,4,5,7787489,0.128
random,gnp6000_7,6000,3,128,0,4,7,7786169,0.174
random,gnp6000_7,6000,3,128,0,4,10,7785051,0.243
random,gnp6000_7,6000,3,128,0,4,15,7784407,0.357
random,gnp6000_7,6000,3,128,0,4,20,7783441,0.468
random,gnp6000_7,6000,3,128,0,4,30,7782897,0.695
random,gnp6000_7,6000,3,128,0,4,50,7782125,1.14
random,gnp6000_7,6000,3,128,0,4,70,7781277,1.581
random,gnp6000_7,6000,3,128,0,4,100,7781189,2.245
random,gnp6000_7,6000,3,128,0,4,150,7780353,3.356
random,gnp6000_7,6000,3,128,0,4,200,7780031,4.466
random,gnp6000_7,6000,3,128,0,4,300,7779533,6.712
random,gnp6000_7,6000,3,128,0,4,500,7779533,11.152
random,gnp6000_7,6000,3,128,0,5,1,7791466,0.033
random,gnp6000_7,6000,3,128,0,5,2,7790245,0.058
random,gnp6000_7,6000,3,128,0,5,3,7788951,0.082
random,gnp6000_7,6000,3,128,0,5,5,7786622,0.129
random,gnp6000_7,6000,3,128,0,5,7,7786221,0.176
random,gnp6000_7,6000,3,128,0,5,10,7785779,0.243
random,gnp6000_7,6000,3,128,0,5,15,7784013,0.356
random,gnp6000_7,6000,3,128,0,5,20,7783275,0.469
random,gnp6000_7,6000,3,128,0,5,30,7782413,0.691
random,gnp6000_7,6000,3,128,0,5,50,7781633,1.142
random,gnp6000_7,6000,3,128,0,5,70,7781633,1.588
random,gnp6000_7,6000,3,128,0,5,100,7781466,2.258
random,gnp6000_7,6000,3,128,0,5,150,7780791,3.37
random,gnp6000_7,6000,3,128,0,5,200,7780791,4.483
random,gnp6000_7,6000,3,128,0,5,300,7780791,6.712
random,gnp6000_7,6000,3,128,0,5,500,7779629,11.163
random,gnp6000_7,6000,3,128,0,6,1,7792955,0.033
random,gnp6000_7,6000,3,128,0,6,2,7789927,0.058
random,gnp6000_7,6000,3,128,0,6,3,7788523,0.084
random,gnp6000_7,6000,3,128,0,6,5,7787987,0.131
random,gnp6000_7,6000,3,128,0,6,7,7785979,0.177
random,gnp6000_7,6000,3,128,0,6,10,7785215,0.246
random,gnp6000_7,6000,3,128,0,6,15,7784824,0.358
random,gnp6000_7,6000,3,128,0,6,20,7783835,0.474
random,gnp6000_7,6000,3,128,0,6,30,7782601,0.703
random,gnp6000_7,6000,3,128,0,6,50,7782245,1.151
random,gnp6000_7,6000,3,128,0,6,70,7781552,1.599
random,gnp6000_7,6000,3,128,0,6,100,7781552,2.265
random,gnp6000_7,6000,3,128,0,6,150,7780865,3.378
random,gnp6000_7,6000,3,128,0,6,200,7780865,4.492
random,gnp6000_7,6000,3,128,0,6,300,7780865,6.72
random,gnp6000_7,6000,3,128,0,6,500,7779855,11.173
random,gnp6000_7,6000,3,128,0,7,1,7791950,0.033
random,gnp6000_7,6000,3,128,0,7,2,7789684,0.058
random,gnp6000_7,6000,3,128,0,7,3,7787817,0.081
random,gnp6000_7,6000,3,128,0,7,5,7787081,0.129
random,gnp6000_7,6000,3,128,0,7,7,7785843,0.175
random,gnp6000_7,6000,3,128,0,7,10,7784735,0.244
random,gnp6000_7,6000,3,128,0,7,15,7784085,0.357
random,gnp6000_7,6000,3,128,0,7,20,7782975,0.47
random,gnp6000_7,6000,3,128,0,7,30,7782739,0.695
random,gnp6000_7,6000,3,128,0,7,50,7781965,1.143
random,gnp6000_7,6000,3,128,0,7,70,7781449,1.586
random,gnp6000_7,6000,3,128,0,7,100,7780715,2.253
random,gnp6000_7,6000,3,128,0,7,150,7780715,3.373
random,gnp6000_7,6000,3,128,0,7,200,7780703,4.484
random,gnp6000_7,6000,3,128,0,7,300,7780239,6.705
random,gnp6000_7,6000,3,128,0,7,500,7779765,11.152
random,gnp6000_7,6000,3,128,0,8,1,7791193,0.034
random,gnp6000_7,6000,3,128,0,8,2,7789887,0.059
random,gnp6000_7,6000,3,128,0,8,3,7788799,0.082
random,gnp6000_7,6000,3,128,0,8,5,7787007,0.128
random,gnp6000_7,6000,3,128,0,8,7,7786591,0.174
random,gnp6000_7,6000,3,128,0,8,10,7785699,0.243
random,gnp6000_7,6000,3,128,0,8,15,7784733,0.358
random,gnp6000_7,6000,3,128,0,8,20,7784303,0.472
random,gnp6000_7,6000,3,128,0,8,30,7782863,0.7
random,gnp6000_7,6000,3,128,0,8,50,7781521,1.153
random,gnp6000_7,6000,3,128,0,8,70,7780989,1.604
random,gnp6000_7,6000,3,128,0,8,100,7780699,2.27
random,gnp6000_7,6000,3,128,0,8,150,7780644,3.389
random,gnp6000_7,6000,3,128,0,8,200,7779743,4.507
random,gnp6000_7,6000,3,128,0,8,300,7779657,6.727
random,gnp6000_7,6000,3,128,0,8,500,7779657,11.269
random,gnp6000_7,6000,3,128,0,9,1,7791413,0.037
random,gnp6000_7,6000,3,128,0,9,2,7790461,0.064
random,gnp6000_7,6000,3,128,0,9,3,7788981,0.09
random,gnp6000_7,6000,3,128,0,9,5,7787473,0.14
random,gnp6000_7,6000,3,128,0,9,7,7787149,0.193
random,gnp6000_7,6000,3,128,0,9,10,7785761,0.27
random,gnp6000_7,6000,3,128,0,9,15,7784813,0.381
random,gnp6000_7,6000,3,128,0,9,20,7784405,0.496
random,gnp6000_7,6000,3,128,0,9,30,7783033,0.724
random,gnp6000_7,6000,3,128,0,9,50,7782109,1.171
random,gnp6000_7,6000,3,128,0,9,70,7781975,1.621
random,gnp6000_7,6000,3,128,0,9,100,7781131,2.29
random,gnp6000_7,6000,3,128,0,9,150,7780233,3.401
random,gnp6000_7,6000,3,128,0,9,200,7779841,4.515
random,gnp6000_7,6000,3,128,0,9,300,7779059,6.727
random,gnp6000_7,6000,3,128,0,9,500,7779059,11.152
random,gnp6000_7,6000,3,128,0.1,2,1,7793307,0.034
random,gnp6000_7,6000,3,128,0.1,2,2,7789573,0.058
random,gnp6000_7,6000,3,128,0.1,2,3,7788797,0.082
random,gnp6000_7,6000,3,128,0.1,2,5,7787215,0.129
random,gnp6000_7,6000,3,128,0.1,2,7,7786509,0.174
random,gnp6000_7,6000,3,128,0.1,2,10,7785325,0.243
random,gnp6000_7,6000,3,128,0.1,2,15,7783623,0.356
random,gnp6000_7,6000,3,128,0.1,2,20,7783011,0.469
random,gnp6000_7,6000,3,128,0.1,2,30,7781901,0.693
random,gnp6000_7,6000,3,128,0.1,2,50,7781020,1.141
random,gnp6000_7,6000,3,128,0.1,2,70,7780515,1.586
random,gnp6000_7,6000,3,128,0.1,2,100,7779871,2.254
random,gnp6000_7,6000,3,128,0.1,2,150,7779871,3.368
random,gnp6000_7,6000,3,128,0.1,2,200,7779779,4.476
random,gnp6000_7,6000,3,128,0.1,2,300,7779361,6.695
random,gnp6000_7,6000,3,128,0.1,2,500,7779257,11.138
random,gnp6000_7,6000,3,128,0.1,3,1,7792577,0.036
random,gnp6000_7,6000,3,128,0.1,3,2,7789655,0.062
random,gnp6000_7,6000,3,128,0.1,3,3,7788927,0.086
random,gnp6000_7,6000,3,128,0.1,3,5,7786271,0.131
random,gnp6000_7,6000,3,128,0.1,3,7,7785813,0.178
random,gnp6000_7,6000,3,128,0.1,3,10,7784685,0.247
random,gnp6000_7,6000,3,128,0.1,3,15,7783811,0.359
random,gnp6000_7,6000,3,128,0.1,3,20,7782839,0.471
random,gnp6000_7,6000,3,128,0.1,3,30,7781049,0.695
random,gnp6000_7,6000,3,128,0.1,3,50,7780019,1.139
random,gnp6000_7,6000,3,128,0.1,3,70,7779781,1.576
random,gnp6000_7,6000,3,128,0.1,3,100,7779157,2.238
random,gnp6000_7,6000,3,128,0.1,3,150,7779157,3.339
random,gnp6000_7,6000,3,128,0.1,3,200,7779157,4.44
random,gnp6000_7,6000,3,128,0.1,3,300,7779157,6.649
random,gnp6000_7,6000,3,128,0.1,3,500,7779157,11.06
random,gnp6000_7,6000,3,128,0.1,4,1,7791983,0.034
random,gnp6000_7,6000,3,128,0.1,4,2,7789369,0.058
random,gnp6000_7,6000,3,128,0.1,4,3,7788707,0.082
random,gnp6000_7,6000,3,128,0.1,4,5,7787271,0.128
random,gnp6000_7,6000,3,128,0.1,4,7,7786383,0.174
random,gnp6000_7,6000,3,128,0.1,4,10,7784781,0.243
random,gnp6000_7,6000,3,128,0.1,4,15,7784343,0.357
random,gnp6000_7,6000,3,128,0.1,4,20,7783819,0.47
random,gnp6000_7,6000,3,128,0.1,4,30,7782225,0.692
random,gnp6000_7,6000,3,128,0.1,4,50,7781019,1.138
random,gnp6000_7,6000,3,128,0.1,4,70,7781019,1.584
random,gnp6000_7,6000,3,128,0.1,4,100,7780341,2.252
random,gnp6000_7,6000,3,128,0.1,4,150,7780125,3.352
random,gnp6000_7,6000,3,128,0.1,4,200,7779839,4.466
random,gnp6000_7,6000,3,128,0.1,4,300,7779695,6.682
random,gnp6000_7,6000,3,128,0.1,4,500,7778953,11.221
random,gnp6000_7,6000,3,128,0.1,5,1,7791466,0.033
random,gnp6000_7,6000,3,128,0.1,5,2,7789895,0.057
random,gnp6000_7,6000,3,128,0.1,5,3,7788901,0.082
random,gnp6000_7,6000,3,128,0.1,5,5,7786622,0.129
random,gnp6000_7,6000,3,128,0.1,5,7,7786049,0.173
random,gnp6000_7,6000,3,128,0.1,5,10,7783871,0.242
random,gnp6000_7,6000,3,128,0.1,5,15,7783591,0.355
random,gnp6000_7,6000,3,128,0.1,5,20,7783103,0.467
random,gnp6000_7,6000,3,128,0.1,5,30,7781829,0.692
random,gnp6000_7,6000,3,128,0.1,5,50,7780979,1.136
random,gnp6000_7,6000,3,128,0.1,5,70,7780975,1.579
random,gnp6000_7,6000,3,128,0.1,5,100,7780685,2.248
random,gnp6000_7,6000,3,128,0.1,5,150,7780491,3.355
random,gnp6000_7,6000,3,128,0.1,5,200,7779663,4.467
random,gnp6000_7,6000,3,128,0.1,5,300,7779615,6.679
random,gnp6000_7,6000,3,128,0.1,5,500,7777955,11.1
random,gnp6000_7,6000,3,128,0.1,6,1,7792955,0.033
random,gnp6000_7,6000,3,128,0.1,6,2,7789649,0.061
random,gnp6000_7,6000,3,128,0.1,6,3,7787765,0.086
random,gnp6000_7,6000,3,128,0.1,6,5,7787055,0.133
random,gnp6000_7,6000,3,128,0.1,6,7,7785853,0.181
random,gnp6000_7,6000,3,128,0.1,6,10,7784603,0.248
random,gnp6000_7,6000,3,128,0.1,6,15,7783339,0.361
random,gnp6000_7,6000,3,128,0.1,6,20,7782679,0.473
random,gnp6000_7,6000,3,128,0.1,6,30,7781621,0.697
random,gnp6000_7,6000,3,128,0.1,6,50,7781363,1.147
random,gnp6000_7,6000,3,128,0.1,6,70,7780591,1.592
random,gnp6000_7,6000,3,128,0.1,6,100,7780422,2.26
random,gnp6000_7,6000,3,128,0.1,6,150,7779655,3.369
random,gnp6000_7,6000,3,128,0.1,6,200,7779355,4.475
random,gnp6000_7,6000,3,128,0.1,6,300,7779355,6.691
random,gnp6000_7,6000,3,128,0.1,6,500,7778980,11.119
random,gnp6000_7,6000,3,128,0.1,7,1,7791950,0.035
random,gnp6000_7,6000,3,128,0.1,7,2,7789684,0.059
random,gnp6000_7,6000,3,128,0.1,7,3,7787817,0.084
random,gnp6000_7,6000,3,128,0.1,7,5,7786859,0.131
random,gnp6000_7,6000,3,128,0.1,7,7,7785729,0.178
random,gnp6000_7,6000,3,128,0.1,7,10,7784695,0.246
random,gnp6000_7,6000,3,128,0.1,7,15,7783339,0.361
random,gnp6000_7,6000,3,128,0.1,7,20,7782225,0.475
random,gnp6000_7,6000,3,128,0.1,7,30,7781433,0.697
random,gnp6000_7,6000,3,128,0.1,7,50,7780840,1.147
random,gnp6000_7,6000,3,128,0.1,7,70,7780613,1.594
random,gnp6000_7,6000,3,128,0.1,7,100,7779919,2.261
random,gnp6000_7,6000,3,128,0.1,7,150,7779351,3.378
random,gnp6000_7,6000,3,128,0.1,7,200,7779351,4.488
random,gnp6000_7,6000,3,128,0.1,7,300,7779241,6.696
random,gnp6000_7,6000,3,128,0.1,7,500,7778939,11.121
random,gnp6000_7,6000,3,128,0.1,8,1,7791193,0.033
random,gnp6000_7,6000,3,128,0.1,8,2,7789887,0.057
random,gnp6000_7,6000,3,128,0.1,8,3,7788501,0.081
random,gnp6000_7,6000,3,128,0.1,8,5,7786939,0.128
random,gnp6000_7,6000,3,128,0.1,8,7,7785775,0.172
random,gnp6000_7,6000,3,128,0.1,8,10,7784793,0.239
random,gnp6000_7,6000,3,128,0.1,8,15,7784243,0.353
random,gnp6000_7,6000,3,128,0.1,8,20,7782747,0.464
random,gnp6000_7,6000,3,128,0.1,8,30,7781851,0.689
random,gnp6000_7,6000,3,128,0.1,8,50,7781303,1.135
random,gnp6000_7,6000,3,128,0.1,8,70,7781061,1.583
random,gnp6000_7,6000,3,128,0.1,8,100,7780853,2.246
random,gnp6000_7,6000,3,128,0.1,8,150,7780375,3.359
random,gnp6000_7,6000,3,128,0.1,8,200,7780375,4.471
random,gnp6000_7,6000,3,128,0.1,8,300,7779999,6.691
random,gnp6000_7,6000,3,128,0.1,8,500,7779111,11.139
random,gnp6000_7,6000,3,128,0.1,9,1,7791413,0.035
random,gnp6000_7,6000,3,128,0.1,9,2,7790053,0.059
random,gnp6000_7,6000,3,128,0.1,9,3,7788651,0.082
random,gnp6000_7,6000,3,128,0.1,9,5,7786673,0.128
random,gnp6000_7,6000,3,128,0.1,9,7,7786079,0.174
random,gnp6000_7,6000,3,128,0.1,9,10,7784319,0.243
random,gnp6000_7,6000,3,128,0.1,9,15,7783315,0.358
random,gnp6000_7,6000,3,128,0.1,9,20,7782609,0.47
random,gnp6000_7,6000,3,128,0.1,9,30,7781571,0.692
random,gnp6000_7,6000,3,128,0.1,9,50,7780853,1.135
random,gnp6000_7,6000,3,128,0.1,9,70,7780201,1.58
random,gnp6000_7,6000,3,128,0.1,9,100,7780201,2.247
random,gnp6000_7,6000,3,128,0.1,9,150,7779456,3.358
random,gnp6000_7,6000,3,128,0.1,9,200,7778921,4.469
random,gnp6000_7,6000,3,128,0.1,9,300,7778782,6.673
random,gnp6000_7,6000,3,128,0.1,9,500,7778779,11.091
random,gnp6000_7,6000,3,128,0.25,2,1,7793307,0.033
random,gnp6000_7,6000,3,128,0.25,2,2,7789573,0.057
random,gnp6000_7,6000,3,128,0.25,2,3,7788797,0.083
random,gnp6000_7,6000,3,128,0.25,2,5,7786997,0.128
random,gnp6000_7,6000,3,128,0.25,2,7,7785583,0.173
random,gnp6000_7,6000,3,128,0.25,2,10,7784619,0.244
random,gnp6000_7,6000,3,128,0.25,2,15,7783129,0.358
random,gnp6000_7,6000,3,128,0.25,2,20,7782799,0.469
random,gnp6000_7,6000,3,128,0.25,2,30,7781839,0.692
random,gnp6000_7,6000,3,128,0.25,2,50,7780631,1.141
random,gnp6000_7,6000,3,128,0.25,2,70,7780475,1.583
random,gnp6000_7,6000,3,128,0.25,2,100,7779291,2.239
random,gnp6000_7,6000,3,128,0.25,2,150,7778335,3.34
random,gnp6000_7,6000,3,128,0.25,2,200,7778335,4.443
random,gnp6000_7,6000,3,128,0.25,2,300,7778335,6.635
random,gnp6000_7,6000,3,128,0.25,2,500,7778335,11.037
random,gnp6000_7,6000,3,128,0.25,3,1,7792577,0.036
random,gnp6000_7,6000,3,128,0.25,3,2,7790331,0.061
random,gnp6000_7,6000,3,128,0.25,3,3,7788543,0.085
random,gnp6000_7,6000,3,128,0.25,3,5,7785819,0.131
random,gnp6000_7,6000,3,128,0.25,3,7,7784027,0.18
random,gnp6000_7,6000,3,128,0.25,3,10,7784027,0.248
random,gnp6000_7,6000,3,128,0.25,3,15,7783275,0.36
random,gnp6000_7,6000,3,128,0.25,3,20,7782877,0.473
random,gnp6000_7,6000,3,128,0.25,3,30,7782110,0.695
random,gnp6000_7,6000,3,128,0.25,3,50,7780916,1.14
random,gnp6000_7,6000,3,128,0.25,3,70,7780845,1.584
random,gnp6000_7,6000,3,128,0.25,3,100,7780253,2.252
random,gnp6000_7,6000,3,128,0.25,3,150,7780065,3.364
random,gnp6000_7,6000,3,128,0.25,3,200,7779947,4.47
random,gnp6000_7,6000,3,128,0.25,3,300,7779501,6.677
random,gnp6000_7,6000,3,128,0.25,3,500,7779501,11.103
random,gnp6000_7,6000,3,128,0.25,4,1,7791983,0.034
random,gnp6000_7,6000,3,128,0.25,4,2,7790433,0.057
random,gnp6000_7,6000,3,128,0.25,4,3,7788707,0.08
random,gnp6000_7,6000,3,128,0.25,4,5,7786806,0.128
random,gnp6000_7,6000,3,128,0.25,4,7,7786085,0.171
random,gnp6000_7,6000,3,128,0.25,4,10,7783894,0.241
random,gnp6000_7,6000,3,128,0.25,4,15,7783207,0.355
random,gnp6000_7,6000,3,128,0.25,4,20,7781897,0.468
random,gnp6000_7,6000,3,128,0.25,4,30,7780891,0.686
random,gnp6000_7,6000,3,128,0.25,4,50,7779747,1.132
random,gnp6000_7,6000,3,128,0.25,4,70,7779747,1.573
random,gnp6000_7,6000,3,128,0.25,4,100,7779717,2.227
random,gnp6000_7,6000,3,128,0.25,4,150,7779717,3.33
random,gnp6000_7,6000,3,128,0.25,4,200,7779501,4.427
random,gnp6000_7,6000,3,128,0.25,4,300,7779000,6.611
random,gnp6000_7,6000,3,128,0.25,4,500,7779000,10.989
random,gnp6000_7,6000,3,128,0.25,5,1,7791466,0.033
random,gnp6000_7,6000,3,128,0.25,5,2,7789895,0.057
random,gnp6000_7,6000,3,128,0.25,5,3,7788901,0.081
random,gnp6000_7,6000,3,128,0.25,5,5,7786867,0.127
random,gnp6000_7,6000,3,128,0.25,5,7,7785827,0.172
random,gnp6000_7,6000,3,128,0.25,5,10,7784227,0.239
random,gnp6000_7,6000,3,128,0.25,5,15,7782919,0.352
random,gnp6000_7,6000,3,128,0.25,5,20,7782141,0.464
random,gnp6000_7,6000,3,128,0.25,5,30,7781831,0.683
random,gnp6000_7,6000,3,128,0.25,5,50,7781065,1.121
random,gnp6000_7,6000,3,128,0.25,5,70,7780287,1.558
random,gnp6000_7,6000,3,128,0.25,5,100,7780011,2.213
random,gnp6000_7,6000,3,128,0.25,5,150,7779987,3.305
random,gnp6000_7,6000,3,128,0.25,5,200,7779510,4.394
random,gnp6000_7,6000,3,128,0.25,5,300,7779152,6.578
random,gnp6000_7,6000,3,128,0.25,5,500,7779152,11.048
random,gnp6000_7,6000,3,128,0.25,6,1,7792955,0.034
random,gnp6000_7,6000,3,128,0.25,6,2,7789649,0.06
random,gnp6000_7,6000,3,128,0.25,6,3,7787765,0.084
random,gnp6000_7,6000,3,128,0.25,6,5,7786437,0.129
random,gnp6000_7,6000,3,128,0.25,6,7,7785925,0.175
random,gnp6000_7,6000,3,128,0.25,6,10,7784162,0.242
random,gnp6000_7,6000,3,128,0.25,6,15,7782987,0.352
random,gnp6000_7,6000,3,128,0.25,6,20,7782103,0.464
random,gnp6000_7,6000,3,128,0.25,6,30,7781915,0.685
random,gnp6000_7,6000,3,128,0.25,6,50,7780439,1.126
random,gnp6000_7,6000,3,128,0.25,6,70,7780307,1.563
random,gnp6000_7,6000,3,128,0.25,6,100,7779731,2.22
random,gnp6000_7,6000,3,128,0.25,6,150,7779727,3.313
random,gnp6000_7,6000,3,128,0.25,6,200,7779573,4.404
random,gnp6000_7,6000,3,128,0.25,6,300,7778989,6.58
random,gnp6000_7,6000,3,128,0.25,6,500,7778769,10.936
random,gnp6000_7,6000,3,128,0.25,7,1,7791950,0.035
random,gnp6000_7,6000,3,128,0.25,7,2,7789684,0.06
random,gnp6000_7,6000,3,128,0.25,7,3,7788193,0.083
random,gnp6000_7,6000,3,128,0.25,7,5,7786440,0.128
random,gnp6000_7,6000,3,128,0.25,7,7,7784769,0.174
random,gnp6000_7,6000,3,128,0.25,7,10,7784167,0.241
random,gnp6000_7,6000,3,128,0.25,7,15,7783501,0.351
random,gnp6000_7,6000,3,128,0.25,7,20,7782463,0.462
random,gnp6000_7,6000,3,128,0.25,7,30,7782231,0.686
random,gnp6000_7,6000,3,128,0.25,7,50,7781619,1.133
random,gnp6000_7,6000,3,128,0.25,7,70,7780315,1.576
random,gnp6000_7,6000,3,128,0.25,7,100,7780315,2.234
random,gnp6000_7,6000,3,128,0.25,7,150,7779841,3.326
random,gnp6000_7,6000,3,128,0.25,7,200,7778921,4.412
random,gnp6000_7,6000,3,128,0.25,7,300,7778921,6.592
random,gnp6000_7,6000,3,128,0.25,7,500,7778513,10.934
random,gnp6000_7,6000,3,128,0.25,8,1,7791193,0.034
random,gnp6000_7,6000,3,128,0.25,8,2,7789887,0.057
random,gnp6000_7,6000,3,128,0.25,8,3,7788469,0.081
random,gnp6000_7,6000,3,128,0.25,8,5,7786267,0.128
random,gnp6000_7,6000,3,128,0.25,8,7,7785028,0.173
random,gnp6000_7,6000,3,128,0.25,8,10,7783659,0.241
random,gnp6000_7,6000,3,128,0.25,8,15,7782665,0.351
random,gnp6000_7,6000,3,128,0.25,8,20,7781631,0.462
random,gnp6000_7,6000,3,128,0.25,8,30,7781631,0.683
random,gnp6000_7,6000,3,128,0.25,8,50,7780481,1.125
random,gnp6000_7,6000,3,128,0.25,8,70,7779983,1.563
random,gnp6000_7,6000,3,128,0.25,8,100,7779983,2.225
random,gnp6000_7,6000,3,128,0.25,8,150,7779983,3.314
random,gnp6000_7,6000,3,128,0.25,8,200,7779883,4.409
random,gnp6000_7,6000,3,128,0.25,8,300,7779313,6.593
random,gnp6000_7,6000,3,128,0.25,8,500,7778873,10.96
random,gnp6000_7,6000,3,128,0.25,9,1,7791413,0.033
random,gnp6000_7,6000,3,128,0.25,9,2,7789939,0.058
random,gnp6000_7,6000,3,128,0.25,9,3,7789107,0.082
random,gnp6000_7,6000,3,128,0.25,9,5,7786967,0.128
random,gnp6000_7,6000,3,128,0.25,9,7,7785547,0.172
random,gnp6000_7,6000,3,128,0.25,9,10,7785087,0.241
random,gnp6000_7,6000,3,128,0.25,9,15,7783999,0.351
random,gnp6000_7,6000,3,128,0.25,9,20,7783307,0.463
random,gnp6000_7,6000,3,128,0.25,9,30,7782261,0.685
random,gnp6000_7,6000,3,128,0.25,9,50,7780814,1.125
random,gnp6000_7,6000,3,128,0.25,9,70,7780013,1.56
random,gnp6000_7,6000,3,128,0.25,9,100,7779391,2.213
random,gnp6000_7,6000,3,128,0.25,9,150,7778661,3.294
random,gnp6000_7,6000,3,128,0.25,9,200,7778523,4.374
random,gnp6000_7,6000,3,128,0.25,9,300,7778011,6.543
random,gnp6000_7,6000,3,128,0.25,9,500,7777801,10.87
random,gnp6000_8,6000,3,128,0,2,1,7794136,0.034
random,gnp6000_8,6000,3,128,0,2,2,7791914,0.06
random,gnp6000_8,6000,3,128,0,2,3,7790762,0.084
random,gnp6000_8,6000,3,128,0,2,5,7788782,0.131
random,gnp6000_8,6000,3,128,0,2,7,7788334,0.177
random,gnp6000_8,6000,3,128,0,2,10,7787558,0.244
random,gnp6000_8,6000,3,128,0,2,15,7786288,0.356
random,gnp6000_8,6000,3,128,0,2,20,7786288,0.467
random,gnp6000_8,6000,3,128,0,2,30,7785434,0.689
random,gnp6000_8,6000,3,128,0,2,50,7784064,1.136
random,gnp6000_8,6000,3,128,0,2,70,7783536,1.579
random,gnp6000_8,6000,3,128,0,2,100,7782792,2.239
random,gnp6000_8,6000,3,128,0,2,150,7782274,3.339
random,gnp6000_8,6000,3,128,0,2,200,7781752,4.437
random,gnp6000_8,6000,3,128,0,2,300,7781752,6.643
random,gnp6000_8,6000,3,128,0,2,500,7781586,11.054
random,gnp6000_8,6000,3,128,0,3,1,7794010,0.032
random,gnp6000_8,6000,3,128,0,3,2,7791870,0.057
random,gnp6000_8,6000,3,128,0,3,3,7790872,0.081
random,gnp6000_8,6000,3,128,0,3,5,7789068,0.126
random,gnp6000_8,6000,3,128,0,3,7,7787654,0.172
random,gnp6000_8,6000,3,128,0,3,10,7787504,0.241
random,gnp6000_8,6000,3,128,0,3,15,7785716,0.355
random,gnp6000_8,6000,3,128,0,3,20,7785716,0.467
random,gnp6000_8,6000,3,128,0,3,30,7784674,0.691
random,gnp6000_8,6000,3,128,0,3,50,7784004,1.137
random,gnp6000_8,6000,3,128,0,3,70,7783606,1.58
random,gnp6000_8,6000,3,128,0,3,100,7783005,2.241
random,gnp6000_8,6000,3,128,0,3,150,7782678,3.341
random,gnp6000_8,6000,3,128,0,3,200,7782274,4.442
random,gnp6000_8,6000,3,128,0,3,300,7782214,6.644
random,gnp6000_8,6000,3,128,0,3,500,7781796,11.028
random,gnp6000_8,6000,3,128,0,4,1,7793592,0.033
random,gnp6000_8,6000,3,128,0,4,2,7792218,0.057
random,gnp6000_8,6000,3,128,0,4,3,7790196,0.081
random,gnp6000_8,6000,3,128,0,4,5,7789126,0.127
random,gnp6000_8,6000,3,128,0,4,7,7788314,0.172
random,gnp6000_8,6000,3,128,0,4,10,7787027,0.239
random,gnp6000_8,6000,3,128,0,4,15,7786636,0.352
random,gnp6000_8,6000,3,128,0,4,20,7785772,0.463
random,gnp6000_8,6000,3,128,0,4,30,7784758,0.684
random,gnp6000_8,6000,3,128,0,4,50,7783952,1.13
random,gnp6000_8,6000,3,128,0,4,70,7782585,1.574
random,gnp6000_8,6000,3,128,0,4,100,7782585,2.234
random,gnp6000_8,6000,3,128,0,4,150,7782502,3.336
random,gnp6000_8,6000,3,128,0,4,200,7782502,4.439
random,gnp6000_8,6000,3,128,0,4,300,7782288,6.646
random,gnp6000_8,6000,3,128,0,4,500,7781902,11.053
random,gnp6000_8,6000,3,128,0,5,1,7793622,0.033
random,gnp6000_8,6000,3,128,0,5,2,7791748,0.058
random,gnp6000_8,6000,3,128,0,5,3,7790691,0.081
random,gnp6000_8,6000,3,128,0,5,5,7788318,0.127
random,gnp6000_8,6000,3,128,0,5,7,7787897,0.173
random,gnp6000_8,6000,3,128,0,5,10,7787062,0.243
random,gnp6000_8,6000,3,128,0,5,15,7786342,0.357
random,gnp6000_8,6000,3,128,0,5,20,7785542,0.469
random,gnp6000_8,6000,3,128,0,5,30,7784852,0.692
random,gnp6000_8,6000,3,128,0,5,50,7783806,1.139
random,gnp6000_8,6000,3,128,0,5,70,7783284,1.58
random,gnp6000_8,6000,3,128,0,5,100,7782978,2.24
random,gnp6000_8,6000,3,128,0,5,150,7782385,3.345
random,gnp6000_8,6000,3,128,0,5,200,7782385,4.45
random,gnp6000_8,6000,3,128,0,5,300,7782385,6.65
random,gnp6000_8,6000,3,128,0,5,500,7781746,11.043
random,gnp6000_8,6000,3,128,0,6,1,7793281,0.033
random,gnp6000_8,6000,3,128,0,6,2,7791332,0.058
random,gnp6000_8,6000,3,128,0,6,3,7790298,0.082
random,gnp6000_8,6000,3,128,0,6,5,7789308,0.128
random,gnp6000_8,6000,3,128,0,6,7,7788030,0.174
random,gnp6000_8,6000,3,128,0,6,10,7786968,0.242
random,gnp6000_8,6000,3,128,0,6,15,7785896,0.355
random,gnp6000_8,6000,3,128,0,6,20,7785470,0.467
random,gnp6000_8,6000,3,128,0,6,30,7784364,0.69
random,gnp6000_8,6000,3,128,0,6,50,7783698,1.135
random,gnp6000_8,6000,3,128,0,6,70,7783214,1.578
random,gnp6000_8,6000,3,128,0,6,100,7783142,2.237
random,gnp6000_8,6000,3,128,0,6,150,7783030,3.341
random,gnp6000_8,6000,3,128,0,6,200,7782826,4.441
random,gnp6000_8,6000,3,128,0,6,300,7781880,6.638
random,gnp6000_8,6000,3,128,0,6,500,7781640,11.039
random,gnp6000_8,6000,3,128,0,7,1,7794172,0.034
random,gnp6000_8,6000,3,128,0,7,2,7791030,0.058
random,gnp6000_8,6000,3,128,0,7,3,7790388,0.081
random,gnp6000_8,6000,3,128,0,7,5,7788286,0.127
random,gnp6000_8,6000,3,128,0,7,7,7786856,0.173
random,gnp6000_8,6000,3,128,0,7,10,7786856,0.243
random,gnp6000_8,6000,3,128,0,7,15,7786554,0.356
random,gnp6000_8,6000,3,128,0,7,20,7785790,0.477
random,gnp6000_8,6000,3,128,0,7,30,7784762,0.724
random,gnp6000_8,6000,3,128,0,7,50,7784762,1.215
random,gnp6000_8,6000,3,128,0,7,70,7783962,1.68
random,gnp6000_8,6000,3,128,0,7,100,7783582,2.349
random,gnp6000_8,6000,3,128,0,7,150,7782924,3.453
random,gnp6000_8,6000,3,128,0,7,200,7782274,4.556
random,gnp6000_8,6000,3,128,0,7,300,7781960,6.765
random,gnp6000_8,6000,3,128,0,7,500,7781264,11.26
random,gnp6000_8,6000,3,128,0,8,1,7794572,0.033
random,gnp6000_8,6000,3,128,0,8,2,7792468,0.058
random,gnp6000_8,6000,3,128,0,8,3,7790826,0.081
random,gnp6000_8,6000,3,128,0,8,5,7789600,0.127
random,gnp6000_8,6000,3,128,0,8,7,7787996,0.172
random,gnp6000_8,6000,3,128,0,8,10,7787170,0.24
random,gnp6000_8,6000,3,128,0,8,15,7786148,0.351
random,gnp6000_8,6000,3,128,0,8,20,7785942,0.463
random,gnp6000_8,6000,3,128,0,8,30,7784536,0.686
random,gnp6000_8,6000,3,128,0,8,50,7783422,1.128
random,gnp6000_8,6000,3,128,0,8,70,7782556,1.571
random,gnp6000_8,6000,3,128,0,8,100,7782366,2.235
random,gnp6000_8,6000,3,128,0,8,150,7782056,3.335
random,gnp6000_8,6000,3,128,0,8,200,7781640,4.432
random,gnp6000_8,6000,3,128,0,8,300,7781428,6.612
random,gnp6000_8,6000,3,128,0,8,500,7781422,10.986
random,gnp6000_8,6000,3,128,0,9,1,7794238,0.033
random,gnp6000_8,6000,3,128,0,9,2,7792106,0.058
random,gnp6000_8,6000,3,128,0,9,3,7790745,0.081
random,gnp6000_8,6000,3,128,0,9,5,7788750,0.127
random,gnp6000_8,6000,3,128,0,9,7,7787811,0.172
random,gnp6000_8,6000,3,128,0,9,10,7787340,0.24
random,gnp6000_8,6000,3,128,0,9,15,7786234,0.351
random,gnp6000_8,6000,3,128,0,9,20,7785658,0.463
random,gnp6000_8,6000,3,128,0,9,30,7784810,0.685
random,gnp6000_8,6000,3,128,0,9,50,7784318,1.13
random,gnp6000_8,6000,3,128,0,9,70,7783948,1.572
random,gnp6000_8,6000,3,128,0,9,100,7783214,2.236
random,gnp6000_8,6000,3,128,0,9,150,7782460,3.339
random,gnp6000_8,6000,3,128,0,9,200,7782264,4.439
random,gnp6000_8,6000,3,128,0,9,300,7781946,6.628
random,gnp6000_8,6000,3,128,0,9,500,7781428,11.014
random,gnp6000_8,6000,3,128,0.1,2,1,7794136,0.033
random,gnp6000_8,6000,3,128,0.1,2,2,7791914,0.059
random,gnp6000_8,6000,3,128,0.1,2,3,7790592,0.082
random,gnp6000_8,6000,3,128,0.1,2,5,7788548,0.128
random,gnp6000_8,6000,3,128,0.1,2,7,7787536,0.173
random,gnp6000_8,6000,3,128,0.1,2,10,7786432,0.24
random,gnp6000_8,6000,3,128,0.1,2,15,7786022,0.352
random,gnp6000_8,6000,3,128,0.1,2,20,7783950,0.463
random,gnp6000_8,6000,3,128,0.1,2,30,7783382,0.684
random,gnp6000_8,6000,3,128,0.1,2,50,7782762,1.124
random,gnp6000_8,6000,3,128,0.1,2,70,7782116,1.561
random,gnp6000_8,6000,3,128,0.1,2,100,7782116,2.217
random,gnp6000_8,6000,3,128,0.1,2,150,7780774,3.312
random,gnp6000_8,6000,3,128,0.1,2,200,7780426,4.399
random,gnp6000_8,6000,3,128,0.1,2,300,7780426,6.572
random,gnp6000_8,6000,3,128,0.1,2,500,7780162,10.92
random,gnp6000_8,6000,3,128,0.1,3,1,7794010,0.033
random,gnp6000_8,6000,3,128,0.1,3,2,7791870,0.056
random,gnp6000_8,6000,3,128,0.1,3,3,7790872,0.08
random,gnp6000_8,6000,3,128,0.1,3,5,7788526,0.125
random,gnp6000_8,6000,3,128,0.1,3,7,7787886,0.171
random,gnp6000_8,6000,3,128,0.1,3,10,7787112,0.238
random,gnp6000_8,6000,3,128,0.1,3,15,7786080,0.349
random,gnp6000_8,6000,3,128,0.1,3,20,7784982,0.461
random,gnp6000_8,6000,3,128,0.1,3,30,7784982,0.683
random,gnp6000_8,6000,3,128,0.1,3,50,7784196,1.125
random,gnp6000_8,6000,3,128,0.1,3,70,7783210,1.565
random,gnp6000_8,6000,3,128,0.1,3,100,7782916,2.227
random,gnp6000_8,6000,3,128,0.1,3,150,7781696,3.325
random,gnp6000_8,6000,3,128,0.1,3,200,7781350,4.418
random,gnp6000_8,6000,3,128,0.1,3,300,7781304,6.597
random,gnp6000_8,6000,3,128,0.1,3,500,7781256,10.982
random,gnp6000_8,6000,3,128,0.1,4,1,7793592,0.033
random,gnp6000_8,6000,3,128,0.1,4,2,7792026,0.057
random,gnp6000_8,6000,3,128,0.1,4,3,7790196,0.081
random,gnp6000_8,6000,3,128,0.1,4,5,7787956,0.127
random,gnp6000_8,6000,3,128,0.1,4,7,7787644,0.172
random,gnp6000_8,6000,3,128,0.1,4,10,7786842,0.24
random,gnp6000_8,6000,3,128,0.1,4,15,7785608,0.352
random,gnp6000_8,6000,3,128,0.1,4,20,7785140,0.462
random,gnp6000_8,6000,3,128,0.1,4,30,7784202,0.684
random,gnp6000_8,6000,3,128,0.1,4,50,7783252,1.125
random,gnp6000_8,6000,3,128,0.1,4,70,7782578,1.563
random,gnp6000_8,6000,3,128,0.1,4,100,7782564,2.218
random,gnp6000_8,6000,3,128,0.1,4,150,7781630,3.315
random,gnp6000_8,6000,3,128,0.1,4,200,7781630,4.407
random,gnp6000_8,6000,3,128,0.1,4,300,7780944,6.588
random,gnp6000_8,6000,3,128,0.1,4,500,7780794,10.956
random,gnp6000_8,6000,3,128,0.1,5,1,7793622,0.033
random,gnp6000_8,6000,3,128,0.1,5,2,7791748,0.058
random,gnp6000_8,6000,3,128,0.1,5,3,7791064,0.081
random,gnp6000_8,6000,3,128,0.1,5,5,7788318,0.127
random,gnp6000_8,6000,3,128,0.1,5,7,7787649,0.172
random,gnp6000_8,6000,3,128,0.1,5,10,7786448,0.241
random,gnp6000_8,6000,3,128,0.1,5,15,7784852,0.353
random,gnp6000_8,6000,3,128,0.1,5,20,7784852,0.464
random,gnp6000_8,6000,3,128,0.1,5,30,7783842,0.684
random,gnp6000_8,6000,3,128,0.1,5,50,7783512,1.125
random,gnp6000_8,6000,3,128,0.1,5,70,7783304,1.563
random,gnp6000_8,6000,3,128,0.1,5,100,7782673,2.224
random,gnp6000_8,6000,3,128,0.1,5,150,7782422,3.319
random,gnp6000_8,6000,3,128,0.1,5,200,7782002,4.415
random,gnp6000_8,6000,3,128,0.1,5,300,7781856,6.606
random,gnp6000_8,6000,3,128,0.1,5,500,7781280,10.975
random,gnp6000_8,6000,3,128,0.1,6,1,7793281,0.033
random,gnp6000_8,6000,3,128,0.1,6,2,7791332,0.057
random,gnp6000_8,6000,3,128,0.1,6,3,7790298,0.08
random,gnp6000_8,6000,3,128,0.1,6,5,7788598,0.126
random,gnp6000_8,6000,3,128,0.1,6,7,7787906,0.172
random,gnp6000_8,6000,3,128,0.1,6,10,7786690,0.239
random,gnp6000_8,6000,3,128,0.1,6,15,7785766,0.349
random,gnp6000_8,6000,3,128,0.1,6,20,7784866,0.46
random,gnp6000_8,6000,3,128,0.1,6,30,7784006,0.681
random,gnp6000_8,6000,3,128,0.1,6,50,7783176,1.119
random,gnp6000_8,6000,3,128,0.1,6,70,7782992,1.556
random,gnp6000_8,6000,3,128,0.1,6,100,7782378,2.216
random,gnp6000_8,6000,3,128,0.1,6,150,7781686,3.314
random,gnp6000_8,6000,3,128,0.1,6,200,7781686,4.408
random,gnp6000_8,6000,3,128,0.1,6,300,7781629,6.601
random,gnp6000_8,6000,3,128,0.1,6,500,7781624,10.986
random,gnp6000_8,6000,3,128,0.1,7,1,7794172,0.034
random,gnp6000_8,6000,3,128,0.1,7,2,7791030,0.058
random,gnp6000_8,6000,3,128,0.1,7,3,7789854,0.081
random,gnp6000_8,6000,3,128,0.1,7,5,7788374,0.127
random,gnp6000_8,6000,3,128,0.1,7,7,7787992,0.174
random,gnp6000_8,6000,3,128,0.1,7,10,7786787,0.242
random,gnp6000_8,6000,3,128,0.1,7,15,7785922,0.352
random,gnp6000_8,6000,3,128,0.1,7,20,7784534,0.465
random,gnp6000_8,6000,3,128,0.1,7,30,7783403,0.685
random,gnp6000_8,6000,3,128,0.1,7,50,7782376,1.123
random,gnp6000_8,6000,3,128,0.1,7,70,7782076,1.56
random,gnp6000_8,6000,3,128,0.1,7,100,7781792,2.217
random,gnp6000_8,6000,3,128,0.1,7,150,7781625,3.313
random,gnp6000_8,6000,3,128,0.1,7,200,7781625,4.408
random,gnp6000_8,6000,3,128,0.1,7,300,7781625,6.594
random,gnp6000_8,6000,3,128,0.1,7,500,7780076,10.954
random,gnp6000_8,6000,3,128,0.1,8,1,7794572,0.033
random,gnp6000_8,6000,3,128,0.1,8,2,7792468,0.057
random,gnp6000_8,6000,3,128,0.1,8,3,7790372,0.081
random,gnp6000_8,6000,3,128,0.1,8,5,7789310,0.126
random,gnp6000_8,6000,3,128,0.1,8,7,7787996,0.171
random,gnp6000_8,6000,3,128,0.1,8,10,7786456,0.239
random,gnp6000_8,6000,3,128,0.1,8,15,7785292,0.35
random,gnp6000_8,6000,3,128,0.1,8,20,7784384,0.46
random,gnp6000_8,6000,3,128,0.1,8,30,7784250,0.683
random,gnp6000_8,6000,3,128,0.1,8,50,7783680,1.126
random,gnp6000_8,6000,3,128,0.1,8,70,7782789,1.567
random,gnp6000_8,6000,3,128,0.1,8,100,7782152,2.224
random,gnp6000_8,6000,3,128,0.1,8,150,7781688,3.318
random,gnp6000_8,6000,3,128,0.1,8,200,7781456,4.41
random,gnp6000_8,6000,3,128,0.1,8,300,7780884,6.6
random,gnp6000_8,6000,3,128,0.1,8,500,7780884,10.966
random,gnp6000_8,6000,3,128,0.1,9,1,7794238,0.033
random,gnp6000_8,6000,3,128,0.1,9,2,7792106,0.058
random,gnp6000_8,6000,3,128,0.1,9,3,7790438,0.081
random,gnp6000_8,6000,3,128,0.1,9,5,7788820,0.128
random,gnp6000_8,6000,3,128,0.1,9,7,7787811,0.173
random,gnp6000_8,6000,3,128,0.1,9,10,7786896,0.241
random,gnp6000_8,6000,3,128,0.1,9,15,7785152,0.352
random,gnp6000_8,6000,3,128,0.1,9,20,7784578,0.464
random,gnp6000_8,6000,3,128,0.1,9,30,7783620,0.684
random,gnp6000_8,6000,3,128,0.1,9,50,7782975,1.122
random,gnp6000_8,6000,3,128,0.1,9,70,7782912,1.56
random,gnp6000_8,6000,3,128,0.1,9,100,7782866,2.219
random,gnp6000_8,6000,3,128,0.1,9,150,7782288,3.311
random,gnp6000_8,6000,3,128,0.1,9,200,7781554,4.403
random,gnp6000_8,6000,3,128,0.1,9,300,7780882,6.586
random,gnp6000_8,6000,3,128,0.1,9,500,7780540,10.931
random,gnp6000_8,6000,3,128,0.25,2,1,7794136,0.033
random,gnp6000_8,6000,3,128,0.25,2,2,7791914,0.057
random,gnp6000_8,6000,3,128,0.25,2,3,7790592,0.081
random,gnp6000_8,6000,3,128,0.25,2,5,7788781,0.127
random,gnp6000_8,6000,3,128,0.25,2,7,7787484,0.174
random,gnp6000_8,6000,3,128,0.25,2,10,7785908,0.241
random,gnp6000_8,6000,3,128,0.25,2,15,7784936,0.353
random,gnp6000_8,6000,3,128,0.25,2,20,7784140,0.463
random,gnp6000_8,6000,3,128,0.25,2,30,7783036,0.684
random,gnp6000_8,6000,3,128,0.25,2,50,7782836,1.123
random,gnp6000_8,6000,3,128,0.25,2,70,7782729,1.563
random,gnp6000_8,6000,3,128,0.25,2,100,7782215,2.22
random,gnp6000_8,6000,3,128,0.25,2,150,7782074,3.313
random,gnp6000_8,6000,3,128,0.25,2,200,7781306,4.404
random,gnp6000_8,6000,3,128,0.25,2,300,7780654,6.582
random,gnp6000_8,6000,3,128,0.25,2,500,7780654,10.938
random,gnp6000_8,6000,3,128,0.25,3,1,7794010,0.032
random,gnp6000_8,6000,3,128,0.25,3,2,7791870,0.056
random,gnp6000_8,6000,3,128,0.25,3,3,7790404,0.079
random,gnp6000_8,6000,3,128,0.25,3,5,7788300,0.125
random,gnp6000_8,6000,3,128,0.25,3,7,7788262,0.169
random,gnp6000_8,6000,3,128,0.25,3,10,7786570,0.236
random,gnp6000_8,6000,3,128,0.25,3,15,7784574,0.348
random,gnp6000_8,6000,3,128,0.25,3,20,7784574,0.458
random,gnp6000_8,6000,3,128,0.25,3,30,7783434,0.676
random,gnp6000_8,6000,3,128,0.25,3,50,7782880,1.115
random,gnp6000_8,6000,3,128,0.25,3,70,7782780,1.552
random,gnp6000_8,6000,3,128,0.25,3,100,7781786,2.203
random,gnp6000_8,6000,3,128,0.25,3,150,7781668,3.292
random,gnp6000_8,6000,3,128,0.25,3,200,7781668,4.383
random,gnp6000_8,6000,3,128,0.25,3,300,7781664,6.563
random,gnp6000_8,6000,3,128,0.25,3,500,7781534,10.927
random,gnp6000_8,6000,3,128,0.25,4,1,7793592,0.033
random,gnp6000_8,6000,3,128,0.25,4,2,7792026,0.057
random,gnp6000_8,6000,3,128,0.25,4,3,7789108,0.081
random,gnp6000_8,6000,3,128,0.25,4,5,7787906,0.127
random,gnp6000_8,6000,3,128,0.25,4,7,7787313,0.172
random,gnp6000_8,6000,3,128,0.25,4,10,7786576,0.24
random,gnp6000_8,6000,3,128,0.25,4,15,7785936,0.35
random,gnp6000_8,6000,3,128,0.25,4,20,7785052,0.459
random,gnp6000_8,6000,3,128,0.25,4,30,7783956,0.68
random,gnp6000_8,6000,3,128,0.25,4,50,7783296,1.118
random,gnp6000_8,6000,3,128,0.25,4,70,7783094,1.555
random,gnp6000_8,6000,3,128,0.25,4,100,7781952,2.208
random,gnp6000_8,6000,3,128,0.25,4,150,7781952,3.298
random,gnp6000_8,6000,3,128,0.25,4,200,7781404,4.391
random,gnp6000_8,6000,3,128,0.25,4,300,7781288,6.572
random,gnp6000_8,6000,3,128,0.25,4,500,7781266,10.922
random,gnp6000_8,6000,3,128,0.25,5,1,7793622,0.033
random,gnp6000_8,6000,3,128,0.25,5,2,7791748,0.058
random,gnp6000_8,6000,3,128,0.25,5,3,7790691,0.081
random,gnp6000_8,6000,3,128,0.25,5,5,7789072,0.127
random,gnp6000_8,6000,3,128,0.25,5,7,7787668,0.172
random,gnp6000_8,6000,3,128,0.25,5,10,7786784,0.239
random,gnp6000_8,6000,3,128,0.25,5,15,7785144,0.35
random,gnp6000_8,6000,3,128,0.25,5,20,7785112,0.462
random,gnp6000_8,6000,3,128,0.25,5,30,7783886,0.68
random,gnp6000_8,6000,3,128,0.25,5,50,7783134,1.116
random,gnp6000_8,6000,3,128,0.25,5,70,7782934,1.554
random,gnp6000_8,6000,3,128,0.25,5,100,7781516,2.207
random,gnp6000_8,6000,3,128,0.25,5,150,7781246,3.299
random,gnp6000_8,6000,3,128,0.25,5,200,7781240,4.387
random,gnp6000_8,6000,3,128,0.25,5,300,7780882,6.559
random,gnp6000_8,6000,3,128,0.25,5,500,7780612,10.921
random,gnp6000_8,6000,3,128,0.25,6,1,7793281,0.033
random,gnp6000_8,6000,3,128,0.25,6,2,7791332,0.057
random,gnp6000_8,6000,3,128,0.25,6,3,7790482,0.08
random,gnp6000_8,6000,3,128,0.25,6,5,7787986,0.126
random,gnp6000_8,6000,3,128,0.25,6,7,7787812,0.172
random,gnp6000_8,6000,3,128,0.25,6,10,7785848,0.238
random,gnp6000_8,6000,3,128,0.25,6,15,7785238,0.352
random,gnp6000_8,6000,3,128,0.25,6,20,7784270,0.464
random,gnp6000_8,6000,3,128,0.25,6,30,7783644,0.683
random,gnp6000_8,6000,3,128,0.25,6,50,7782122,1.123
random,gnp6000_8,6000,3,128,0.25,6,70,7781904,1.558
random,gnp6000_8,6000,3,128,0.25,6,100,7781684,2.208
random,gnp6000_8,6000,3,128,0.25,6,150,7781470,3.3
random,gnp6000_8,6000,3,128,0.25,6,200,7781316,4.388
random,gnp6000_8,6000,3,128,0.25,6,300,7781316,6.564
random,gnp6000_8,6000,3,128,0.25,6,500,7780912,10.92
random,gnp6000_8,6000,3,128,0.25,7,1,7794172,0.034
random,gnp6000_8,6000,3,128,0.25,7,2,7791030,0.058
random,gnp6000_8,6000,3,128,0.25,7,3,7789604,0.081
random,gnp6000_8,6000,3,128,0.25,7,5,7788164,0.127
random,gnp6000_8,6000,3,128,0.25,7,7,7787310,0.172
random,gnp6000_8,6000,3,128,0.25,7,10,7786270,0.238
random,gnp6000_8,6000,3,128,0.25,7,15,7784874,0.348
random,gnp6000_8,6000,3,128,0.25,7,20,7783981,0.459
random,gnp6000_8,6000,3,128,0.25,7,30,7783490,0.68
random,gnp6000_8,6000,3,128,0.25,7,50,7782648,1.113
random,gnp6000_8,6000,3,128,0.25,7,70,7782332,1.55
random,gnp6000_8,6000,3,128,0.25,7,100,7781934,2.202
random,gnp6000_8,6000,3,128,0.25,7,150,7781398,3.283
random,gnp6000_8,6000,3,128,0.25,7,200,7780982,4.369
random,gnp6000_8,6000,3,128,0.25,7,300,7780982,6.539
random,gnp6000_8,6000,3,128,0.25,7,500,7780338,10.883
random,gnp6000_8,6000,3,128,0.25,8,1,7794572,0.033
random,gnp6000_8,6000,3,128,0.25,8,2,7792087,0.057
random,gnp6000_8,6000,3,128,0.25,8,3,7790826,0.08
random,gnp6000_8,6000,3,128,0.25,8,5,7789002,0.127
random,gnp6000_8,6000,3,128,0.25,8,7,7787144,0.172
random,gnp6000_8,6000,3,128,0.25,8,10,7786322,0.238
random,gnp6000_8,6000,3,128,0.25,8,15,7785485,0.349
random,gnp6000_8,6000,3,128,0.25,8,20,7784236,0.461
random,gnp6000_8,6000,3,128,0.25,8,30,7783808,0.68
random,gnp6000_8,6000,3,128,0.25,8,50,7782929,1.113
random,gnp6000_8,6000,3,128,0.25,8,70,7782752,1.553
random,gnp6000_8,6000,3,128,0.25,8,100,7782524,2.211
random,gnp6000_8,6000,3,128,0.25,8,150,7782184,3.305
random,gnp6000_8,6000,3,128,0.25,8,200,7781308,4.402
random,gnp6000_8,6000,3,128,0.25,8,300,7781308,6.587
random,gnp6000_8,6000,3,128,0.25,8,500,7781308,10.956
random,gnp6000_8,6000,3,128,0.25,9,1,7794238,0.033
random,gnp6000_8,6000,3,128,0.25,9,2,7791564,0.058
random,gnp6000_8,6000,3,128,0.25,9,3,7790438,0.08
random,gnp6000_8,6000,3,128,0.25,9,5,7788366,0.125
random,gnp6000_8,6000,3,128,0.25,9,7,7787284,0.17
random,gnp6000_8,6000,3,128,0.25,9,10,7786020,0.238
random,gnp6000_8,6000,3,128,0.25,9,15,7784850,0.349
random,gnp6000_8,6000,3,128,0.25,9,20,7783676,0.46
random,gnp6000_8,6000,3,128,0.25,9,30,7783134,0.678
random,gnp6000_8,6000,3,128,0.25,9,50,7782616,1.116
random,gnp6000_8,6000,3,128,0.25,9,70,7782347,1.552
random,gnp6000_8,6000,3,128,0.25,9,100,7782100,2.206
random,gnp6000_8,6000,3,128,0.25,9,150,7781989,3.294
random,gnp6000_8,6000,3,128,0.25,9,200,7780732,4.385
random,gnp6000_8,6000,3,128,0.25,9,300,7780732,6.559
random,gnp6000_8,6000,3,128,0.25,9,500,7780458,10.908
random,gnp2000_7,2000,3,1024,0,2,1,849968,0.025
random,gnp2000_7,2000,3,1024,0,2,2,849766,0.044
random,gnp2000_7,2000,3,1024,0,2,3,849370,0.062
random,gnp2000_7,2000,3,1024,0,2,5,849082,0.097
random,gnp2000_7,2000,3,1024,0,2,7,849076,0.133
random,gnp2000_7,2000,3,1024,0,2,10,848768,0.186
random,gnp2000_7,2000,3,1024,0,2,15,848429,0.274
random,gnp2000_7,2000,3,1024,0,2,20,848367,0.361
random,gnp2000_7,2000,3,1024,0,2,30,848338,0.536
random,gnp2000_7,2000,3,1024,0,2,50,848152,0.886
random,gnp2000_7,2000,3,1024,0,2,70,848008,1.238
random,gnp2000_7,2000,3,1024,0,2,100,847908,1.76
random,gnp2000_7,2000,3,1024,0,2,150,847898,2.634
random,gnp2000_7,2000,3,1024,0,2,200,847836,3.503
random,gnp2000_7,2000,3,1024,0,2,300,847836,5.247
random,gnp2000_7,2000,3,1024,0,3,1,850010,0.024
random,gnp2000_7,2000,3,1024,0,3,2,849698,0.043
random,gnp2000_7,2000,3,1024,0,3,3,849648,0.062
random,gnp2000_7,2000,3,1024,0,3,5,849188,0.097
random,gnp2000_7,2000,3,1024,0,3,7,848834,0.132
random,gnp2000_7,2000,3,1024,0,3,10,848799,0.185
random,gnp2000_7,2000,3,1024,0,3,15,848540,0.273
random,gnp2000_7,2000,3,1024,0,3,20,848438,0.361
random,gnp2000_7,2000,3,1024,0,3,30,848294,0.536
random,gnp2000_7,2000,3,1024,0,3,50,848054,0.886
random,gnp2000_7,2000,3,1024,0,3,70,847944,1.236
random,gnp2000_7,2000,3,1024,0,3,100,847718,1.765
random,gnp2000_7,2000,3,1024,0,3,150,847688,2.638
random,gnp2000_7,2000,3,1024,0,3,200,847688,3.511
random,gnp2000_7,2000,3,1024,0,3,300,847688,5.259
random,gnp2000_7,2000,3,1024,0,4,1,850370,0.024
random,gnp2000_7,2000,3,1024,0,4,2,849718,0.043
random,gnp2000_7,2000,3,1024,0,4,3,849434,0.061
random,gnp2000_7,2000,3,1024,0,4,5,849254,0.096
random,gnp2000_7,2000,3,1024,0,4,7,849100,0.132
random,gnp2000_7,2000,3,1024,0,4,10,848815,0.185
random,gnp2000_7,2000,3,1024,0,4,15,848571,0.273
random,gnp2000_7,2000,3,1024,0,4,20,848414,0.36
random,gnp2000_7,2000,3,1024,0,4,30,848192,0.536
random,gnp2000_7,2000,3,1024,0,4,50,848150,0.886
random,gnp2000_7,2000,3,1024,0,4,70,848110,1.235
random,gnp2000_7,2000,3,1024,0,4,100,847932,1.76
random,gnp2000_7,2000,3,1024,0,4,150,847836,2.633
random,gnp2000_7,2000,3,1024,0,4,200,847836,3.508
random,gnp2000_7,2000,3,1024,0,4,300,847824,5.256
random,gnp2000_7,2000,3,1024,0,5,1,849871,0.024
random,gnp2000_7,2000,3,1024,0,5,2,849778,0.043
random,gnp2000_7,2000,3,1024,0,5,3,849452,0.061
random,gnp2000_7,2000,3,1024,0,5,5,849228,0.096
random,gnp2000_7,2000,3,1024,0,5,7,848932,0.132
random,gnp2000_7,2000,3,1024,0,5,10,848825,0.185
random,gnp2000_7,2000,3,1024,0,5,15,848690,0.274
random,gnp2000_7,2000,3,1024,0,5,20,848458,0.361
random,gnp2000_7,2000,3,1024,0,5,30,848458,0.537
random,gnp2000_7,2000,3,1024,0,5,50,848064,0.885
random,gnp2000_7,2000,3,1024,0,5,70,848049,1.233
random,gnp2000_7,2000,3,1024,0,5,100,847828,1.754
random,gnp2000_7,2000,3,1024,0,5,150,847806,2.62
random,gnp2000_7,2000,3,1024,0,5,200,847768,3.487
random,gnp2000_7,2000,3,1024,0,5,300,847768,5.22
random,gnp2000_7,2000,3,1024,0,6,1,850221,0.024
random,gnp2000_7,2000,3,1024,0,6,2,849622,0.042
random,gnp2000_7,2000,3,1024,0,6,3,849304,0.06
random,gnp2000_7,2000,3,1024,0,6,5,849282,0.096
random,gnp2000_7,2000,3,1024,0,6,7,848972,0.131
random,gnp2000_7,2000,3,1024,0,6,10,848864,0.184
random,gnp2000_7,2000,3,1024,0,6,15,848549,0.272
random,gnp2000_7,2000,3,1024,0,6,20,848343,0.359
random,gnp2000_7,2000,3,1024,0,6,30,848002,0.533
random,gnp2000_7,2000,3,1024,0,6,50,847874,0.881
random,gnp2000_7,2000,3,1024,0,6,70,847874,1.228
random,gnp2000_7,2000,3,1024,0,6,100,847750,1.749
random,gnp2000_7,2000,3,1024,0,6,150,847750,2.617
random,gnp2000_7,2000,3,1024,0,6,200,847750,3.485
random,gnp2000_7,2000,3,1024,0,6,300,847687,5.219
random,gnp2000_7,2000,3,1024,0,7,1,849834,0.024
random,gnp2000_7,2000,3,1024,0,7,2,849834,0.043
random,gnp2000_7,2000,3,1024,0,7,3,849376,0.06
random,gnp2000_7,2000,3,1024,0,7,5,849186,0.096
random,gnp2000_7,2000,3,1024,0,7,7,849026,0.131
random,gnp2000_7,2000,3,1024,0,7,10,848654,0.184
random,gnp2000_7,2000,3,1024,0,7,15,848426,0.27
random,gnp2000_7,2000,3,1024,0,7,20,848386,0.358
random,gnp2000_7,2000,3,1024,0,7,30,848192,0.533
random,gnp2000_7,2000,3,1024,0,7,50,848058,0.881
random,gnp2000_7,2000,3,1024,0,7,70,848058,1.229
random,gnp2000_7,2000,3,1024,0,7,100,847906,1.75
random,gnp2000_7,2000,3,1024,0,7,150,847772,2.618
random,gnp2000_7,2000,3,1024,0,7,200,847762,3.486
random,gnp2000_7,2000,3,1024,0,7,300,847730,5.224
random,gnp2000_7,2000,3,1024,0,8,1,850226,0.025
random,gnp2000_7,2000,3,1024,0,8,2,849860,0.043
random,gnp2000_7,2000,3,1024,0,8,3,849340,0.061
random,gnp2000_7,2000,3,1024,0,8,5,849310,0.096
random,gnp2000_7,2000,3,1024,0,8,7,848940,0.132
random,gnp2000_7,2000,3,1024,0,8,10,848780,0.185
random,gnp2000_7,2000,3,1024,0,8,15,848592,0.272
random,gnp2000_7,2000,3,1024,0,8,20,848376,0.36
random,gnp2000_7,2000,3,1024,0,8,30,848052,0.534
random,gnp2000_7,2000,3,1024,0,8,50,848052,0.883
random,gnp2000_7,2000,3,1024,0,8,70,847968,1.231
random,gnp2000_7,2000,3,1024,0,8,100,847923,1.752
random,gnp2000_7,2000,3,1024,0,8,150,847850,2.62
random,gnp2000_7,2000,3,1024,0,8,200,847850,3.488
random,gnp2000_7,2000,3,1024,0,8,300,847796,5.223
random,gnp2000_7,2000,3,1024,0,9,1,850120,0.024
random,gnp2000_7,2000,3,1024,0,9,2,849828,0.043
random,gnp2000_7,2000,3,1024,0,9,3,849272,0.061
random,gnp2000_7,2000,3,1024,0,9,5,849106,0.097
random,gnp2000_7,2000,3,1024,0,9,7,848783,0.132
random,gnp2000_7,2000,3,1024,0,9,10,848678,0.185
random,gnp2000_7,2000,3,1024,0,9,15,848604,0.272
random,gnp2000_7,2000,3,1024,0,9,20,848444,0.359
random,gnp2000_7,2000,3,1024,0,9,30,848022,0.534
random,gnp2000_7,2000,3,1024,0,9,50,848022,0.882
random,gnp2000_7,2000,3,1024,0,9,70,847882,1.232
random,gnp2000_7,2000,3,1024,0,9,100,847882,1.754
random,gnp2000_7,2000,3,1024,0,9,150,847748,2.622
random,gnp2000_7,2000,3,1024,0,9,200,847748,3.489
random,gnp2000_7,2000,3,1024,0,9,300,847748,5.224
random,gnp2000_7,2000,3,1024,0.1,2,1,849968,0.024
random,gnp2000_7,2000,3,1024,0.1,2,2,849766,0.042
random,gnp2000_7,2000,3,1024,0.1,2,3,849370,0.061
random,gnp2000_7,2000,3,1024,0.1,2,5,848960,0.096
random,gnp2000_7,2000,3,1024,0.1,2,7,848846,0.131
random,gnp2000_7,2000,3,1024,0.1,2,10,848542,0.183
random,gnp2000_7,2000,3,1024,0.1,2,15,848498,0.271
random,gnp2000_7,2000,3,1024,0.1,2,20,848340,0.358
random,gnp2000_7,2000,3,1024,0.1,2,30,848062,0.531
random,gnp2000_7,2000,3,1024,0.1,2,50,847808,0.878
random,gnp2000_7,2000,3,1024,0.1,2,70,847670,1.225
random,gnp2000_7,2000,3,1024,0.1,2,100,847620,1.746
random,gnp2000_7,2000,3,1024,0.1,2,150,847534,2.614
random,gnp2000_7,2000,3,1024,0.1,2,200,847534,3.482
random,gnp2000_7,2000,3,1024,0.1,2,300,847534,5.215
random,gnp2000_7,2000,3,1024,0.1,3,1,850010,0.025
random,gnp2000_7,2000,3,1024,0.1,3,2,849698,0.043
random,gnp2000_7,2000,3,1024,0.1,3,3,849369,0.061
random,gnp2000_7,2000,3,1024,0.1,3,5,849048,0.097
random,gnp2000_7,2000,3,1024,0.1,3,7,848834,0.132
random,gnp2000_7,2000,3,1024,0.1,3,10,848644,0.185
random,gnp2000_7,2000,3,1024,0.1,3,15,848269,0.272
random,gnp2000_7,2000,3,1024,0.1,3,20,848254,0.359
random,gnp2000_7,2000,3,1024,0.1,3,30,847970,0.532
random,gnp2000_7,2000,3,1024,0.1,3,50,847952,0.879
random,gnp2000_7,2000,3,1024,0.1,3,70,847777,1.227
random,gnp2000_7,2000,3,1024,0.1,3,100,847777,1.747
random,gnp2000_7,2000,3,1024,0.1,3,150,847760,2.614
random,gnp2000_7,2000,3,1024,0.1,3,200,847604,3.482
random,gnp2000_7,2000,3,1024,0.1,3,300,847604,5.215
random,gnp2000_7,2000,3,1024,0.1,4,1,850370,0.024
random,gnp2000_7,2000,3,1024,0.1,4,2,849578,0.042
random,gnp2000_7,2000,3,1024,0.1,4,3,849434,0.06
random,gnp2000_7,2000,3,1024,0.1,4,5,849148,0.095
random,gnp2000_7,2000,3,1024,0.1,4,7,848752,0.13
random,gnp2000_7,2000,3,1024,0.1,4,10,848628,0.182
random,gnp2000_7,2000,3,1024,0.1,4,15,848346,0.27
random,gnp2000_7,2000,3,1024,0.1,4,20,848053,0.357
random,gnp2000_7,2000,3,1024,0.1,4,30,847746,0.531
random,gnp2000_7,2000,3,1024,0.1,4,50,847624,0.879
random,gnp2000_7,2000,3,1024,0.1,4,70,847624,1.225
random,gnp2000_7,2000,3,1024,0.1,4,100,847624,1.744
random,gnp2000_7,2000,3,1024,0.1,4,150,847598,2.611
random,gnp2000_7,2000,3,1024,0.1,4,200,847578,3.479
random,gnp2000_7,2000,3,1024,0.1,4,300,847578,5.214
random,gnp2000_7,2000,3,1024,0.1,5,1,849871,0.024
random,gnp2000_7,2000,3,1024,0.1,5,2,849778,0.042
random,gnp2000_7,2000,3,1024,0.1,5,3,849413,0.06
random,gnp2000_7,2000,3,1024,0.1,5,5,848918,0.096
random,gnp2000_7,2000,3,1024,0.1,5,7,848780,0.131
random,gnp2000_7,2000,3,1024,0.1,5,10,848480,0.184
random,gnp2000_7,2000,3,1024,0.1,5,15,848096,0.271
random,gnp2000_7,2000,3,1024,0.1,5,20,847910,0.358
random,gnp2000_7,2000,3,1024,0.1,5,30,847840,0.532
random,gnp2000_7,2000,3,1024,0.1,5,50,847620,0.88
random,gnp2000_7,2000,3,1024,0.1,5,70,847620,1.226
random,gnp2000_7,2000,3,1024,0.1,5,100,847620,1.747
random,gnp2000_7,2000,3,1024,0.1,5,150,847620,2.617
random,gnp2000_7,2000,3,1024,0.1,5,200,847620,3.485
random,gnp2000_7,2000,3,1024,0.1,5,300,847620,5.223
random,gnp2000_7,2000,3,1024,0.1,6,1,850221,0.025
random,gnp2000_7,2000,3,1024,0.1,6,2,849622,0.043
random,gnp2000_7,2000,3,1024,0.1,6,3,849304,0.061
random,gnp2000_7,2000,3,1024,0.1,6,5,849126,0.096
random,gnp2000_7,2000,3,1024,0.1,6,7,848744,0.131
random,gnp2000_7,2000,3,1024,0.1,6,10,848577,0.183
random,gnp2000_7,2000,3,1024,0.1,6,15,848288,0.27
random,gnp2000_7,2000,3,1024,0.1,6,20,848070,0.357
random,gnp2000_7,2000,3,1024,0.1,6,30,847883,0.531
random,gnp2000_7,2000,3,1024,0.1,6,50,847645,0.877
random,gnp2000_7,2000,3,1024,0.1,6,70,847598,1.223
random,gnp2000_7,2000,3,1024,0.1,6,100,847598,1.743
random,gnp2000_7,2000,3,1024,0.1,6,150,847596,2.609
random,gnp2000_7,2000,3,1024,0.1,6,200,847522,3.475
random,gnp2000_7,2000,3,1024,0.1,6,300,847522,5.208
random,gnp2000_7,2000,3,1024,0.1,7,1,849834,0.024
random,gnp2000_7,2000,3,1024,0.1,7,2,849622,0.043
random,gnp2000_7,2000,3,1024,0.1,7,3,849366,0.06
random,gnp2000_7,2000,3,1024,0.1,7,5,848876,0.096
random,gnp2000_7,2000,3,1024,0.1,7,7,848820,0.131
random,gnp2000_7,2000,3,1024,0.1,7,10,848406,0.184
random,gnp2000_7,2000,3,1024,0.1,7,15,848325,0.271
random,gnp2000_7,2000,3,1024,0.1,7,20,848238,0.358
random,gnp2000_7,2000,3,1024,0.1,7,30,848054,0.531
random,gnp2000_7,2000,3,1024,0.1,7,50,847852,0.877
random,gnp2000_7,2000,3,1024,0.1,7,70,847754,1.224
random,gnp2000_7,2000,3,1024,0.1,7,100,847754,1.744
random,gnp2000_7,2000,3,1024,0.1,7,150,847656,2.611
random,gnp2000_7,2000,3,1024,0.1,7,200,847656,3.479
random,gnp2000_7,2000,3,1024,0.1,7,300,847636,5.215
random,gnp2000_7,2000,3,1024,0.1,8,1,850226,0.025
random,gnp2000_7,2000,3,1024,0.1,8,2,849708,0.043
random,gnp2000_7,2000,3,1024,0.1,8,3,849340,0.061
random,gnp2000_7,2000,3,1024,0.1,8,5,849117,0.096
random,gnp2000_7,2000,3,1024,0.1,8,7,848848,0.131
random,gnp2000_7,2000,3,1024,0.1,8,10,848598,0.184
random,gnp2000_7,2000,3,1024,0.1,8,15,848242,0.271
random,gnp2000_7,2000,3,1024,0.1,8,20,848074,0.358
random,gnp2000_7,2000,3,1024,0.1,8,30,847960,0.532
random,gnp2000_7,2000,3,1024,0.1,8,50,847652,0.878
random,gnp2000_7,2000,3,1024,0.1,8,70,847606,1.224
random,gnp2000_7,2000,3,1024,0.1,8,100,847606,1.743
random,gnp2000_7,2000,3,1024,0.1,8,150,847506,2.609
random,gnp2000_7,2000,3,1024,0.1,8,200,847506,3.476
random,gnp2000_7,2000,3,1024,0.1,8,300,847506,5.21
random,gnp2000_7,2000,3,1024,0.1,9,1,850120,0.025
random,gnp2000_7,2000,3,1024,0.1,9,2,849802,0.043
random,gnp2000_7,2000,3,1024,0.1,9,3,849272,0.061
random,gnp2000_7,2000,3,1024,0.1,9,5,848919,0.096
random,gnp2000_7,2000,3,1024,0.1,9,7,848834,0.131
random,gnp2000_7,2000,3,1024,0.1,9,10,848620,0.184
random,gnp2000_7,2000,3,1024,0.1,9,15,848252,0.272
random,gnp2000_7,2000,3,1024,0.1,9,20,848252,0.359
random,gnp2000_7,2000,3,1024,0.1,9,30,847959,0.532
random,gnp2000_7,2000,3,1024,0.1,9,50,847858,0.88
random,gnp2000_7,2000,3,1024,0.1,9,70,847825,1.227
random,gnp2000_7,2000,3,1024,0.1,9,100,847825,1.748
random,gnp2000_7,2000,3,1024,0.1,9,150,847794,2.618
random,gnp2000_7,2000,3,1024,0.1,9,200,847794,3.488
random,gnp2000_7,2000,3,1024,0.1,9,300,847794,5.225
random,gnp2000_7,2000,3,1024,0.25,2,1,849968,0.024
random,gnp2000_7,2000,3,1024,0.25,2,2,849511,0.042
random,gnp2000_7,2000,3,1024,0.25,2,3,849370,0.06
random,gnp2000_7,2000,3,1024,0.25,2,5,848992,0.096
random,gnp2000_7,2000,3,1024,0.25,2,7,848794,0.131
random,gnp2000_7,2000,3,1024,0.25,2,10,848480,0.183
random,gnp2000_7,2000,3,1024,0.25,2,15,848110,0.27
random,gnp2000_7,2000,3,1024,0.25,2,20,847964,0.356
random,gnp2000_7,2000,3,1024,0.25,2,30,847905,0.529
random,gnp2000_7,2000,3,1024,0.25,2,50,847754,0.876
random,gnp2000_7,2000,3,1024,0.25,2,70,847597,1.222
random,gnp2000_7,2000,3,1024,0.25,2,100,847586,1.741
random,gnp2000_7,2000,3,1024,0.25,2,150,847538,2.605
random,gnp2000_7,2000,3,1024,0.25,2,200,847538,3.47
random,gnp2000_7,2000,3,1024,0.25,2,300,847491,5.201
random,gnp2000_7,2000,3,1024,0.25,3,1,850010,0.024
random,gnp2000_7,2000,3,1024,0.25,3,2,849698,0.043
random,gnp2000_7,2000,3,1024,0.25,3,3,849484,0.06
random,gnp2000_7,2000,3,1024,0.25,3,5,849048,0.096
random,gnp2000_7,2000,3,1024,0.25,3,7,848834,0.131
random,gnp2000_7,2000,3,1024,0.25,3,10,848553,0.183
random,gnp2000_7,2000,3,1024,0.25,3,15,848122,0.27
random,gnp2000_7,2000,3,1024,0.25,3,20,848052,0.356
random,gnp2000_7,2000,3,1024,0.25,3,30,847802,0.53
random,gnp2000_7,2000,3,1024,0.25,3,50,847678,0.876
random,gnp2000_7,2000,3,1024,0.25,3,70,847552,1.223
random,gnp2000_7,2000,3,1024,0.25,3,100,847502,1.743
random,gnp2000_7,2000,3,1024,0.25,3,150,847502,2.61
random,gnp2000_7,2000,3,1024,0.25,3,200,847490,3.477
random,gnp2000_7,2000,3,1024,0.25,3,300,847490,5.209
random,gnp2000_7,2000,3,1024,0.25,4,1,850370,0.025
random,gnp2000_7,2000,3,1024,0.25,4,2,849578,0.043
random,gnp2000_7,2000,3,1024,0.25,4,3,849434,0.06
random,gnp2000_7,2000,3,1024,0.25,4,5,848942,0.096
random,gnp2000_7,2000,3,1024,0.25,4,7,848648,0.131
random,gnp2000_7,2000,3,1024,0.25,4,10,848360,0.184
random,gnp2000_7,2000,3,1024,0.25,4,15,848320,0.271
random,gnp2000_7,2000,3,1024,0.25,4,20,848100,0.358
random,gnp2000_7,2000,3,1024,0.25,4,30,847977,0.531
random,gnp2000_7,2000,3,1024,0.25,4,50,847843,0.878
random,gnp2000_7,2000,3,1024,0.25,4,70,847832,1.224
random,gnp2000_7,2000,3,1024,0.25,4,100,847770,1.745
random,gnp2000_7,2000,3,1024,0.25,4,150,847770,2.614
random,gnp2000_7,2000,3,1024,0.25,4,200,847732,3.482
random,gnp2000_7,2000,3,1024,0.25,4,300,847732,5.216
random,gnp2000_7,2000,3,1024,0.25,5,1,849871,0.025
random,gnp2000_7,2000,3,1024,0.25,5,2,849724,0.043
random,gnp2000_7,2000,3,1024,0.25,5,3,849401,0.061
random,gnp2000_7,2000,3,1024,0.25,5,5,848938,0.096
random,gnp2000_7,2000,3,1024,0.25,5,7,848376,0.132
random,gnp2000_7,2000,3,1024,0.25,5,10,848376,0.184
random,gnp2000_7,2000,3,1024,0.25,5,15,847948,0.271
random,gnp2000_7,2000,3,1024,0.25,5,20,847948,0.358
random,gnp2000_7,2000,3,1024,0.25,5,30,847879,0.531
random,gnp2000_7,2000,3,1024,0.25,5,50,847786,0.875
random,gnp2000_7,2000,3,1024,0.25,5,70,847682,1.219
random,gnp2000_7,2000,3,1024,0.25,5,100,847494,1.738
random,gnp2000_7,2000,3,1024,0.25,5,150,847448,2.605
random,gnp2000_7,2000,3,1024,0.25,5,200,847448,3.471
random,gnp2000_7,2000,3,1024,0.25,5,300,847448,5.207
random,gnp2000_7,2000,3,1024,0.25,6,1,850221,0.024
random,gnp2000_7,2000,3,1024,0.25,6,2,849622,0.043
random,gnp2000_7,2000,3,1024,0.25,6,3,849304,0.06
random,gnp2000_7,2000,3,1024,0.25,6,5,849094,0.096
random,gnp2000_7,2000,3,1024,0.25,6,7,848850,0.131
random,gnp2000_7,2000,3,1024,0.25,6,10,848586,0.183
random,gnp2000_7,2000,3,1024,0.25,6,15,848132,0.27
random,gnp2000_7,2000,3,1024,0.25,6,20,848094,0.356
random,gnp2000_7,2000,3,1024,0.25,6,30,847792,0.529
random,gnp2000_7,2000,3,1024,0.25,6,50,847728,0.875
random,gnp2000_7,2000,3,1024,0.25,6,70,847688,1.221
random,gnp2000_7,2000,3,1024,0.25,6,100,847688,1.739
random,gnp2000_7,2000,3,1024,0.25,6,150,847622,2.601
random,gnp2000_7,2000,3,1024,0.25,6,200,847596,3.465
random,gnp2000_7,2000,3,1024,0.25,6,300,847596,5.392
random,gnp2000_7,2000,3,1024,0.25,7,1,849834,0.025
random,gnp2000_7,2000,3,1024,0.25,7,2,849622,0.044
random,gnp2000_7,2000,3,1024,0.25,7,3,849376,0.063
random,gnp2000_7,2000,3,1024,0.25,7,5,848934,0.103
random,gnp2000_7,2000,3,1024,0.25,7,7,848482,0.143
random,gnp2000_7,2000,3,1024,0.25,7,10,848216,0.199
random,gnp2000_7,2000,3,1024,0.25,7,15,848144,0.294
random,gnp2000_7,2000,3,1024,0.25,7,20,847993,0.381
random,gnp2000_7,2000,3,1024,0.25,7,30,847844,0.556
random,gnp2000_7,2000,3,1024,0.25,7,50,847634,1.046
random,gnp2000_7,2000,3,1024,0.25,7,70,847634,1.421
random,gnp2000_7,2000,3,1024,0.25,7,100,847634,1.983
random,gnp2000_7,2000,3,1024,0.25,7,150,847634,2.885
random,gnp2000_7,2000,3,1024,0.25,7,200,847634,3.755
random,gnp2000_7,2000,3,1024,0.25,7,300,847574,5.492
random,gnp2000_7,2000,3,1024,0.25,8,1,850226,0.025
random,gnp2000_7,2000,3,1024,0.25,8,2,849708,0.044
random,gnp2000_7,2000,3,1024,0.25,8,3,849340,0.062
random,gnp2000_7,2000,3,1024,0.25,8,5,849012,0.1
random,gnp2000_7,2000,3,1024,0.25,8,7,848776,0.137
random,gnp2000_7,2000,3,1024,0.25,8,10,848570,0.192
random,gnp2000_7,2000,3,1024,0.25,8,15,848306,0.282
random,gnp2000_7,2000,3,1024,0.25,8,20,848053,0.371
random,gnp2000_7,2000,3,1024,0.25,8,30,847868,0.558
random,gnp2000_7,2000,3,1024,0.25,8,50,847704,0.933
random,gnp2000_7,2000,3,1024,0.25,8,70,847704,1.294
random,gnp2000_7,2000,3,1024,0.25,8,100,847686,1.817
random,gnp2000_7,2000,3,1024,0.25,8,150,847672,2.689
random,gnp2000_7,2000,3,1024,0.25,8,200,847596,3.566
random,gnp2000_7,2000,3,1024,0.25,8,300,847596,5.312
random,gnp2000_7,2000,3,1024,0.25,9,1,850120,0.024
random,gnp2000_7,2000,3,1024,0.25,9,2,849752,0.043
random,gnp2000_7,2000,3,1024,0.25,9,3,849492,0.061
random,gnp2000_7,2000,3,1024,0.25,9,5,849026,0.096
random,gnp2000_7,2000,3,1024,0.25,9,7,848732,0.131
random,gnp2000_7,2000,3,1024,0.25,9,10,848628,0.183
random,gnp2000_7,2000,3,1024,0.25,9,15,848378,0.271
random,gnp2000_7,2000,3,1024,0.25,9,20,848200,0.357
random,gnp2000_7,2000,3,1024,0.25,9,30,848016,0.53
random,gnp2000_7,2000,3,1024,0.25,9,50,847576,0.877
random,gnp2000_7,2000,3,1024,0.25,9,70,847576,1.223
random,gnp2000_7,2000,3,1024,0.25,9,100,847558,1.744
random,gnp2000_7,2000,3,1024,0.25,9,150,847558,2.609
random,gnp2000_7,2000,3,1024,0.25,9,200,847558,3.474
random,gnp2000_7,2000,3,1024,0.25,9,300,847486,5.215
random,gnp2000_8,2000,3,1024,0,2,1,850039,0.025
random,gnp2000_8,2000,3,1024,0,2,2,849742,0.043
random,gnp2000_8,2000,3,1024,0,2,3,849382,0.061
random,gnp2000_8,2000,3,1024,0,2,5,848906,0.096
random,gnp2000_8,2000,3,1024,0,2,7,848826,0.131
random,gnp2000_8,2000,3,1024,0,2,10,848512,0.184
random,gnp2000_8,2000,3,1024,0,2,15,848512,0.272
random,gnp2000_8,2000,3,1024,0,2,20,848398,0.359
random,gnp2000_8,2000,3,1024,0,2,30,848280,0.534
random,gnp2000_8,2000,3,1024,0,2,50,847824,0.882
random,gnp2000_8,2000,3,1024,0,2,70,847820,1.229
random,gnp2000_8,2000,3,1024,0,2,100,847695,1.75
random,gnp2000_8,2000,3,1024,0,2,150,847682,2.621
random,gnp2000_8,2000,3,1024,0,2,200,847682,3.518
random,gnp2000_8,2000,3,1024,0,2,300,847660,5.33
random,gnp2000_8,2000,3,1024,0,3,1,850014,0.024
random,gnp2000_8,2000,3,1024,0,3,2,849544,0.042
random,gnp2000_8,2000,3,1024,0,3,3,849458,0.06
random,gnp2000_8,2000,3,1024,0,3,5,849091,0.096
random,gnp2000_8,2000,3,1024,0,3,7,848866,0.131
random,gnp2000_8,2000,3,1024,0,3,10,848620,0.184
random,gnp2000_8,2000,3,1024,0,3,15,848388,0.272
random,gnp2000_8,2000,3,1024,0,3,20,848216,0.358
random,gnp2000_8,2000,3,1024,0,3,30,848202,0.532
random,gnp2000_8,2000,3,1024,0,3,50,848012,0.879
random,gnp2000_8,2000,3,1024,0,3,70,847916,1.225
random,gnp2000_8,2000,3,1024,0,3,100,847916,1.746
random,gnp2000_8,2000,3,1024,0,3,150,847622,2.613
random,gnp2000_8,2000,3,1024,0,3,200,847622,3.481
random,gnp2000_8,2000,3,1024,0,3,300,847622,5.215
random,gnp2000_8,2000,3,1024,0,4,1,850057,0.024
random,gnp2000_8,2000,3,1024,0,4,2,849593,0.042
random,gnp2000_8,2000,3,1024,0,4,3,849421,0.06
random,gnp2000_8,2000,3,1024,0,4,5,849114,0.096
random,gnp2000_8,2000,3,1024,0,4,7,848710,0.131
random,gnp2000_8,2000,3,1024,0,4,10,848600,0.184
random,gnp2000_8,2000,3,1024,0,4,15,848600,0.271
random,gnp2000_8,2000,3,1024,0,4,20,848038,0.358
random,gnp2000_8,2000,3,1024,0,4,30,848009,0.532
random,gnp2000_8,2000,3,1024,0,4,50,848009,0.88
random,gnp2000_8,2000,3,1024,0,4,70,847932,1.226
random,gnp2000_8,2000,3,1024,0,4,100,847882,1.748
random,gnp2000_8,2000,3,1024,0,4,150,847824,2.615
random,gnp2000_8,2000,3,1024,0,4,200,847634,3.483
random,gnp2000_8,2000,3,1024,0,4,300,847604,5.219
random,gnp2000_8,2000,3,1024,0,5,1,850154,0.024
random,gnp2000_8,2000,3,1024,0,5,2,849648,0.043
random,gnp2000_8,2000,3,1024,0,5,3,849334,0.061
random,gnp2000_8,2000,3,1024,0,5,5,849138,0.096
random,gnp2000_8,2000,3,1024,0,5,7,848910,0.131
random,gnp2000_8,2000,3,1024,0,5,10,848718,0.184
random,gnp2000_8,2000,3,1024,0,5,15,848397,0.272
random,gnp2000_8,2000,3,1024,0,5,20,848188,0.36
random,gnp2000_8,2000,3,1024,0,5,30,848150,0.535
random,gnp2000_8,2000,3,1024,0,5,50,848150,0.884
random,gnp2000_8,2000,3,1024,0,5,70,847866,1.231
random,gnp2000_8,2000,3,1024,0,5,100,847862,1.753
random,gnp2000_8,2000,3,1024,0,5,150,847788,2.62
random,gnp2000_8,2000,3,1024,0,5,200,847654,3.487
random,gnp2000_8,2000,3,1024,0,5,300,847622,5.22
random,gnp2000_8,2000,3,1024,0,6,1,849932,0.025
random,gnp2000_8,2000,3,1024,0,6,2,849524,0.043
random,gnp2000_8,2000,3,1024,0,6,3,849454,0.061
random,gnp2000_8,2000,3,1024,0,6,5,849054,0.096
random,gnp2000_8,2000,3,1024,0,6,7,848864,0.132
random,gnp2000_8,2000,3,1024,0,6,10,848502,0.185
random,gnp2000_8,2000,3,1024,0,6,15,848340,0.272
random,gnp2000_8,2000,3,1024,0,6,20,848304,0.359
random,gnp2000_8,2000,3,1024,0,6,30,848114,0.534
random,gnp2000_8,2000,3,1024,0,6,50,847889,0.881
random,gnp2000_8,2000,3,1024,0,6,70,847832,1.229
random,gnp2000_8,2000,3,1024,0,6,100,847814,1.748
random,gnp2000_8,2000,3,1024,0,6,150,847814,2.616
random,gnp2000_8,2000,3,1024,0,6,200,847814,3.485
random,gnp2000_8,2000,3,1024,0,6,300,847756,5.221
random,gnp2000_8,2000,3,1024,0,7,1,850006,0.024
random,gnp2000_8,2000,3,1024,0,7,2,849452,0.043
random,gnp2000_8,2000,3,1024,0,7,3,849366,0.061
random,gnp2000_8,2000,3,1024,0,7,5,849132,0.096
random,gnp2000_8,2000,3,1024,0,7,7,849012,0.131
random,gnp2000_8,2000,3,1024,0,7,10,848588,0.183
random,gnp2000_8,2000,3,1024,0,7,15,848388,0.271
random,gnp2000_8,2000,3,1024,0,7,20,848385,0.358
random,gnp2000_8,2000,3,1024,0,7,30,848222,0.533
random,gnp2000_8,2000,3,1024,0,7,50,847892,0.882
random,gnp2000_8,2000,3,1024,0,7,70,847892,1.23
random,gnp2000_8,2000,3,1024,0,7,100,847851,1.752
random,gnp2000_8,2000,3,1024,0,7,150,847787,2.619
random,gnp2000_8,2000,3,1024,0,7,200,847590,3.487
random,gnp2000_8,2000,3,1024,0,7,300,847590,5.22
random,gnp2000_8,2000,3,1024,0,8,1,850212,0.024
random,gnp2000_8,2000,3,1024,0,8,2,849692,0.042
random,gnp2000_8,2000,3,1024,0,8,3,849398,0.06
random,gnp2000_8,2000,3,1024,0,8,5,848997,0.096
random,gnp2000_8,2000,3,1024,0,8,7,848891,0.131
random,gnp2000_8,2000,3,1024,0,8,10,848578,0.184
random,gnp2000_8,2000,3,1024,0,8,15,848352,0.271
random,gnp2000_8,2000,3,1024,0,8,20,848352,0.358
random,gnp2000_8,2000,3,1024,0,8,30,848092,0.532
random,gnp2000_8,2000,3,1024,0,8,50,848035,0.881
random,gnp2000_8,2000,3,1024,0,8,70,847912,1.229
random,gnp2000_8,2000,3,1024,0,8,100,847640,1.75
random,gnp2000_8,2000,3,1024,0,8,150,847640,2.618
random,gnp2000_8,2000,3,1024,0,8,200,847596,3.485
random,gnp2000_8,2000,3,1024,0,8,300,847558,5.218
random,gnp2000_8,2000,3,1024,0,9,1,849997,0.024
random,gnp2000_8,2000,3,1024,0,9,2,849551,0.043
random,gnp2000_8,2000,3,1024,0,9,3,849398,0.06
random,gnp2000_8,2000,3,1024,0,9,5,848956,0.096
random,gnp2000_8,2000,3,1024,0,9,7,848846,0.132
random,gnp2000_8,2000,3,1024,0,9,10,848699,0.184
random,gnp2000_8,2000,3,1024,0,9,15,848506,0.271
random,gnp2000_8,2000,3,1024,0,9,20,848367,0.359
random,gnp2000_8,2000,3,1024,0,9,30,848274,0.534
random,gnp2000_8,2000,3,1024,0,9,50,847986,0.882
random,gnp2000_8,2000,3,1024,0,9,70,847874,1.229
random,gnp2000_8,2000,3,1024,0,9,100,847726,1.751
random,gnp2000_8,2000,3,1024,0,9,150,847630,2.618
random,gnp2000_8,2000,3,1024,0,9,200,847602,3.486
random,gnp2000_8,2000,3,1024,0,9,300,847602,5.22
random,gnp2000_8,2000,3,1024,0.1,2,1,850039,0.024
random,gnp2000_8,2000,3,1024,0.1,2,2,849742,0.043
random,gnp2000_8,2000,3,1024,0.1,2,3,849174,0.061
random,gnp2000_8,2000,3,1024,0.1,2,5,848897,0.096
random,gnp2000_8,2000,3,1024,0.1,2,7,848662,0.131
random,gnp2000_8,2000,3,1024,0.1,2,10,848403,0.183
random,gnp2000_8,2000,3,1024,0.1,2,15,848304,0.271
random,gnp2000_8,2000,3,1024,0.1,2,20,847970,0.358
random,gnp2000_8,2000,3,1024,0.1,2,30,847750,0.532
random,gnp2000_8,2000,3,1024,0.1,2,50,847718,0.879
random,gnp2000_8,2000,3,1024,0.1,2,70,847652,1.225
random,gnp2000_8,2000,3,1024,0.1,2,100,847652,1.744
random,gnp2000_8,2000,3,1024,0.1,2,150,847643,2.611
random,gnp2000_8,2000,3,1024,0.1,2,200,847643,3.478
random,gnp2000_8,2000,3,1024,0.1,2,300,847643,5.214
random,gnp2000_8,2000,3,1024,0.1,3,1,850014,0.024
random,gnp2000_8,2000,3,1024,0.1,3,2,849544,0.043
random,gnp2000_8,2000,3,1024,0.1,3,3,849199,0.061
random,gnp2000_8,2000,3,1024,0.1,3,5,848972,0.096
random,gnp2000_8,2000,3,1024,0.1,3,7,848700,0.131
random,gnp2000_8,2000,3,1024,0.1,3,10,848502,0.185
random,gnp2000_8,2000,3,1024,0.1,3,15,848218,0.273
random,gnp2000_8,2000,3,1024,0.1,3,20,848038,0.36
random,gnp2000_8,2000,3,1024,0.1,3,30,847703,0.534
random,gnp2000_8,2000,3,1024,0.1,3,50,847434,0.881
random,gnp2000_8,2000,3,1024,0.1,3,70,847434,1.228
random,gnp2000_8,2000,3,1024,0.1,3,100,847386,1.748
random,gnp2000_8,2000,3,1024,0.1,3,150,847386,2.615
random,gnp2000_8,2000,3,1024,0.1,3,200,847386,3.483
random,gnp2000_8,2000,3,1024,0.1,3,300,847378,5.223
random,gnp2000_8,2000,3,1024,0.1,4,1,850057,0.024
random,gnp2000_8,2000,3,1024,0.1,4,2,849593,0.042
random,gnp2000_8,2000,3,1024,0.1,4,3,849372,0.061
random,gnp2000_8,2000,3,1024,0.1,4,5,849084,0.096
random,gnp2000_8,2000,3,1024,0.1,4,7,848788,0.131
random,gnp2000_8,2000,3,1024,0.1,4,10,848548,0.184
random,gnp2000_8,2000,3,1024,0.1,4,15,848120,0.271
random,gnp2000_8,2000,3,1024,0.1,4,20,848094,0.358
random,gnp2000_8,2000,3,1024,0.1,4,30,847858,0.531
random,gnp2000_8,2000,3,1024,0.1,4,50,847667,0.88
random,gnp2000_8,2000,3,1024,0.1,4,70,847654,1.259
random,gnp2000_8,2000,3,1024,0.1,4,100,847646,1.835
random,gnp2000_8,2000,3,1024,0.1,4,150,847646,2.713
random,gnp2000_8,2000,3,1024,0.1,4,200,847614,3.58
random,gnp2000_8,2000,3,1024,0.1,4,300,847562,5.315
random,gnp2000_8,2000,3,1024,0.1,5,1,850154,0.024
random,gnp2000_8,2000,3,1024,0.1,5,2,849634,0.043
random,gnp2000_8,2000,3,1024,0.1,5,3,849298,0.061
random,gnp2000_8,2000,3,1024,0.1,5,5,849046,0.096
random,gnp2000_8,2000,3,1024,0.1,5,7,848654,0.131
random,gnp2000_8,2000,3,1024,0.1,5,10,848506,0.184
random,gnp2000_8,2000,3,1024,0.1,5,15,848172,0.272
random,gnp2000_8,2000,3,1024,0.1,5,20,847918,0.359
random,gnp2000_8,2000,3,1024,0.1,5,30,847918,0.533
random,gnp2000_8,2000,3,1024,0.1,5,50,847804,0.88
random,gnp2000_8,2000,3,1024,0.1,5,70,847804,1.226
random,gnp2000_8,2000,3,1024,0.1,5,100,847724,1.748
random,gnp2000_8,2000,3,1024,0.1,5,150,847686,2.617
random,gnp2000_8,2000,3,1024,0.1,5,200,847584,3.505
random,gnp2000_8,2000,3,1024,0.1,5,300,847552,5.257
random,gnp2000_8,2000,3,1024,0.1,6,1,849932,0.026
random,gnp2000_8,2000,3,1024,0.1,6,2,849524,0.045
random,gnp2000_8,2000,3,1024,0.1,6,3,849378,0.063
random,gnp2000_8,2000,3,1024,0.1,6,5,848830,0.098
random,gnp2000_8,2000,3,1024,0.1,6,7,848778,0.133
random,gnp2000_8,2000,3,1024,0.1,6,10,848466,0.186
random,gnp2000_8,2000,3,1024,0.1,6,15,848176,0.273
random,gnp2000_8,2000,3,1024,0.1,6,20,848136,0.36
random,gnp2000_8,2000,3,1024,0.1,6,30,847902,0.538
random,gnp2000_8,2000,3,1024,0.1,6,50,847736,0.888
random,gnp2000_8,2000,3,1024,0.1,6,70,847732,1.242
random,gnp2000_8,2000,3,1024,0.1,6,100,847612,1.767
random,gnp2000_8,2000,3,1024,0.1,6,150,847542,2.645
random,gnp2000_8,2000,3,1024,0.1,6,200,847442,3.52
random,gnp2000_8,2000,3,1024,0.1,6,300,847412,5.279
random,gnp2000_8,2000,3,1024,0.1,7,1,850006,0.025
random,gnp2000_8,2000,3,1024,0.1,7,2,849452,0.043
random,gnp2000_8,2000,3,1024,0.1,7,3,849306,0.061
random,gnp2000_8,2000,3,1024,0.1,7,5,848969,0.097
random,gnp2000_8,2000,3,1024,0.1,7,7,848744,0.132
random,gnp2000_8,2000,3,1024,0.1,7,10,848484,0.184
random,gnp2000_8,2000,3,1024,0.1,7,15,848162,0.274
random,gnp2000_8,2000,3,1024,0.1,7,20,847840,0.36
random,gnp2000_8,2000,3,1024,0.1,7,30,847630,0.535
random,gnp2000_8,2000,3,1024,0.1,7,50,847630,0.882
random,gnp2000_8,2000,3,1024,0.1,7,70,847624,1.23
random,gnp2000_8,2000,3,1024,0.1,7,100,847624,1.75
random,gnp2000_8,2000,3,1024,0.1,7,150,847607,2.621
random,gnp2000_8,2000,3,1024,0.1,7,200,847607,3.489
random,gnp2000_8,2000,3,1024,0.1,7,300,847586,5.231
random,gnp2000_8,2000,3,1024,0.1,8,1,850212,0.024
random,gnp2000_8,2000,3,1024,0.1,8,2,849600,0.043
random,gnp2000_8,2000,3,1024,0.1,8,3,849270,0.061
random,gnp2000_8,2000,3,1024,0.1,8,5,848878,0.096
random,gnp2000_8,2000,3,1024,0.1,8,7,848508,0.132
random,gnp2000_8,2000,3,1024,0.1,8,10,848508,0.187
random,gnp2000_8,2000,3,1024,0.1,8,15,848064,0.274
random,gnp2000_8,2000,3,1024,0.1,8,20,848044,0.36
random,gnp2000_8,2000,3,1024,0.1,8,30,847818,0.538
random,gnp2000_8,2000,3,1024,0.1,8,50,847742,0.89
random,gnp2000_8,2000,3,1024,0.1,8,70,847472,1.241
random,gnp2000_8,2000,3,1024,0.1,8,100,847408,1.763
random,gnp2000_8,2000,3,1024,0.1,8,150,847408,2.642
random,gnp2000_8,2000,3,1024,0.1,8,200,847408,3.518
random,gnp2000_8,2000,3,1024,0.1,8,300,847408,5.279
random,gnp2000_8,2000,3,1024,0.1,9,1,849997,0.025
random,gnp2000_8,2000,3,1024,0.1,9,2,849502,0.043
random,gnp2000_8,2000,3,1024,0.1,9,3,849180,0.061
random,gnp2000_8,2000,3,1024,0.1,9,5,848875,0.097
random,gnp2000_8,2000,3,1024,0.1,9,7,848698,0.134
random,gnp2000_8,2000,3,1024,0.1,9,10,848231,0.186
random,gnp2000_8,2000,3,1024,0.1,9,15,848231,0.275
random,gnp2000_8,2000,3,1024,0.1,9,20,848070,0.366
random,gnp2000_8,2000,3,1024,0.1,9,30,847944,0.542
random,gnp2000_8,2000,3,1024,0.1,9,50,847618,0.893
random,gnp2000_8,2000,3,1024,0.1,9,70,847554,1.246
random,gnp2000_8,2000,3,1024,0.1,9,100,847516,1.778
random,gnp2000_8,2000,3,1024,0.1,9,150,847516,2.659
random,gnp2000_8,2000,3,1024,0.1,9,200,847516,3.531
random,gnp2000_8,2000,3,1024,0.1,9,300,847475,5.33
random,gnp1000_7,1000,5,128,0.05,2,1,185592,0.002
random,gnp1000_7,1000,5,128,0.05,2,2,185482,0.004
random,gnp1000_7,1000,5,128,0.05,2,3,185301,0.005
random,gnp1000_7,1000,5,128,0.05,2,5,185113,0.009
random,gnp1000_7,1000,5,128,0.05,2,7,185004,0.011
random,gnp1000_7,1000,5,128,0.05,2,10,184927,0.015
random,gnp1000_7,1000,5,128,0.05,2,15,184703,0.022
random,gnp1000_7,1000,5,128,0.05,2,20,184625,0.027
random,gnp1000_7,1000,5,128,0.05,2,30,184559,0.039
random,gnp1000_7,1000,5,128,0.05,2,50,184514,0.063
random,gnp1000_7,1000,5,128,0.05,2,70,184463,0.087
random,gnp1000_7,1000,5,128,0.05,2,100,184463,0.123
random,gnp1000_7,1000,5,128,0.05,2,150,184455,0.185
random,gnp1000_7,1000,5,128,0.05,2,200,184455,0.247
random,gnp1000_7,1000,5,128,0.05,2,300,184455,0.37
random,gnp1000_7,1000,5,128,0.05,2,500,184454,0.618
random,gnp1000_7,1000,5,128,0.05,2,700,184454,0.864
random,gnp1000_7,1000,5,128,0.05,2,1000,184453,1.226
random,gnp1000_7,1000,5,128,0.05,3,1,185653,0.002
random,gnp1000_7,1000,5,128,0.05,3,2,185394,0.004
random,gnp1000_7,1000,5,128,0.05,3,3,185363,0.005
random,gnp1000_7,1000,5,128,0.05,3,5,185149,0.007
random,gnp1000_7,1000,5,128,0.05,3,7,184925,0.01
random,gnp1000_7,1000,5,128,0.05,3,10,184890,0.013
random,gnp1000_7,1000,5,128,0.05,3,15,184807,0.02
random,gnp1000_7,1000,5,128,0.05,3,20,184768,0.026
random,gnp1000_7,1000,5,128,0.05,3,30,184717,0.037
random,gnp1000_7,1000,5,128,0.05,3,50,184589,0.061
random,gnp1000_7,1000,5,128,0.05,3,70,184589,0.084
random,gnp1000_7,1000,5,128,0.05,3,100,184562,0.118
random,gnp1000_7,1000,5,128,0.05,3,150,184520,0.176
random,gnp1000_7,1000,5,128,0.05,3,200,184519,0.234
random,gnp1000_7,1000,5,128,0.05,3,300,184515,0.348
random,gnp1000_7,1000,5,128,0.05,3,500,184510,0.576
random,gnp1000_7,1000,5,128,0.05,3,700,184508,0.805
random,gnp1000_7,1000,5,128,0.05,3,1000,184508,1.146
random,gnp1000_7,1000,5,128,0.05,4,1,185613,0.003
random,gnp1000_7,1000,5,128,0.05,4,2,185441,0.004
random,gnp1000_7,1000,5,128,0.05,4,3,185273,0.005
random,gnp1000_7,1000,5,128,0.05,4,5,185126,0.007
random,gnp1000_7,1000,5,128,0.05,4,7,184996,0.01
random,gnp1000_7,1000,5,128,0.05,4,10,184941,0.013
random,gnp1000_7,1000,5,128,0.05,4,15,184861,0.019
random,gnp1000_7,1000,5,128,0.05,4,20,184773,0.025
random,gnp1000_7,1000,5,128,0.05,4,30,184640,0.037
random,gnp1000_7,1000,5,128,0.05,4,50,184587,0.061
random,gnp1000_7,1000,5,128,0.05,4,70,184583,0.085
random,gnp1000_7,1000,5,128,0.05,4,100,184578,0.119
random,gnp1000_7,1000,5,128,0.05,4,150,184553,0.177
random,gnp1000_7,1000,5,128,0.05,4,200,184548,0.233
random,gnp1000_7,1000,5,128,0.05,4,300,184543,0.347
random,gnp1000_7,1000,5,128,0.05,4,500,184480,0.575
random,gnp1000_7,1000,5,128,0.05,4,700,184463,0.805
random,gnp1000_7,1000,5,128,0.05,4,1000,184463,1.147
random,gnp1000_7,1000,5,128,0.05,5,1,185575,0.002
random,gnp1000_7,1000,5,128,0.05,5,2,185318,0.004
random,gnp1000_7,1000,5,128,0.05,5,3,185313,0.005
random,gnp1000_7,1000,5,128,0.05,5,5,185213,0.008
random,gnp1000_7,1000,5,128,0.05,5,7,185076,0.01
random,gnp1000_7,1000,5,128,0.05,5,10,184973,0.014
random,gnp1000_7,1000,5,128,0.05,5,15,184874,0.02
random,gnp1000_7,1000,5,128,0.05,5,20,184773,0.025
random,gnp1000_7,1000,5,128,0.05,5,30,184743,0.037
random,gnp1000_7,1000,5,128,0.05,5,50,184654,0.06
random,gnp1000_7,1000,5,128,0.05,5,70,184570,0.083
random,gnp1000_7,1000,5,128,0.05,5,100,184544,0.118
random,gnp1000_7,1000,5,128,0.05,5,150,184537,0.175
random,gnp1000_7,1000,5,128,0.05,5,200,184534,0.232
random,gnp1000_7,1000,5,128,0.05,5,300,184512,0.346
random,gnp1000_7,1000,5,128,0.05,5,500,184501,0.579
random,gnp1000_7,1000,5,128,0.05,5,700,184501,0.809
random,gnp1000_7,1000,5,128,0.05,5,1000,184473,1.152
random,gnp1000_7,1000,5,128,0.05,6,1,185579,0.002
random,gnp1000_7,1000,5,128,0.05,6,2,185531,0.003
random,gnp1000_7,1000,5,128,0.05,6,3,185311,0.005
random,gnp1000_7,1000,5,128,0.05,6,5,185007,0.007
random,gnp1000_7,1000,5,128,0.05,6,7,184946,0.01
random,gnp1000_7,1000,5,128,0.05,6,10,184908,0.013
random,gnp1000_7,1000,5,128,0.05,6,15,184713,0.019
random,gnp1000_7,1000,5,128,0.05,6,20,184651,0.025
random,gnp1000_7,1000,5,128,0.05,6,30,184539,0.036
random,gnp1000_7,1000,5,128,0.05,6,50,184474,0.059
random,gnp1000_7,1000,5,128,0.05,6,70,184467,0.081
random,gnp1000_7,1000,5,128,0.05,6,100,184466,0.116
random,gnp1000_7,1000,5,128,0.05,6,150,184466,0.172
random,gnp1000_7,1000,5,128,0.05,6,200,184466,0.229
random,gnp1000_7,1000,5,128,0.05,6,300,184466,0.341
random,gnp1000_7,1000,5,128,0.05,6,500,184466,0.569
random,gnp1000_7,1000,5,128,0.05,6,700,184466,0.796
random,gnp1000_7,1000,5,128,0.05,6,1000,184466,1.138
random,gnp1000_7,1000,5,128,0.05,7,1,185653,0.002
random,gnp1000_7,1000,5,128,0.05,7,2,185347,0.004
random,gnp1000_7,1000,5,128,0.05,7,3,185305,0.005
random,gnp1000_7,1000,5,128,0.05,7,5,185177,0.007
random,gnp1000_7,1000,5,128,0.05,7,7,185100,0.01
random,gnp1000_7,1000,5,128,0.05,7,10,184993,0.013
random,gnp1000_7,1000,5,128,0.05,7,15,184874,0.019
random,gnp1000_7,1000,5,128,0.05,7,20,184819,0.025
random,gnp1000_7,1000,5,128,0.05,7,30,184773,0.037
random,gnp1000_7,1000,5,128,0.05,7,50,184661,0.06
random,gnp1000_7,1000,5,128,0.05,7,70,184617,0.083
random,gnp1000_7,1000,5,128,0.05,7,100,184552,0.117
random,gnp1000_7,1000,5,128,0.05,7,150,184542,0.173
random,gnp1000_7,1000,5,128,0.05,7,200,184538,0.23
random,gnp1000_7,1000,5,128,0.05,7,300,184533,0.344
random,gnp1000_7,1000,5,128,0.05,7,500,184533,0.573
random,gnp1000_7,1000,5,128,0.05,7,700,184533,0.801
random,gnp1000_7,1000,5,128,0.05,7,1000,184533,1.144
random,gnp1000_7,1000,5,128,0.05,8,1,185503,0.002
random,gnp1000_7,1000,5,128,0.05,8,2,185393,0.004
random,gnp1000_7,1000,5,128,0.05,8,3,185241,0.005
random,gnp1000_7,1000,5,128,0.05,8,5,185152,0.007
random,gnp1000_7,1000,5,128,0.05,8,7,185055,0.01
random,gnp1000_7,1000,5,128,0.05,8,10,184991,0.013
random,gnp1000_7,1000,5,128,0.05,8,15,184915,0.019
random,gnp1000_7,1000,5,128,0.05,8,20,184854,0.025
random,gnp1000_7,1000,5,128,0.05,8,30,184821,0.037
random,gnp1000_7,1000,5,128,0.05,8,50,184693,0.061
random,gnp1000_7,1000,5,128,0.05,8,70,184641,0.084
random,gnp1000_7,1000,5,128,0.05,8,100,184620,0.118
random,gnp1000_7,1000,5,128,0.05,8,150,184620,0.175
random,gnp1000_7,1000,5,128,0.05,8,200,184620,0.233
random,gnp1000_7,1000,5,128,0.05,8,300,184620,0.35
random,gnp1000_7,1000,5,128,0.05,8,500,184620,0.579
random,gnp1000_7,1000,5,128,0.05,8,700,184616,0.808
random,gnp1000_7,1000,5,128,0.05,8,1000,184616,1.155
random,gnp1000_7,1000,5,128,0.05,9,1,185789,0.002
random,gnp1000_7,1000,5,128,0.05,9,2,185571,0.004
random,gnp1000_7,1000,5,128,0.05,9,3,185440,0.005
random,gnp1000_7,1000,5,128,0.05,9,5,185171,0.008
random,gnp1000_7,1000,5,128,0.05,9,7,185129,0.01
random,gnp1000_7,1000,5,128,0.05,9,10,184992,0.014
random,gnp1000_7,1000,5,128,0.05,9,15,184929,0.02
random,gnp1000_7,1000,5,128,0.05,9,20,184823,0.026
random,gnp1000_7,1000,5,128,0.05,9,30,184683,0.038
random,gnp1000_7,1000,5,128,0.05,9,50,184586,0.06
random,gnp1000_7,1000,5,128,0.05,9,70,184555,0.083
random,gnp1000_7,1000,5,128,0.05,9,100,184547,0.117
random,gnp1000_7,1000,5,128,0.05,9,150,184485,0.175
random,gnp1000_7,1000,5,128,0.05,9,200,184446,0.232
random,gnp1000_7,1000,5,128,0.05,9,300,184446,0.344
random,gnp1000_7,1000,5,128,0.05,9,500,184446,0.573
random,gnp1000_7,1000,5,128,0.05,9,700,184446,0.803
random,gnp1000_7,1000,5,128,0.05,9,1000,184446,1.147
random,gnp1000_8,1000,5,128,0.05,2,1,185739,0.002
random,gnp1000_8,1000,5,128,0.05,2,2,185567,0.004
random,gnp1000_8,1000,5,128,0.05,2,3,185500,0.005
random,gnp1000_8,1000,5,128,0.05,2,5,185361,0.007
random,gnp1000_8,1000,5,128,0.05,2,7,185249,0.01
random,gnp1000_8,1000,5,128,0.05,2,10,185164,0.013
random,gnp1000_8,1000,5,128,0.05,2,15,185051,0.019
random,gnp1000_8,1000,5,128,0.05,2,20,184940,0.025
random,gnp1000_8,1000,5,128,0.05,2,30,184837,0.037
random,gnp1000_8,1000,5,128,0.05,2,50,184791,0.061
random,gnp1000_8,1000,5,128,0.05,2,70,184760,0.083
random,gnp1000_8,1000,5,128,0.05,2,100,184675,0.118
random,gnp1000_8,1000,5,128,0.05,2,150,184631,0.175
random,gnp1000_8,1000,5,128,0.05,2,200,184631,0.231
random,gnp1000_8,1000,5,128,0.05,2,300,184625,0.345
random,gnp1000_8,1000,5,128,0.05,2,500,184611,0.571
random,gnp1000_8,1000,5,128,0.05,2,700,184609,0.798
random,gnp1000_8,1000,5,128,0.05,2,1000,184607,1.136
random,gnp1000_8,1000,5,128,0.05,3,1,185771,0.002
random,gnp1000_8,1000,5,128,0.05,3,2,185590,0.004
random,gnp1000_8,1000,5,128,0.05,3,3,185440,0.005
random,gnp1000_8,1000,5,128,0.05,3,5,185215,0.007
random,gnp1000_8,1000,5,128,0.05,3,7,185104,0.01
random,gnp1000_8,1000,5,128,0.05,3,10,185005,0.013
random,gnp1000_8,1000,5,128,0.05,3,15,184932,0.02
random,gnp1000_8,1000,5,128,0.05,3,20,184894,0.026
random,gnp1000_8,1000,5,128,0.05,3,30,184752,0.038
random,gnp1000_8,1000,5,128,0.05,3,50,184713,0.061
random,gnp1000_8,1000,5,128,0.05,3,70,184713,0.083
random,gnp1000_8,1000,5,128,0.05,3,100,184713,0.117
random,gnp1000_8,1000,5,128,0.05,3,150,184713,0.175
random,gnp1000_8,1000,5,128,0.05,3,200,184713,0.232
random,gnp1000_8,1000,5,128,0.05,3,300,184713,0.347
random,gnp1000_8,1000,5,128,0.05,3,500,184713,0.576
random,gnp1000_8,1000,5,128,0.05,3,700,184713,0.809
random,gnp1000_8,1000,5,128,0.05,3,1000,184713,1.153
random,gnp1000_8,1000,5,128,0.05,4,1,185881,0.002
random,gnp1000_8,1000,5,128,0.05,4,2,185547,0.004
random,gnp1000_8,1000,5,128,0.05,4,3,185474,0.005
random,gnp1000_8,1000,5,128,0.05,4,5,185201,0.007
random,gnp1000_8,1000,5,128,0.05,4,7,185111,0.01
random,gnp1000_8,1000,5,128,0.05,4,10,185077,0.013
random,gnp1000_8,1000,5,128,0.05,4,15,184970,0.019
random,gnp1000_8,1000,5,128,0.05,4,20,184779,0.025
random,gnp1000_8,1000,5,128,0.05,4,30,184779,0.036
random,gnp1000_8,1000,5,128,0.05,4,50,184779,0.059
random,gnp1000_8,1000,5,128,0.05,4,70,184682,0.081
random,gnp1000_8,1000,5,128,0.05,4,100,184665,0.116
random,gnp1000_8,1000,5,128,0.05,4,150,184628,0.173
random,gnp1000_8,1000,5,128,0.05,4,200,184615,0.229
random,gnp1000_8,1000,5,128,0.05,4,300,184615,0.342
random,gnp1000_8,1000,5,128,0.05,4,500,184615,0.569
random,gnp1000_8,1000,5,128,0.05,4,700,184615,0.796
random,gnp1000_8,1000,5,128,0.05,4,1000,184615,1.136
random,gnp1000_8,1000,5,128,0.05,5,1,185713,0.002
random,gnp1000_8,1000,5,128,0.05,5,2,185521,0.004
random,gnp1000_8,1000,5,128,0.05,5,3,185435,0.005
random,gnp1000_8,1000,5,128,0.05,5,5,185239,0.007
random,gnp1000_8,1000,5,128,0.05,5,7,185177,0.01
random,gnp1000_8,1000,5,128,0.05,5,10,185071,0.013
random,gnp1000_8,1000,5,128,0.05,5,15,184973,0.019
random,gnp1000_8,1000,5,128,0.05,5,20,184861,0.025
random,gnp1000_8,1000,5,128,0.05,5,30,184831,0.036
random,gnp1000_8,1000,5,128,0.05,5,50,184792,0.059
random,gnp1000_8,1000,5,128,0.05,5,70,184792,0.082
random,gnp1000_8,1000,5,128,0.05,5,100,184771,0.118
random,gnp1000_8,1000,5,128,0.05,5,150,184745,0.174
random,gnp1000_8,1000,5,128,0.05,5,200,184699,0.232
random,gnp1000_8,1000,5,128,0.05,5,300,184688,0.347
random,gnp1000_8,1000,5,128,0.05,5,500,184683,0.576
random,gnp1000_8,1000,5,128,0.05,5,700,184683,0.803
random,gnp1000_8,1000,5,128,0.05,5,1000,184683,1.146
random,gnp1000_8,1000,5,128,0.05,6,1,185659,0.002
random,gnp1000_8,1000,5,128,0.05,6,2,185523,0.004
random,gnp1000_8,1000,5,128,0.05,6,3,185415,0.005
random,gnp1000_8,1000,5,128,0.05,6,5,185309,0.007
random,gnp1000_8,1000,5,128,0.05,6,7,185091,0.01
random,gnp1000_8,1000,5,128,0.05,6,10,185020,0.013
random,gnp1000_8,1000,5,128,0.05,6,15,184921,0.019
random,gnp1000_8,1000,5,128,0.05,6,20,184838,0.025
random,gnp1000_8,1000,5,128,0.05,6,30,184784,0.036
random,gnp1000_8,1000,5,128,0.05,6,50,184761,0.059
random,gnp1000_8,1000,5,128,0.05,6,70,184753,0.083
random,gnp1000_8,1000,5,128,0.05,6,100,184747,0.118
random,gnp1000_8,1000,5,128,0.05,6,150,184733,0.174
random,gnp1000_8,1000,5,128,0.05,6,200,184731,0.231
random,gnp1000_8,1000,5,128,0.05,6,300,184715,0.345
random,gnp1000_8,1000,5,128,0.05,6,500,184671,0.573
random,gnp1000_8,1000,5,128,0.05,6,700,184665,0.801
random,gnp1000_8,1000,5,128,0.05,6,1000,184665,1.15
random,gnp1000_8,1000,5,128,0.05,7,1,185855,0.002
random,gnp1000_8,1000,5,128,0.05,7,2,185643,0.004
random,gnp1000_8,1000,5,128,0.05,7,3,185580,0.005
random,gnp1000_8,1000,5,128,0.05,7,5,185337,0.007
random,gnp1000_8,1000,5,128,0.05,7,7,185232,0.01
random,gnp1000_8,1000,5,128,0.05,7,10,185169,0.013
random,gnp1000_8,1000,5,128,0.05,7,15,184957,0.019
random,gnp1000_8,1000,5,128,0.05,7,20,184888,0.025
random,gnp1000_8,1000,5,128,0.05,7,30,184845,0.037
random,gnp1000_8,1000,5,128,0.05,7,50,184777,0.06
random,gnp1000_8,1000,5,128,0.05,7,70,184735,0.083
random,gnp1000_8,1000,5,128,0.05,7,100,184719,0.117
random,gnp1000_8,1000,5,128,0.05,7,150,184706,0.174
random,gnp1000_8,1000,5,128,0.05,7,200,184706,0.231
random,gnp1000_8,1000,5,128,0.05,7,300,184706,0.345
random,gnp1000_8,1000,5,128,0.05,7,500,184706,0.573
random,gnp1000_8,1000,5,128,0.05,7,700,184705,0.804
random,gnp1000_8,1000,5,128,0.05,7,1000,184669,1.146
random,gnp1000_8,1000,5,128,0.05,8,1,185709,0.002
random,gnp1000_8,1000,5,128,0.05,8,2,185439,0.004
random,gnp1000_8,1000,5,128,0.05,8,3,185225,0.005
random,gnp1000_8,1000,5,128,0.05,8,5,185105,0.007
random,gnp1000_8,1000,5,128,0.05,8,7,185072,0.01
random,gnp1000_8,1000,5,128,0.05,8,10,185015,0.013
random,gnp1000_8,1000,5,128,0.05,8,15,184870,0.02
random,gnp1000_8,1000,5,128,0.05,8,20,184870,0.026
random,gnp1000_8,1000,5,128,0.05,8,30,184785,0.038
random,gnp1000_8,1000,5,128,0.05,8,50,184737,0.061
random,gnp1000_8,1000,5,128,0.05,8,70,184687,0.083
random,gnp1000_8,1000,5,128,0.05,8,100,184682,0.117
random,gnp1000_8,1000,5,128,0.05,8,150,184682,0.175
random,gnp1000_8,1000,5,128,0.05,8,200,184652,0.232
random,gnp1000_8,1000,5,128,0.05,8,300,184599,0.344
random,gnp1000_8,1000,5,128,0.05,8,500,184593,0.574
random,gnp1000_8,1000,5,128,0.05,8,700,184593,0.801
random,gnp1000_8,1000,5,128,0.05,8,1000,184593,1.14
random,gnp1000_8,1000,5,128,0.05,9,1,185881,0.002
random,gnp1000_8,1000,5,128,0.05,9,2,185723,0.004
random,gnp1000_8,1000,5,128,0.05,9,3,185577,0.005
random,gnp1000_8,1000,5,128,0.05,9,5,185325,0.008
random,gnp1000_8,1000,5,128,0.05,9,7,185275,0.01
random,gnp1000_8,1000,5,128,0.05,9,10,185165,0.014
random,gnp1000_8,1000,5,128,0.05,9,15,185025,0.02
random,gnp1000_8,1000,5,128,0.05,9,20,184989,0.025
random,gnp1000_8,1000,5,128,0.05,9,30,184838,0.037
random,gnp1000_8,1000,5,128,0.05,9,50,184762,0.059
random,gnp1000_8,1000,5,128,0.05,9,70,184745,0.082
random,gnp1000_8,1000,5,128,0.05,9,100,184703,0.118
random,gnp1000_8,1000,5,128,0.05,9,150,184655,0.174
random,gnp1000_8,1000,5,128,0.05,9,200,184623,0.231
random,gnp1000_8,1000,5,128,0.05,9,300,184619,0.344
random,gnp1000_8,1000,5,128,0.05,9,500,184618,0.572
random,gnp1000_8,1000,5,128,0.05,9,700,184618,0.799
random,gnp1000_8,1000,5,128,0.05,9,1000,184618,1.141
random,gnp2000_7,2000,8,128,0.05,2,1,709515,0.01
random,gnp2000_7,2000,8,128,0.05,2,2,708975,0.016
random,gnp2000_7,2000,8,128,0.05,2,3,708872,0.022
random,gnp2000_7,2000,8,128,0.05,2,5,708487,0.032
random,gnp2000_7,2000,8,128,0.05,2,7,708264,0.042
random,gnp2000_7,2000,8,128,0.05,2,10,707947,0.057
random,gnp2000_7,2000,8,128,0.05,2,15,707710,0.082
random,gnp2000_7,2000,8,128,0.05,2,20,707393,0.106
random,gnp2000_7,2000,8,128,0.05,2,30,707161,0.152
random,gnp2000_7,2000,8,128,0.05,2,50,706823,0.246
random,gnp2000_7,2000,8,128,0.05,2,70,706771,0.338
random,gnp2000_7,2000,8,128,0.05,2,100,706721,0.475
random,gnp2000_7,2000,8,128,0.05,2,150,706721,0.703
random,gnp2000_7,2000,8,128,0.05,2,200,706721,0.932
random,gnp2000_7,2000,8,128,0.05,2,300,706695,1.387
random,gnp2000_7,2000,8,128,0.05,2,500,706695,2.291
random,gnp2000_7,2000,8,128,0.05,2,700,706695,3.188
random,gnp2000_7,2000,8,128,0.05,2,1000,706695,4.54
random,gnp2000_7,2000,8,128,0.05,3,1,709485,0.01
random,gnp2000_7,2000,8,128,0.05,3,2,709063,0.016
random,gnp2000_7,2000,8,128,0.05,3,3,708901,0.021
random,gnp2000_7,2000,8,128,0.05,3,5,708515,0.032
random,gnp2000_7,2000,8,128,0.05,3,7,708161,0.042
random,gnp2000_7,2000,8,128,0.05,3,10,707708,0.056
random,gnp2000_7,2000,8,128,0.05,3,15,707425,0.08
random,gnp2000_7,2000,8,128,0.05,3,20,707273,0.103
random,gnp2000_7,2000,8,128,0.05,3,30,707010,0.15
random,gnp2000_7,2000,8,128,0.05,3,50,706841,0.24
random,gnp2000_7,2000,8,128,0.05,3,70,706797,0.33
random,gnp2000_7,2000,8,128,0.05,3,100,706741,0.464
random,gnp2000_7,2000,8,128,0.05,3,150,706731,0.688
random,gnp2000_7,2000,8,128,0.05,3,200,706729,0.914
random,gnp2000_7,2000,8,128,0.05,3,300,706728,1.359
random,gnp2000_7,2000,8,128,0.05,3,500,706725,2.258
random,gnp2000_7,2000,8,128,0.05,3,700,706725,3.153
random,gnp2000_7,2000,8,128,0.05,3,1000,706725,4.498
random,gnp2000_7,2000,8,128,0.05,4,1,709649,0.01
random,gnp2000_7,2000,8,128,0.05,4,2,708887,0.016
random,gnp2000_7,2000,8,128,0.05,4,3,708773,0.021
random,gnp2000_7,2000,8,128,0.05,4,5,708443,0.032
random,gnp2000_7,2000,8,128,0.05,4,7,708067,0.042
random,gnp2000_7,2000,8,128,0.05,4,10,707829,0.057
random,gnp2000_7,2000,8,128,0.05,4,15,707479,0.081
random,gnp2000_7,2000,8,128,0.05,4,20,707279,0.104
random,gnp2000_7,2000,8,128,0.05,4,30,707069,0.151
random,gnp2000_7,2000,8,128,0.05,4,50,706854,0.242
random,gnp2000_7,2000,8,128,0.05,4,70,706754,0.333
random,gnp2000_7,2000,8,128,0.05,4,100,706659,0.469
random,gnp2000_7,2000,8,128,0.05,4,150,706636,0.693
random,gnp2000_7,2000,8,128,0.05,4,200,706634,0.916
random,gnp2000_7,2000,8,128,0.05,4,300,706607,1.363
random,gnp2000_7,2000,8,128,0.05,4,500,706606,2.257
random,gnp2000_7,2000,8,128,0.05,4,700,706606,3.152
random,gnp2000_7,2000,8,128,0.05,4,1000,706606,4.493
random,gnp2000_7,2000,8,128,0.05,5,1,709595,0.01
random,gnp2000_7,2000,8,128,0.05,5,2,709148,0.016
random,gnp2000_7,2000,8,128,0.05,5,3,708862,0.021
random,gnp2000_7,2000,8,128,0.05,5,5,708405,0.031
random,gnp2000_7,2000,8,128,0.05,5,7,708246,0.042
random,gnp2000_7,2000,8,128,0.05,5,10,707923,0.057
random,gnp2000_7,2000,8,128,0.05,5,15,707675,0.081
random,gnp2000_7,2000,8,128,0.05,5,20,707561,0.104
random,gnp2000_7,2000,8,128,0.05,5,30,707290,0.15
random,gnp2000_7,2000,8,128,0.05,5,50,707015,0.242
random,gnp2000_7,2000,8,128,0.05,5,70,706979,0.333
random,gnp2000_7,2000,8,128,0.05,5,100,706948,0.47
random,gnp2000_7,2000,8,128,0.05,5,150,706869,0.695
random,gnp2000_7,2000,8,128,0.05,5,200,706863,0.919
random,gnp2000_7,2000,8,128,0.05,5,300,706863,1.369
random,gnp2000_7,2000,8,128,0.05,5,500,706863,2.27
random,gnp2000_7,2000,8,128,0.05,5,700,706857,3.167
random,gnp2000_7,2000,8,128,0.05,5,1000,706834,4.516
random,gnp2000_7,2000,8,128,0.05,6,1,709797,0.01
random,gnp2000_7,2000,8,128,0.05,6,2,709222,0.015
random,gnp2000_7,2000,8,128,0.05,6,3,708782,0.021
random,gnp2000_7,2000,8,128,0.05,6,5,708536,0.031
random,gnp2000_7,2000,8,128,0.05,6,7,708207,0.041
random,gnp2000_7,2000,8,128,0.05,6,10,708091,0.056
random,gnp2000_7,2000,8,128,0.05,6,15,707811,0.08
random,gnp2000_7,2000,8,128,0.05,6,20,707560,0.104
random,gnp2000_7,2000,8,128,0.05,6,30,707353,0.151
random,gnp2000_7,2000,8,128,0.05,6,50,707045,0.243
random,gnp2000_7,2000,8,128,0.05,6,70,706957,0.335
random,gnp2000_7,2000,8,128,0.05,6,100,706873,0.471
random,gnp2000_7,2000,8,128,0.05,6,150,706857,0.696
random,gnp2000_7,2000,8,128,0.05,6,200,706856,0.922
random,gnp2000_7,2000,8,128,0.05,6,300,706856,1.371
random,gnp2000_7,2000,8,128,0.05,6,500,706856,2.273
random,gnp2000_7,2000,8,128,0.05,6,700,706856,3.175
random,gnp2000_7,2000,8,128,0.05,6,1000,706856,4.526
random,gnp2000_7,2000,8,128,0.05,7,1,709813,0.01
random,gnp2000_7,2000,8,128,0.05,7,2,709165,0.016
random,gnp2000_7,2000,8,128,0.05,7,3,708757,0.022
random,gnp2000_7,2000,8,128,0.05,7,5,708188,0.032
random,gnp2000_7,2000,8,128,0.05,7,7,707970,0.042
random,gnp2000_7,2000,8,128,0.05,7,10,707680,0.057
random,gnp2000_7,2000,8,128,0.05,7,15,707544,0.081
random,gnp2000_7,2000,8,128,0.05,7,20,707476,0.104
random,gnp2000_7,2000,8,128,0.05,7,30,707333,0.15
random,gnp2000_7,2000,8,128,0.05,7,50,707174,0.242
random,gnp2000_7,2000,8,128,0.05,7,70,707051,0.334
random,gnp2000_7,2000,8,128,0.05,7,100,706938,0.47
random,gnp2000_7,2000,8,128,0.05,7,150,706882,0.696
random,gnp2000_7,2000,8,128,0.05,7,200,706852,0.921
random,gnp2000_7,2000,8,128,0.05,7,300,706849,1.369
random,gnp2000_7,2000,8,128,0.05,7,500,706849,2.266
random,gnp2000_7,2000,8,128,0.05,7,700,706849,3.198
random,gnp2000_7,2000,8,128,0.05,7,1000,706843,4.547
random,gnp2000_7,2000,8,128,0.05,8,1,709604,0.01
random,gnp2000_7,2000,8,128,0.05,8,2,709001,0.016
random,gnp2000_7,2000,8,128,0.05,8,3,708677,0.021
random,gnp2000_7,2000,8,128,0.05,8,5,708229,0.031
random,gnp2000_7,2000,8,128,0.05,8,7,708067,0.041
random,gnp2000_7,2000,8,128,0.05,8,10,707797,0.056
random,gnp2000_7,2000,8,128,0.05,8,15,707619,0.08
random,gnp2000_7,2000,8,128,0.05,8,20,707383,0.103
random,gnp2000_7,2000,8,128,0.05,8,30,707103,0.15
random,gnp2000_7,2000,8,128,0.05,8,50,706864,0.241
random,gnp2000_7,2000,8,128,0.05,8,70,706815,0.332
random,gnp2000_7,2000,8,128,0.05,8,100,706745,0.469
random,gnp2000_7,2000,8,128,0.05,8,150,706739,0.694
random,gnp2000_7,2000,8,128,0.05,8,200,706739,0.92
random,gnp2000_7,2000,8,128,0.05,8,300,706737,1.371
random,gnp2000_7,2000,8,128,0.05,8,500,706737,2.273
random,gnp2000_7,2000,8,128,0.05,8,700,706737,3.173
random,gnp2000_7,2000,8,128,0.05,8,1000,706720,4.524
random,gnp2000_7,2000,8,128,0.05,9,1,709596,0.01
random,gnp2000_7,2000,8,128,0.05,9,2,709181,0.016
random,gnp2000_7,2000,8,128,0.05,9,3,708916,0.021
random,gnp2000_7,2000,8,128,0.05,9,5,708457,0.032
random,gnp2000_7,2000,8,128,0.05,9,7,708258,0.042
random,gnp2000_7,2000,8,128,0.05,9,10,708062,0.056
random,gnp2000_7,2000,8,128,0.05,9,15,707681,0.08
random,gnp2000_7,2000,8,128,0.05,9,20,707565,0.104
random,gnp2000_7,2000,8,128,0.05,9,30,707329,0.151
random,gnp2000_7,2000,8,128,0.05,9,50,707059,0.243
random,gnp2000_7,2000,8,128,0.05,9,70,706921,0.333
random,gnp2000_7,2000,8,128,0.05,9,100,706793,0.469
random,gnp2000_7,2000,8,128,0.05,9,150,706789,0.692
random,gnp2000_7,2000,8,128,0.05,9,200,706789,0.917
random,gnp2000_7,2000,8,128,0.05,9,300,706789,1.366
random,gnp2000_7,2000,8,128,0.05,9,500,706787,2.262
random,gnp2000_7,2000,8,128,0.05,9,700,706787,3.195
random,gnp2000_7,2000,8,128,0.05,9,1000,706787,4.602
random,gnp2000_8,2000,8,128,0.05,2,1,709387,0.01
random,gnp2000_8,2000,8,128,0.05,2,2,708723,0.016
random,gnp2000_8,2000,8,128,0.05,2,3,708387,0.022
random,gnp2000_8,2000,8,128,0.05,2,5,708074,0.032
random,gnp2000_8,2000,8,128,0.05,2,7,707836,0.042
random,gnp2000_8,2000,8,128,0.05,2,10,707593,0.057
random,gnp2000_8,2000,8,128,0.05,2,15,707357,0.081
random,gnp2000_8,2000,8,128,0.05,2,20,707139,0.105
random,gnp2000_8,2000,8,128,0.05,2,30,706903,0.151
random,gnp2000_8,2000,8,128,0.05,2,50,706683,0.244
random,gnp2000_8,2000,8,128,0.05,2,70,706637,0.335
random,gnp2000_8,2000,8,128,0.05,2,100,706620,0.472
random,gnp2000_8,2000,8,128,0.05,2,150,706589,0.699
random,gnp2000_8,2000,8,128,0.05,2,200,706577,0.926
random,gnp2000_8,2000,8,128,0.05,2,300,706561,1.381
random,gnp2000_8,2000,8,128,0.05,2,500,706556,2.286
random,gnp2000_8,2000,8,128,0.05,2,700,706556,3.189
random,gnp2000_8,2000,8,128,0.05,2,1000,706556,4.547
random,gnp2000_8,2000,8,128,0.05,3,1,709597,0.01
random,gnp2000_8,2000,8,128,0.05,3,2,708604,0.016
random,gnp2000_8,2000,8,128,0.05,3,3,708504,0.021
random,gnp2000_8,2000,8,128,0.05,3,5,708187,0.032
random,gnp2000_8,2000,8,128,0.05,3,7,707894,0.042
random,gnp2000_8,2000,8,128,0.05,3,10,707739,0.056
random,gnp2000_8,2000,8,128,0.05,3,15,707421,0.08
random,gnp2000_8,2000,8,128,0.05,3,20,707241,0.104
random,gnp2000_8,2000,8,128,0.05,3,30,707010,0.151
random,gnp2000_8,2000,8,128,0.05,3,50,706741,0.243
random,gnp2000_8,2000,8,128,0.05,3,70,706618,0.334
random,gnp2000_8,2000,8,128,0.05,3,100,706530,0.469
random,gnp2000_8,2000,8,128,0.05,3,150,706515,0.694
random,gnp2000_8,2000,8,128,0.05,3,200,706515,0.919
random,gnp2000_8,2000,8,128,0.05,3,300,706515,1.368
random,gnp2000_8,2000,8,128,0.05,3,500,706513,2.268
random,gnp2000_8,2000,8,128,0.05,3,700,706513,3.168
random,gnp2000_8,2000,8,128,0.05,3,1000,706513,4.517
random,gnp2000_8,2000,8,128,0.05,4,1,709331,0.01
random,gnp2000_8,2000,8,128,0.05,4,2,708743,0.016
random,gnp2000_8,2000,8,128,0.05,4,3,708432,0.022
random,gnp2000_8,2000,8,128,0.05,4,5,708289,0.032
random,gnp2000_8,2000,8,128,0.05,4,7,708089,0.042
random,gnp2000_8,2000,8,128,0.05,4,10,707851,0.057
random,gnp2000_8,2000,8,128,0.05,4,15,707469,0.081
random,gnp2000_8,2000,8,128,0.05,4,20,707313,0.105
random,gnp2000_8,2000,8,128,0.05,4,30,707033,0.151
random,gnp2000_8,2000,8,128,0.05,4,50,706839,0.243
random,gnp2000_8,2000,8,128,0.05,4,70,706798,0.335
random,gnp2000_8,2000,8,128,0.05,4,100,706726,0.471
random,gnp2000_8,2000,8,128,0.05,4,150,706721,0.698
random,gnp2000_8,2000,8,128,0.05,4,200,706718,0.924
random,gnp2000_8,2000,8,128,0.05,4,300,706713,1.378
random,gnp2000_8,2000,8,128,0.05,4,500,706713,2.284
random,gnp2000_8,2000,8,128,0.05,4,700,706629,3.187
random,gnp2000_8,2000,8,128,0.05,4,1000,706547,4.539
random,gnp2000_8,2000,8,128,0.05,5,1,709369,0.01
random,gnp2000_8,2000,8,128,0.05,5,2,708850,0.016
random,gnp2000_8,2000,8,128,0.05,5,3,708507,0.022
random,gnp2000_8,2000,8,128,0.05,5,5,708222,0.032
random,gnp2000_8,2000,8,128,0.05,5,7,707922,0.042
random,gnp2000_8,2000,8,128,0.05,5,10,707721,0.057
random,gnp2000_8,2000,8,128,0.05,5,15,707492,0.081
random,gnp2000_8,2000,8,128,0.05,5,20,707291,0.105
random,gnp2000_8,2000,8,128,0.05,5,30,707104,0.152
random,gnp2000_8,2000,8,128,0.05,5,50,706755,0.244
random,gnp2000_8,2000,8,128,0.05,5,70,706659,0.336
random,gnp2000_8,2000,8,128,0.05,5,100,706600,0.473
random,gnp2000_8,2000,8,128,0.05,5,150,706475,0.699
random,gnp2000_8,2000,8,128,0.05,5,200,706452,0.925
random,gnp2000_8,2000,8,128,0.05,5,300,706452,1.373
random,gnp2000_8,2000,8,128,0.05,5,500,706441,2.273
random,gnp2000_8,2000,8,128,0.05,5,700,706441,3.169
random,gnp2000_8,2000,8,128,0.05,5,1000,706441,4.52
random,gnp2000_8,2000,8,128,0.05,6,1,709295,0.011
random,gnp2000_8,2000,8,128,0.05,6,2,708985,0.016
random,gnp2000_8,2000,8,128,0.05,6,3,708676,0.022
random,gnp2000_8,2000,8,128,0.05,6,5,708177,0.032
random,gnp2000_8,2000,8,128,0.05,6,7,707865,0.042
random,gnp2000_8,2000,8,128,0.05,6,10,707657,0.057
random,gnp2000_8,2000,8,128,0.05,6,15,707451,0.081
random,gnp2000_8,2000,8,128,0.05,6,20,707169,0.105
random,gnp2000_8,2000,8,128,0.05,6,30,706952,0.151
random,gnp2000_8,2000,8,128,0.05,6,50,706696,0.243
random,gnp2000_8,2000,8,128,0.05,6,70,706661,0.334
random,gnp2000_8,2000,8,128,0.05,6,100,706600,0.469
random,gnp2000_8,2000,8,128,0.05,6,150,706576,0.693
random,gnp2000_8,2000,8,128,0.05,6,200,706576,0.919
random,gnp2000_8,2000,8,128,0.05,6,300,706574,1.37
random,gnp2000_8,2000,8,128,0.05,6,500,706574,2.271
random,gnp2000_8,2000,8,128,0.05,6,700,706574,3.17
random,gnp2000_8,2000,8,128,0.05,6,1000,706574,4.522
random,gnp2000_8,2000,8,128,0.05,7,1,709626,0.01
random,gnp2000_8,2000,8,128,0.05,7,2,708869,0.016
random,gnp2000_8,2000,8,128,0.05,7,3,708531,0.022
random,gnp2000_8,2000,8,128,0.05,7,5,708297,0.032
random,gnp2000_8,2000,8,128,0.05,7,7,707949,0.042
random,gnp2000_8,2000,8,128,0.05,7,10,707573,0.057
random,gnp2000_8,2000,8,128,0.05,7,15,707381,0.081
random,gnp2000_8,2000,8,128,0.05,7,20,707226,0.105
random,gnp2000_8,2000,8,128,0.05,7,30,707054,0.151
random,gnp2000_8,2000,8,128,0.05,7,50,706964,0.244
random,gnp2000_8,2000,8,128,0.05,7,70,706906,0.336
random,gnp2000_8,2000,8,128,0.05,7,100,706819,0.474
random,gnp2000_8,2000,8,128,0.05,7,150,706756,0.702
random,gnp2000_8,2000,8,128,0.05,7,200,706750,0.929
random,gnp2000_8,2000,8,128,0.05,7,300,706747,1.384
random,gnp2000_8,2000,8,128,0.05,7,500,706738,2.294
random,gnp2000_8,2000,8,128,0.05,7,700,706738,3.205
random,gnp2000_8,2000,8,128,0.05,7,1000,706738,4.571
random,gnp2000_8,2000,8,128,0.05,8,1,709409,0.01
random,gnp2000_8,2000,8,128,0.05,8,2,708937,0.016
random,gnp2000_8,2000,8,128,0.05,8,3,708381,0.021
random,gnp2000_8,2000,8,128,0.05,8,5,708000,0.032
random,gnp2000_8,2000,8,128,0.05,8,7,707792,0.042
random,gnp2000_8,2000,8,128,0.05,8,10,707545,0.056
random,gnp2000_8,2000,8,128,0.05,8,15,707295,0.08
random,gnp2000_8,2000,8,128,0.05,8,20,707180,0.103
random,gnp2000_8,2000,8,128,0.05,8,30,707005,0.15
random,gnp2000_8,2000,8,128,0.05,8,50,706789,0.243
random,gnp2000_8,2000,8,128,0.05,8,70,706691,0.335
random,gnp2000_8,2000,8,128,0.05,8,100,706612,0.47
random,gnp2000_8,2000,8,128,0.05,8,150,706605,0.696
random,gnp2000_8,2000,8,128,0.05,8,200,706605,0.921
random,gnp2000_8,2000,8,128,0.05,8,300,706605,1.374
random,gnp2000_8,2000,8,128,0.05,8,500,706578,2.277
random,gnp2000_8,2000,8,128,0.05,8,700,706548,3.178
random,gnp2000_8,2000,8,128,0.05,8,1000,706512,4.525
random,gnp2000_8,2000,8,128,0.05,9,1,709503,0.01
random,gnp2000_8,2000,8,128,0.05,9,2,708807,0.016
random,gnp2000_8,2000,8,128,0.05,9,3,708413,0.021
random,gnp2000_8,2000,8,128,0.05,9,5,708055,0.032
random,gnp2000_8,2000,8,128,0.05,9,7,707897,0.042
random,gnp2000_8,2000,8,128,0.05,9,10,707567,0.056
random,gnp2000_8,2000,8,128,0.05,9,15,707305,0.08
random,gnp2000_8,2000,8,128,0.05,9,20,707179,0.104
random,gnp2000_8,2000,8,128,0.05,9,30,706981,0.151
random,gnp2000_8,2000,8,128,0.05,9,50,706777,0.243
random,gnp2000_8,2000,8,128,0.05,9,70,706595,0.333
random,gnp2000_8,2000,8,128,0.05,9,100,706530,0.469
random,gnp2000_8,2000,8,128,0.05,9,150,706520,0.694
random,gnp2000_8,2000,8,128,0.05,9,200,706520,0.919
random,gnp2000_8,2000,8,128,0.05,9,300,706520,1.368
random,gnp2000_8,2000,8,128,0.05,9,500,706520,2.268
random,gnp2000_8,2000,8,128,0.05,9,700,706520,3.167
random,gnp2000_8,2000,8,128,0.05,9,1000,706520,4.519
random,gnp2000_8,2000,3,1024,0.25,2,1,850039,0.025
random,gnp2000_8,2000,3,1024,0.25,2,2,849623,0.043
random,gnp2000_8,2000,3,1024,0.25,2,3,849180,0.061
random,gnp2000_8,2000,3,1024,0.25,2,5,848906,0.096
random,gnp2000_8,2000,3,1024,0.25,2,7,848704,0.132
random,gnp2000_8,2000,3,1024,0.25,2,10,848253,0.184
random,gnp2000_8,2000,3,1024,0.25,2,15,848098,0.271
random,gnp2000_8,2000,3,1024,0.25,2,20,847912,0.359
random,gnp2000_8,2000,3,1024,0.25,2,30,847855,0.534
random,gnp2000_8,2000,3,1024,0.25,2,50,847656,0.882
random,gnp2000_8,2000,3,1024,0.25,2,70,847614,1.232
random,gnp2000_8,2000,3,1024,0.25,2,100,847499,1.756
random,gnp2000_8,2000,3,1024,0.25,2,150,847498,2.631
random,gnp2000_8,2000,3,1024,0.25,2,200,847498,3.506
random,gnp2000_8,2000,3,1024,0.25,2,300,847498,5.281
random,gnp2000_8,2000,3,1024,0.25,3,1,850014,0.027
random,gnp2000_8,2000,3,1024,0.25,3,2,849544,0.048
random,gnp2000_8,2000,3,1024,0.25,3,3,849458,0.068
random,gnp2000_8,2000,3,1024,0.25,3,5,849066,0.107
random,gnp2000_8,2000,3,1024,0.25,3,7,848690,0.147
random,gnp2000_8,2000,3,1024,0.25,3,10,848300,0.206
random,gnp2000_8,2000,3,1024,0.25,3,15,848116,0.302
random,gnp2000_8,2000,3,1024,0.25,3,20,848032,0.399
random,gnp2000_8,2000,3,1024,0.25,3,30,847912,0.593
random,gnp2000_8,2000,3,1024,0.25,3,50,847800,0.955
random,gnp2000_8,2000,3,1024,0.25,3,70,847606,1.304
random,gnp2000_8,2000,3,1024,0.25,3,100,847580,1.826
random,gnp2000_8,2000,3,1024,0.25,3,150,847580,2.693
random,gnp2000_8,2000,3,1024,0.25,3,200,847556,3.562
random,gnp2000_8,2000,3,1024,0.25,3,300,847540,5.304
random,gnp2000_8,2000,3,1024,0.25,4,1,850057,0.024
random,gnp2000_8,2000,3,1024,0.25,4,2,849593,0.043
random,gnp2000_8,2000,3,1024,0.25,4,3,849421,0.061
random,gnp2000_8,2000,3,1024,0.25,4,5,848970,0.096
random,gnp2000_8,2000,3,1024,0.25,4,7,848482,0.131
random,gnp2000_8,2000,3,1024,0.25,4,10,848482,0.184
random,gnp2000_8,2000,3,1024,0.25,4,15,848264,0.271
random,gnp2000_8,2000,3,1024,0.25,4,20,848084,0.359
random,gnp2000_8,2000,3,1024,0.25,4,30,847964,0.533
random,gnp2000_8,2000,3,1024,0.25,4,50,847574,0.882
random,gnp2000_8,2000,3,1024,0.25,4,70,847574,1.229
random,gnp2000_8,2000,3,1024,0.25,4,100,847544,1.749
random,gnp2000_8,2000,3,1024,0.25,4,150,847534,2.619
random,gnp2000_8,2000,3,1024,0.25,4,200,847438,3.488
random,gnp2000_8,2000,3,1024,0.25,4,300,847438,5.226
random,gnp2000_8,2000,3,1024,0.25,5,1,850154,0.024
random,gnp2000_8,2000,3,1024,0.25,5,2,849634,0.042
random,gnp2000_8,2000,3,1024,0.25,5,3,849268,0.06
random,gnp2000_8,2000,3,1024,0.25,5,5,849050,0.096
random,gnp2000_8,2000,3,1024,0.25,5,7,848600,0.131
random,gnp2000_8,2000,3,1024,0.25,5,10,848567,0.184
random,gnp2000_8,2000,3,1024,0.25,5,15,848246,0.271
random,gnp2000_8,2000,3,1024,0.25,5,20,848116,0.358
random,gnp2000_8,2000,3,1024,0.25,5,30,847997,0.532
random,gnp2000_8,2000,3,1024,0.25,5,50,847767,0.88
random,gnp2000_8,2000,3,1024,0.25,5,70,847684,1.228
random,gnp2000_8,2000,3,1024,0.25,5,100,847654,1.751
random,gnp2000_8,2000,3,1024,0.25,5,150,847580,2.622
random,gnp2000_8,2000,3,1024,0.25,5,200,847580,3.492
random,gnp2000_8,2000,3,1024,0.25,5,300,847574,5.233
random,gnp2000_8,2000,3,1024,0.25,6,1,849932,0.024
random,gnp2000_8,2000,3,1024,0.25,6,2,849476,0.043
random,gnp2000_8,2000,3,1024,0.25,6,3,849454,0.061
random,gnp2000_8,2000,3,1024,0.25,6,5,848948,0.097
random,gnp2000_8,2000,3,1024,0.25,6,7,848718,0.132
random,gnp2000_8,2000,3,1024,0.25,6,10,848448,0.184
random,gnp2000_8,2000,3,1024,0.25,6,15,848130,0.271
random,gnp2000_8,2000,3,1024,0.25,6,20,847932,0.36
random,gnp2000_8,2000,3,1024,0.25,6,30,847856,0.533
random,gnp2000_8,2000,3,1024,0.25,6,50,847708,0.881
random,gnp2000_8,2000,3,1024,0.25,6,70,847648,1.23
random,gnp2000_8,2000,3,1024,0.25,6,100,847614,1.753
random,gnp2000_8,2000,3,1024,0.25,6,150,847614,2.626
random,gnp2000_8,2000,3,1024,0.25,6,200,847608,3.499
random,gnp2000_8,2000,3,1024,0.25,6,300,847566,5.245
random,gnp2000_8,2000,3,1024,0.25,7,1,850006,0.024
random,gnp2000_8,2000,3,1024,0.25,7,2,849452,0.042
random,gnp2000_8,2000,3,1024,0.25,7,3,849306,0.06
random,gnp2000_8,2000,3,1024,0.25,7,5,848771,0.096
random,gnp2000_8,2000,3,1024,0.25,7,7,848684,0.132
random,gnp2000_8,2000,3,1024,0.25,7,10,848548,0.184
random,gnp2000_8,2000,3,1024,0.25,7,15,848274,0.271
random,gnp2000_8,2000,3,1024,0.25,7,20,848126,0.358
random,gnp2000_8,2000,3,1024,0.25,7,30,848036,0.532
random,gnp2000_8,2000,3,1024,0.25,7,50,847792,0.881
random,gnp2000_8,2000,3,1024,0.25,7,70,847670,1.228
random,gnp2000_8,2000,3,1024,0.25,7,100,847546,1.749
random,gnp2000_8,2000,3,1024,0.25,7,150,847537,2.62
random,gnp2000_8,2000,3,1024,0.25,7,200,847460,3.489
random,gnp2000_8,2000,3,1024,0.25,7,300,847460,5.228
random,gnp2000_8,2000,3,1024,0.25,8,1,850212,0.024
random,gnp2000_8,2000,3,1024,0.25,8,2,849600,0.043
random,gnp2000_8,2000,3,1024,0.25,8,3,849434,0.061
random,gnp2000_8,2000,3,1024,0.25,8,5,849026,0.096
random,gnp2000_8,2000,3,1024,0.25,8,7,848670,0.131
random,gnp2000_8,2000,3,1024,0.25,8,10,848322,0.183
random,gnp2000_8,2000,3,1024,0.25,8,15,848206,0.27
random,gnp2000_8,2000,3,1024,0.25,8,20,848099,0.357
random,gnp2000_8,2000,3,1024,0.25,8,30,847886,0.533
random,gnp2000_8,2000,3,1024,0.25,8,50,847630,0.879
random,gnp2000_8,2000,3,1024,0.25,8,70,847470,1.227
random,gnp2000_8,2000,3,1024,0.25,8,100,847470,1.749
random,gnp2000_8,2000,3,1024,0.25,8,150,847470,2.617
random,gnp2000_8,2000,3,1024,0.25,8,200,847457,3.488
random,gnp2000_8,2000,3,1024,0.25,8,300,847457,5.228
random,gnp2000_8,2000,3,1024,0.25,9,1,849997,0.025
random,gnp2000_8,2000,3,1024,0.25,9,2,849502,0.043
random,gnp2000_8,2000,3,1024,0.25,9,3,849180,0.061
random,gnp2000_8,2000,3,1024,0.25,9,5,848696,0.096
random,gnp2000_8,2000,3,1024,0.25,9,7,848610,0.131
random,gnp2000_8,2000,3,1024,0.25,9,10,848486,0.185
random,gnp2000_8,2000,3,1024,0.25,9,15,848162,0.273
random,gnp2000_8,2000,3,1024,0.25,9,20,847884,0.36
random,gnp2000_8,2000,3,1024,0.25,9,30,847732,0.534
random,gnp2000_8,2000,3,1024,0.25,9,50,847483,0.882
random,gnp2000_8,2000,3,1024,0.25,9,70,847483,1.23
random,gnp2000_8,2000,3,1024,0.25,9,100,847483,1.752
random,gnp2000_8,2000,3,1024,0.25,9,150,847483,2.623
random,gnp2000_8,2000,3,1024,0.25,9,200,847432,3.495
random,gnp2000_8,2000,3,1024,0.25,9,300,847432,5.237
real,cora,2708,7,128,0,2,1,519597,0.01
real,cora,2708,7,128,0,2,2,519451,0.016
real,cora,2708,7,128,0,2,3,519297,0.022
real,cora,2708,7,128,0,2,5,519083,0.034
real,cora,2708,7,128,0,2,7,519003,0.046
real,cora,2708,7,128,0,2,10,518883,0.064
real,cora,2708,7,128,0,2,15,518743,0.093
real,cora,2708,7,128,0,2,20,518685,0.122
real,cora,2708,7,128,0,2,30,518625,0.181
real,cora,2708,7,128,0,2,50,518583,0.298
real,cora,2708,7,128,0,2,70,518525,0.415
real,cora,2708,7,128,0,2,100,518485,0.591
real,cora,2708,7,128,0,2,150,518418,0.885
real,cora,2708,7,128,0,2,200,518411,1.178
real,cora,2708,7,128,0,2,300,518411,1.764
real,cora,2708,7,128,0,3,1,519723,0.01
real,cora,2708,7,128,0,3,2,519403,0.016
real,cora,2708,7,128,0,3,3,519283,0.022
real,cora,2708,7,128,0,3,5,519083,0.034
real,cora,2708,7,128,0,3,7,518925,0.046
real,cora,2708,7,128,0,3,10,518831,0.064
real,cora,2708,7,128,0,3,15,518755,0.093
real,cora,2708,7,128,0,3,20,518667,0.123
real,cora,2708,7,128,0,3,30,518591,0.181
real,cora,2708,7,128,0,3,50,518461,0.298
real,cora,2708,7,128,0,3,70,518424,0.416
real,cora,2708,7,128,0,3,100,518389,0.592
real,cora,2708,7,128,0,3,150,518353,0.885
real,cora,2708,7,128,0,3,200,518353,1.179
real,cora,2708,7,128,0,3,300,518317,1.767
real,cora,2708,7,128,0,4,1,519619,0.01
real,cora,2708,7,128,0,4,2,519341,0.016
real,cora,2708,7,128,0,4,3,519171,0.022
real,cora,2708,7,128,0,4,5,519129,0.034
real,cora,2708,7,128,0,4,7,518991,0.046
real,cora,2708,7,128,0,4,10,518907,0.063
real,cora,2708,7,128,0,4,15,518778,0.093
real,cora,2708,7,128,0,4,20,518691,0.123
real,cora,2708,7,128,0,4,30,518625,0.182
real,cora,2708,7,128,0,4,50,518515,0.299
real,cora,2708,7,128,0,4,70,518429,0.416
real,cora,2708,7,128,0,4,100,518393,0.591
real,cora,2708,7,128,0,4,150,518373,0.886
real,cora,2708,7,128,0,4,200,518335,1.18
real,cora,2708,7,128,0,4,300,518330,1.768
real,cora,2708,7,128,0,5,1,519703,0.01
real,cora,2708,7,128,0,5,2,519445,0.017
real,cora,2708,7,128,0,5,3,519301,0.022
real,cora,2708,7,128,0,5,5,519026,0.034
real,cora,2708,7,128,0,5,7,518925,0.046
real,cora,2708,7,128,0,5,10,518815,0.064
real,cora,2708,7,128,0,5,15,518667,0.093
real,cora,2708,7,128,0,5,20,518603,0.122
real,cora,2708,7,128,0,5,30,518529,0.181
real,cora,2708,7,128,0,5,50,518453,0.298
real,cora,2708,7,128,0,5,70,518437,0.417
real,cora,2708,7,128,0,5,100,518431,0.592
real,cora,2708,7,128,0,5,150,518418,0.885
real,cora,2708,7,128,0,5,200,518392,1.177
real,cora,2708,7,128,0,5,300,518355,1.764
real,cora,2708,7,128,0.1,2,1,519597,0.01
real,cora,2708,7,128,0.1,2,2,519443,0.016
real,cora,2708,7,128,0.1,2,3,519277,0.022
real,cora,2708,7,128,0.1,2,5,519083,0.034
real,cora,2708,7,128,0.1,2,7,518923,0.046
real,cora,2708,7,128,0.1,2,10,518798,0.064
real,cora,2708,7,128,0.1,2,15,518669,0.093
real,cora,2708,7,128,0.1,2,20,518575,0.123
real,cora,2708,7,128,0.1,2,30,518514,0.182
real,cora,2708,7,128,0.1,2,50,518430,0.3
real,cora,2708,7,128,0.1,2,70,518394,0.418
real,cora,2708,7,128,0.1,2,100,518361,0.594
real,cora,2708,7,128,0.1,2,150,518359,0.888
real,cora,2708,7,128,0.1,2,200,518359,1.183
real,cora,2708,7,128,0.1,2,300,518349,1.773
real,cora,2708,7,128,0.1,3,1,519723,0.01
real,cora,2708,7,128,0.1,3,2,519403,0.017
real,cora,2708,7,128,0.1,3,3,519269,0.022
real,cora,2708,7,128,0.1,3,5,519050,0.034
real,cora,2708,7,128,0.1,3,7,518885,0.046
real,cora,2708,7,128,0.1,3,10,518812,0.064
real,cora,2708,7,128,0.1,3,15,518691,0.094
real,cora,2708,7,128,0.1,3,20,518615,0.123
real,cora,2708,7,128,0.1,3,30,518457,0.182
real,cora,2708,7,128,0.1,3,50,518369,0.299
real,cora,2708,7,128,0.1,3,70,518339,0.418
real,cora,2708,7,128,0.1,3,100,518324,0.595
real,cora,2708,7,128,0.1,3,150,518314,0.888
real,cora,2708,7,128,0.1,3,200,518291,1.183
real,cora,2708,7,128,0.1,3,300,518291,1.772
real,cora,2708,7,128,0.1,4,1,519619,0.01
real,cora,2708,7,128,0.1,4,2,519317,0.016
real,cora,2708,7,128,0.1,4,3,519103,0.022
real,cora,2708,7,128,0.1,4,5,518919,0.034
real,cora,2708,7,128,0.1,4,7,518789,0.046
real,cora,2708,7,128,0.1,4,10,518643,0.064
real,cora,2708,7,128,0.1,4,15,518558,0.093
real,cora,2708,7,128,0.1,4,20,518501,0.122
real,cora,2708,7,128,0.1,4,30,518425,0.182
real,cora,2708,7,128,0.1,4,50,518367,0.3
real,cora,2708,7,128,0.1,4,70,518349,0.417
real,cora,2708,7,128,0.1,4,100,518312,0.594
real,cora,2708,7,128,0.1,4,150,518285,0.889
real,cora,2708,7,128,0.1,4,200,518284,1.184
real,cora,2708,7,128,0.1,4,300,518277,1.82
real,cora,2708,7,128,0.1,5,1,519703,0.012
real,cora,2708,7,128,0.1,5,2,519445,0.018
real,cora,2708,7,128,0.1,5,3,519288,0.025
real,cora,2708,7,128,0.1,5,5,519026,0.038
real,cora,2708,7,128,0.1,5,7,518915,0.05
real,cora,2708,7,128,0.1,5,10,518737,0.07
real,cora,2708,7,128,0.1,5,15,518609,0.103
real,cora,2708,7,128,0.1,5,20,518581,0.135
real,cora,2708,7,128,0.1,5,30,518461,0.2
real,cora,2708,7,128,0.1,5,50,518393,0.33
real,cora,2708,7,128,0.1,5,70,518365,0.46
real,cora,2708,7,128,0.1,5,100,518349,0.643
real,cora,2708,7,128,0.1,5,150,518322,0.939
real,cora,2708,7,128,0.1,5,200,518321,1.233
real,cora,2708,7,128,0.1,5,300,518303,1.822
real,citeseer,3312,6,128,0,2,1,909366,0.012
real,citeseer,3312,6,128,0,2,2,909182,0.019
real,citeseer,3312,6,128,0,2,3,909100,0.027
real,citeseer,3312,6,128,0,2,5,908964,0.042
real,citeseer,3312,6,128,0,2,7,908930,0.056
real,citeseer,3312,6,128,0,2,10,908904,0.079
real,citeseer,3312,6,128,0,2,15,908864,0.115
real,citeseer,3312,6,128,0,2,20,908842,0.152
real,citeseer,3312,6,128,0,2,30,908830,0.226
real,citeseer,3312,6,128,0,2,50,908782,0.373
real,citeseer,3312,6,128,0,2,70,908700,0.521
real,citeseer,3312,6,128,0,2,100,908700,0.742
real,citeseer,3312,6,128,0,2,150,908700,1.11
real,citeseer,3312,6,128,0,2,200,908670,1.478
real,citeseer,3312,6,128,0,2,300,908644,2.214
real,citeseer,3312,6,128,0,3,1,909318,0.012
real,citeseer,3312,6,128,0,3,2,909126,0.019
real,citeseer,3312,6,128,0,3,3,909048,0.027
real,citeseer,3312,6,128,0,3,5,908955,0.042
real,citeseer,3312,6,128,0,3,7,908918,0.057
real,citeseer,3312,6,128,0,3,10,908914,0.079
real,citeseer,3312,6,128,0,3,15,908814,0.116
real,citeseer,3312,6,128,0,3,20,908798,0.152
real,citeseer,3312,6,128,0,3,30,908766,0.226
real,citeseer,3312,6,128,0,3,50,908698,0.374
real,citeseer,3312,6,128,0,3,70,908658,0.521
real,citeseer,3312,6,128,0,3,100,908658,0.741
real,citeseer,3312,6,128,0,3,150,908658,1.11
real,citeseer,3312,6,128,0,3,200,908638,1.479
real,citeseer,3312,6,128,0,3,300,908638,2.217
real,citeseer,3312,6,128,0,4,1,909268,0.012
real,citeseer,3312,6,128,0,4,2,909164,0.02
real,citeseer,3312,6,128,0,4,3,909074,0.027
real,citeseer,3312,6,128,0,4,5,908966,0.043
real,citeseer,3312,6,128,0,4,7,908906,0.057
real,citeseer,3312,6,128,0,4,10,908872,0.079
real,citeseer,3312,6,128,0,4,15,908830,0.117
real,citeseer,3312,6,128,0,4,20,908794,0.153
real,citeseer,3312,6,128,0,4,30,908748,0.227
real,citeseer,3312,6,128,0,4,50,908748,0.374
real,citeseer,3312,6,128,0,4,70,908659,0.521
real,citeseer,3312,6,128,0,4,100,908659,0.743
real,citeseer,3312,6,128,0,4,150,908630,1.114
real,citeseer,3312,6,128,0,4,200,908612,1.484
real,citeseer,3312,6,128,0,4,300,908580,2.226
real,citeseer,3312,6,128,0,5,1,909280,0.012
real,citeseer,3312,6,128,0,5,2,909134,0.019
real,citeseer,3312,6,128,0,5,3,909050,0.027
real,citeseer,3312,6,128,0,5,5,908926,0.042
real,citeseer,3312,6,128,0,5,7,908926,0.056
real,citeseer,3312,6,128,0,5,10,908876,0.079
real,citeseer,3312,6,128,0,5,15,908864,0.115
real,citeseer,3312,6,128,0,5,20,908828,0.152
real,citeseer,3312,6,128,0,5,30,908746,0.226
real,citeseer,3312,6,128,0,5,50,908730,0.374
real,citeseer,3312,6,128,0,5,70,908688,0.522
real,citeseer,3312,6,128,0,5,100,908640,0.743
real,citeseer,3312,6,128,0,5,150,908621,1.113
real,citeseer,3312,6,128,0,5,200,908604,1.484
real,citeseer,3312,6,128,0,5,300,908566,2.226
real,citeseer,3312,6,128,0.1,2,1,909366,0.012
real,citeseer,3312,6,128,0.1,2,2,909182,0.019
real,citeseer,3312,6,128,0.1,2,3,909098,0.027
real,citeseer,3312,6,128,0.1,2,5,908966,0.042
real,citeseer,3312,6,128,0.1,2,7,908888,0.056
real,citeseer,3312,6,128,0.1,2,10,908855,0.079
real,citeseer,3312,6,128,0.1,2,15,908784,0.116
real,citeseer,3312,6,128,0.1,2,20,908710,0.152
real,citeseer,3312,6,128,0.1,2,30,908674,0.227
real,citeseer,3312,6,128,0.1,2,50,908598,0.375
real,citeseer,3312,6,128,0.1,2,70,908576,0.524
real,citeseer,3312,6,128,0.1,2,100,908562,0.747
real,citeseer,3312,6,128,0.1,2,150,908562,1.119
real,citeseer,3312,6,128,0.1,2,200,908562,1.491
real,citeseer,3312,6,128,0.1,2,300,908540,2.235
real,citeseer,3312,6,128,0.1,3,1,909318,0.012
real,citeseer,3312,6,128,0.1,3,2,909126,0.02
real,citeseer,3312,6,128,0.1,3,3,909048,0.027
real,citeseer,3312,6,128,0.1,3,5,908955,0.042
real,citeseer,3312,6,128,0.1,3,7,908888,0.057
real,citeseer,3312,6,128,0.1,3,10,908792,0.079
real,citeseer,3312,6,128,0.1,3,15,908792,0.116
real,citeseer,3312,6,128,0.1,3,20,908740,0.154
real,citeseer,3312,6,128,0.1,3,30,908704,0.228
real,citeseer,3312,6,128,0.1,3,50,908646,0.376
real,citeseer,3312,6,128,0.1,3,70,908634,0.524
real,citeseer,3312,6,128,0.1,3,100,908582,0.746
real,citeseer,3312,6,128,0.1,3,150,908582,1.115
real,citeseer,3312,6,128,0.1,3,200,908582,1.486
real,citeseer,3312,6,128,0.1,3,300,908582,2.227
real,citeseer,3312,6,128,0.1,4,1,909268,0.012
real,citeseer,3312,6,128,0.1,4,2,909128,0.02
real,citeseer,3312,6,128,0.1,4,3,909074,0.027
real,citeseer,3312,6,128,0.1,4,5,908926,0.042
real,citeseer,3312,6,128,0.1,4,7,908818,0.057
real,citeseer,3312,6,128,0.1,4,10,908754,0.079
real,citeseer,3312,6,128,0.1,4,15,908696,0.116
real,citeseer,3312,6,128,0.1,4,20,908682,0.153
real,citeseer,3312,6,128,0.1,4,30,908652,0.227
real,citeseer,3312,6,128,0.1,4,50,908618,0.375
real,citeseer,3312,6,128,0.1,4,70,908618,0.525
real,citeseer,3312,6,128,0.1,4,100,908572,0.747
real,citeseer,3312,6,128,0.1,4,150,908526,1.12
real,citeseer,3312,6,128,0.1,4,200,908526,1.492
real,citeseer,3312,6,128,0.1,4,300,908526,2.237
real,citeseer,3312,6,128,0.1,5,1,909280,0.012
real,citeseer,3312,6,128,0.1,5,2,909134,0.019
real,citeseer,3312,6,128,0.1,5,3,909030,0.027
real,citeseer,3312,6,128,0.1,5,5,908926,0.042
real,citeseer,3312,6,128,0.1,5,7,908850,0.056
real,citeseer,3312,6,128,0.1,5,10,908818,0.079
real,citeseer,3312,6,128,0.1,5,15,908764,0.116
real,citeseer,3312,6,128,0.1,5,20,908754,0.152
real,citeseer,3312,6,128,0.1,5,30,908750,0.227
real,citeseer,3312,6,128,0.1,5,50,908648,0.375
real,citeseer,3312,6,128,0.1,5,70,908648,0.522
real,citeseer,3312,6,128,0.1,5,100,908624,0.745
real,citeseer,3312,6,128,0.1,5,150,908620,1.114
real,citeseer,3312,6,128,0.1,5,200,908580,1.484
real,citeseer,3312,6,128,0.1,5,300,908580,2.224
real,amazon_photo,7650,8,128,0,2,1,3568324,0.149
real,amazon_photo,7650,8,128,0,2,2,3568231,0.216
real,amazon_photo,7650,8,128,0,2,3,3568017,0.283
real,amazon_photo,7650,8,128,0,2,5,3567982,0.416
real,amazon_photo,7650,8,128,0,2,7,3567911,0.549
real,amazon_photo,7650,8,128,0,2,10,3567911,0.747
real,amazon_photo,7650,8,128,0,2,15,3567889,1.076
real,amazon_photo,7650,8,128,0,2,20,3567248,1.406
real,amazon_photo,7650,8,128,0,2,30,3567125,2.063
real,amazon_photo,7650,8,128,0,2,50,3567103,3.378
real,amazon_photo,7650,8,128,0,2,70,3567087,4.695
real,amazon_photo,7650,8,128,0,2,100,3567087,6.666
real,amazon_photo,7650,8,128,0,3,1,3568687,0.149
real,amazon_photo,7650,8,128,0,3,2,3568594,0.216
real,amazon_photo,7650,8,128,0,3,3,3568512,0.282
real,amazon_photo,7650,8,128,0,3,5,3568454,0.417
real,amazon_photo,7650,8,128,0,3,7,3568264,0.55
real,amazon_photo,7650,8,128,0,3,10,3567712,0.749
real,amazon_photo,7650,8,128,0,3,15,3567666,1.082
real,amazon_photo,7650,8,128,0,3,20,3567639,1.415
real,amazon_photo,7650,8,128,0,3,30,3567639,2.08
real,amazon_photo,7650,8,128,0,3,50,3567605,3.412
real,amazon_photo,7650,8,128,0,3,70,3567314,4.742
real,amazon_photo,7650,8,128,0,3,100,3567200,6.74
real,amazon_photo,7650,8,128,0,4,1,3569242,0.151
real,amazon_photo,7650,8,128,0,4,2,3569214,0.219
real,amazon_photo,7650,8,128,0,4,3,3569150,0.287
real,amazon_photo,7650,8,128,0,4,5,3568952,0.422
real,amazon_photo,7650,8,128,0,4,7,3568952,0.555
real,amazon_photo,7650,8,128,0,4,10,3568952,0.755
real,amazon_photo,7650,8,128,0,4,15,3568337,1.087
real,amazon_photo,7650,8,128,0,4,20,3568337,1.417
real,amazon_photo,7650,8,128,0,4,30,3568264,2.077
real,amazon_photo,7650,8,128,0,4,50,3568193,3.398
real,amazon_photo,7650,8,128,0,4,70,3567911,4.716
real,amazon_photo,7650,8,128,0,4,100,3567911,6.695
real,amazon_photo,7650,8,128,0,5,1,3569082,0.162
real,amazon_photo,7650,8,128,0,5,2,3569043,0.229
real,amazon_photo,7650,8,128,0,5,3,3569043,0.301
real,amazon_photo,7650,8,128,0,5,5,3569043,0.436
real,amazon_photo,7650,8,128,0,5,7,3569043,0.57
real,amazon_photo,7650,8,128,0,5,10,3569043,0.768
real,amazon_photo,7650,8,128,0,5,15,3569043,1.103
real,amazon_photo,7650,8,128,0,5,20,3569043,1.435
real,amazon_photo,7650,8,128,0,5,30,3569043,2.095
real,amazon_photo,7650,8,128,0,5,50,3569043,3.414
real,amazon_photo,7650,8,128,0,5,70,3569043,4.83
real,amazon_photo,7650,8,128,0,5,100,3569043,6.805
real,amazon_photo,7650,8,128,0.1,2,1,3568324,0.149
real,amazon_photo,7650,8,128,0.1,2,2,3568189,0.216
real,amazon_photo,7650,8,128,0.1,2,3,3568017,0.283
real,amazon_photo,7650,8,128,0.1,2,5,3567953,0.417
real,amazon_photo,7650,8,128,0.1,2,7,3567284,0.55
real,amazon_photo,7650,8,128,0.1,2,10,3567259,0.749
real,amazon_photo,7650,8,128,0.1,2,15,3567210,1.077
real,amazon_photo,7650,8,128,0.1,2,20,3567145,1.409
real,amazon_photo,7650,8,128,0.1,2,30,3567062,2.067
real,amazon_photo,7650,8,128,0.1,2,50,3567030,3.382
real,amazon_photo,7650,8,128,0.1,2,70,3567002,4.698
real,amazon_photo,7650,8,128,0.1,2,100,3566999,6.672
real,amazon_photo,7650,8,128,0.1,3,1,3568687,0.148
real,amazon_photo,7650,8,128,0.1,3,2,3568594,0.215
real,amazon_photo,7650,8,128,0.1,3,3,3568437,0.282
real,amazon_photo,7650,8,128,0.1,3,5,3568368,0.416
real,amazon_photo,7650,8,128,0.1,3,7,3568220,0.55
real,amazon_photo,7650,8,128,0.1,3,10,3567860,0.75
real,amazon_photo,7650,8,128,0.1,3,15,3567660,1.086
real,amazon_photo,7650,8,128,0.1,3,20,3567614,1.421
real,amazon_photo,7650,8,128,0.1,3,30,3567197,2.083
real,amazon_photo,7650,8,128,0.1,3,50,3567126,3.408
real,amazon_photo,7650,8,128,0.1,3,70,3567120,4.732
real,amazon_photo,7650,8,128,0.1,3,100,3566972,6.72
real,amazon_photo,7650,8,128,0.1,4,1,3569242,0.15
real,amazon_photo,7650,8,128,0.1,4,2,3569198,0.217
real,amazon_photo,7650,8,128,0.1,4,3,3569111,0.286
real,amazon_photo,7650,8,128,0.1,4,5,3568963,0.417
real,amazon_photo,7650,8,128,0.1,4,7,3568908,0.549
real,amazon_photo,7650,8,128,0.1,4,10,3568839,0.747
real,amazon_photo,7650,8,128,0.1,4,15,3568258,1.079
real,amazon_photo,7650,8,128,0.1,4,20,3567967,1.412
real,amazon_photo,7650,8,128,0.1,4,30,3567921,2.073
real,amazon_photo,7650,8,128,0.1,4,50,3567899,3.394
real,amazon_photo,7650,8,128,0.1,4,70,3567899,4.718
real,amazon_photo,7650,8,128,0.1,4,100,3567460,6.702
real,amazon_photo,7650,8,128,0.1,5,1,3569082,0.163
real,amazon_photo,7650,8,128,0.1,5,2,3569043,0.23
real,amazon_photo,7650,8,128,0.1,5,3,3569039,0.302
real,amazon_photo,7650,8,128,0.1,5,5,3568961,0.434
real,amazon_photo,7650,8,128,0.1,5,7,3568462,0.566
real,amazon_photo,7650,8,128,0.1,5,10,3568411,0.765
real,amazon_photo,7650,8,128,0.1,5,15,3568349,1.097
real,amazon_photo,7650,8,128,0.1,5,20,3568048,1.426
real,amazon_photo,7650,8,128,0.1,5,30,3567531,2.088
real,amazon_photo,7650,8,128,0.1,5,50,3567186,3.411
real,amazon_photo,7650,8,128,0.1,5,70,3567185,4.735
real,amazon_photo,7650,8,128,0.1,5,100,3567129,6.727
